date,TERM_SPREAD,CREDIT_SPREAD,INDPRO_YoY,CPI_YoY,UNRATE_Delta,hmm_state,prob_state_0,prob_state_1,prob_state_2
1971-01-31,1.7999999999999998,1.38,-1.1102388618285275,5.142521180743698,0.9000000000000004,2,2.396173962806191e-33,6.40233831218888e-22,1.0
1971-02-28,2.41,1.3100000000000005,-1.2351512137739995,4.616204176316252,0.8000000000000007,2,0.009187036145256865,0.0003061408125172991,0.9905068230422452
1971-03-31,2.3200000000000003,1.2500000000000009,-1.213541442335675,4.342955792733605,0.5999999999999996,2,0.2106133416272318,8.485101349755937e-05,0.7893018073594082
1971-04-30,1.9700000000000002,1.1999999999999993,-0.3960453674311193,4.071809301878471,0.40000000000000036,0,0.7965499462238652,1.2746586142092856e-05,0.20343730718983485
1971-05-31,2.25,1.089999999999999,0.22658929496190972,4.309919248185201,0.0,0,0.9735265943681627,1.6938026311587665e-06,0.02647171182908896
1971-06-30,1.7699999999999996,1.1100000000000003,0.9690866418436528,4.2881727483265575,-0.1999999999999993,0,0.9982480491756569,2.8897460058391273e-07,0.0017516618495708354
1971-07-31,1.33,1.12,0.4335064453178106,4.277381598328667,0.09999999999999964,0,0.999835602327181,1.4668402933132463e-07,0.00016425098879739944
1971-08-31,1.6399999999999997,1.17,0.029718155358082754,4.266644631890326,0.1999999999999993,0,0.9998901362737886,8.433162599478913e-09,0.00010985529297330347
1971-09-30,1.4499999999999993,1.1499999999999995,2.3334660604212853,4.000533461369926,0.0,0,0.9999955095541603,6.57802232225613e-11,4.490380056612494e-06
1971-10-31,1.4699999999999998,1.0900000000000007,5.1000942496335355,3.7364246744867824,-0.10000000000000053,0,0.9999999097831319,1.5377754463003315e-11,9.020145733553646e-08
1971-11-30,1.5899999999999999,1.120000000000001,6.130829626884982,3.4742948443873267,0.09999999999999964,0,0.9999999734172892,5.973931165693727e-11,2.6522922383751738e-08
1971-12-31,1.92,1.1300000000000008,5.008106040476301,3.2141209211797417,0.09999999999999964,0,0.9999999331057574,2.3559000258483675e-12,6.689168560568276e-08
1972-01-31,2.5700000000000003,1.04,6.604635377463097,3.2061932459662934,-0.20000000000000018,0,0.999999994850441,1.5640347359100032e-12,5.148131831193957e-09
1972-02-29,2.88,0.9600000000000009,7.799507093263092,3.6904556935450916,-0.39999999999999947,0,0.9999999960673449,4.980488799847771e-13,3.932274112645676e-09
1972-03-31,2.3400000000000003,1.0,8.597003305231388,3.4401426717332484,-0.20000000000000018,0,0.9999999993469828,5.797837092655278e-13,6.522300040539084e-10
1972-04-30,2.4800000000000004,0.9400000000000004,9.032563050542608,3.431709292412899,-0.09999999999999964,0,0.9999999994142854,5.851870559145021e-13,5.853401253882222e-10
1972-05-31,2.44,0.9300000000000006,8.5404144561823,3.1748698314580714,-0.2999999999999998,0,0.9999999996025508,6.221727993407496e-13,3.970173781174207e-10
1972-06-30,2.2,0.9699999999999989,8.386340662479341,2.919915469226275,-0.2999999999999998,0,0.9999999997630766,2.1025022920526222e-11,2.1603828035635142e-10
1972-07-31,2.1300000000000003,1.0200000000000005,8.565054333457311,2.9128272923023335,-0.20000000000000018,0,0.9999999986598596,1.1766886730680444e-09,1.634146252880987e-10
1972-08-31,2.1900000000000004,0.9999999999999991,10.531010714992073,2.9057734479542408,-0.10000000000000053,0,0.9999999480869532,5.189837908086332e-08,1.4500418508310985e-11
1972-09-30,1.8899999999999997,0.8700000000000001,9.713686874238459,3.136565927821966,-0.2999999999999998,0,0.9999994361502784,5.637702267755119e-07,7.932209675818159e-11
1972-10-31,1.7400000000000002,0.8500000000000005,10.2299794303097,3.1290157993210332,-0.10000000000000053,0,0.9999879583890247,1.2041542635826091e-05,6.848586903327598e-11
1972-11-30,1.5,0.8700000000000001,10.982004711365967,3.3576295533604306,-0.40000000000000036,0,0.9998601492536672,0.00013985072822700621,1.8022356358570558e-11
1972-12-31,1.29,0.8499999999999996,10.942153806128596,3.3495954428182095,-0.5,0,0.9988182623351542,0.0011817376408474263,2.3927087458878775e-11
1973-01-31,1.0499999999999998,0.75,9.299791108070243,3.5760663879098153,-0.6999999999999993,0,0.9915400200090443,0.008459975708668636,4.2824639416230515e-09
1973-02-28,1.04,0.75,9.715173638924135,3.791923486229365,-0.5999999999999996,0,0.9417411458790911,0.058258840435543635,1.3685222938684421e-08
1973-03-31,0.6200000000000001,0.7399999999999993,9.07476861106069,4.717856027509049,-0.5999999999999996,0,0.655838281035631,0.3441610629121759,6.560520212691712e-07
1973-04-30,0.41000000000000014,0.8300000000000001,7.9318635760225575,5.165467486489206,-0.5999999999999996,1,0.3147334447508849,0.6852628986580821,3.6565910669840522e-06
1973-05-31,0.4899999999999993,0.7700000000000005,8.597201193370063,5.381415281390778,-0.39999999999999947,1,0.11879799492961195,0.8812003629142844,1.642156268798418e-06
1973-06-30,-0.29000000000000004,0.7600000000000007,8.467509821923835,5.822366027889636,-0.2999999999999998,1,0.013271801352071873,0.9867278069050898,3.9174286420328574e-07
1973-07-31,-0.8799999999999999,0.79,8.934421052861552,5.582844955294197,-0.10000000000000053,1,0.0015983859084880213,0.9984016006100906,1.3481247482260142e-08
1973-08-31,-1.2699999999999996,0.8499999999999996,7.413986625303481,7.137666284222766,-0.20000000000000018,1,1.0942530568816347e-06,0.9999988855926701,2.0154263814684045e-08
1973-09-30,-1.1999999999999993,1.0000000000000009,7.415264235565866,7.1049346149850034,-0.10000000000000053,1,9.894564793869378e-10,0.9999999873211892,1.1689338528991508e-08
1973-10-31,-0.4299999999999997,0.8100000000000005,6.995460561277822,7.748749547837441,-0.40000000000000036,1,9.600377352370002e-14,0.9999996173128971,3.8268716947619784e-07
1973-11-30,-1.0999999999999996,0.75,6.273463849096617,7.931675482858713,-0.10000000000000053,1,2.654691345632154e-13,0.999999883366861,1.1663309336245051e-07
1973-12-31,-0.71,0.8000000000000007,4.87785143015298,8.563788516181692,0.0,1,5.54656860615629e-15,0.9999996890538142,3.109462867205537e-07
1974-01-31,-0.7799999999999994,0.6500000000000004,3.4963800407540546,9.168428268902229,0.2999999999999998,1,3.803759643251448e-16,0.9999996913007202,3.086993973730512e-07
1974-02-28,-0.16000000000000014,0.6799999999999997,1.7596113204684016,9.531017980432477,0.40000000000000036,1,2.512787806458162e-17,0.9999996698789436,3.301209001826337e-07
1974-03-31,-0.75,0.6099999999999994,1.7147928230222043,9.656619839105085,0.2999999999999998,1,6.0579006904057494e-18,0.9999999328883882,6.711141808674616e-08
1974-04-30,-0.8200000000000003,0.6199999999999992,1.5700926426701844,9.593407501017115,0.5,1,2.302328334280577e-18,0.9999999162655548,8.373427542033979e-08
1974-05-31,-0.6500000000000004,0.6800000000000015,1.6801778192784056,10.170921082532258,0.2999999999999998,1,7.19605954957523e-20,0.9999999815399863,1.846004478625125e-08
1974-06-30,-0.3600000000000003,0.7999999999999989,1.3689245663342398,10.309550902697406,0.5,1,1.1035063199690443e-20,0.9999999796532395,2.0346818556692554e-08
1974-07-31,0.2599999999999998,0.7599999999999998,1.2290316962713987,10.9199291964992,0.40000000000000036,1,2.4571996315895246e-22,0.9999999825126907,1.7487252274640564e-08
1974-08-31,-0.9200000000000017,0.7699999999999996,0.29821194689820807,10.335851298715326,0.2999999999999998,1,1.3857914539019452e-21,0.9999999986980583,1.3018172772608355e-09
1974-09-30,-0.02000000000000135,0.9399999999999995,-0.49813276041117405,11.285448945523413,0.8000000000000007,1,2.1361345811601043e-25,0.9999999995179678,4.82127106681007e-10
1974-10-31,0.4400000000000004,1.2100000000000009,-1.6132662553496768,11.191791620398517,0.9000000000000004,1,4.080907636007777e-26,0.9999999996189217,3.8109284229561455e-10
1974-11-30,0.20999999999999996,1.709999999999999,-5.414828652567927,11.511669060319107,1.5,1,8.895461534624269e-32,0.9999999999995453,4.5293802923157385e-13
1974-12-31,0.27999999999999936,1.7400000000000002,-8.802821954568829,11.417682907965476,1.7999999999999998,1,1.2539864112222265e-37,1.0,1.1064415861563589e-15
1975-01-31,1.2400000000000002,1.9800000000000004,-9.544258547972362,11.111316814727612,2.5999999999999996,1,2.14737763049286e-43,1.0,2.1104507842778302e-13
1975-02-28,1.8899999999999997,2.030000000000001,-11.547321675031563,10.620582424577707,2.5999999999999996,1,4.766144929251527e-43,1.0,3.0319952364574364e-14
1975-03-31,2.24,1.8100000000000005,-12.674891247129194,9.948555121480585,2.6999999999999993,1,5.443195765140713e-42,1.0,3.9929594521550475e-14
1975-04-30,2.62,1.6300000000000008,-12.149788016424168,9.700973644040634,2.8000000000000007,1,4.12045211230467e-41,0.9999999999995453,4.585307842515238e-13
1975-05-31,2.83,1.7899999999999991,-13.268281918293967,8.855339734144518,2.4000000000000004,1,6.152816151532105e-37,0.9999999999990905,7.47965846676581e-13
1975-06-30,2.5200000000000005,1.8499999999999996,-12.464395815886942,8.786135579133436,1.6000000000000005,1,4.032866443867055e-32,0.999999999998181,1.7657488982655804e-12
1975-07-31,1.9300000000000006,1.7100000000000009,-11.636841930516661,9.105996551563011,0.5,1,1.3303255249733003e-29,0.999999999998181,1.891435012501193e-12
1975-08-31,1.96,1.6400000000000006,-9.59032383830336,8.265990568812764,0.3000000000000007,1,1.9208403510784774e-25,0.9999999962756192,3.7242653334980274e-09
1975-09-30,2.01,1.6600000000000001,-8.307361347534492,7.608230645743941,-0.1999999999999993,1,5.34864744754689e-20,0.9999860288942808,1.3971105844696669e-05
1975-10-31,2.1800000000000006,1.7599999999999998,-7.595784936040673,7.368771579115885,-0.40000000000000036,1,8.715631958691479e-16,0.9891694653824913,0.010830534617328883
1975-11-30,2.5700000000000003,1.7800000000000011,-4.113214687326305,7.119110085859859,-0.6999999999999993,2,1.2744639429688316e-12,0.44667894274142717,0.5533210572571927
1975-12-31,2.5599999999999996,1.7700000000000014,0.9186439607008712,6.886441108469343,-0.6000000000000014,2,2.0776383632879613e-06,0.13286078823373793,0.8671371341280919
1976-01-31,2.87,1.8100000000000005,3.6315622858661634,6.477749831638757,-0.6999999999999993,2,0.011034437876259738,0.006489877707659177,0.982475684415884
1976-02-29,2.91,1.6899999999999995,6.927765316571666,6.0848260417389,-0.7000000000000002,0,0.9142726558207134,0.002207961148395266,0.08351938303098992
1976-03-31,2.7300000000000004,1.5999999999999996,8.267388698010913,5.884050002293373,-0.8000000000000007,0,0.99723375242069,0.001927363721858071,0.0008388838573299798
1976-04-30,2.6999999999999993,1.5399999999999991,8.529186398203459,5.684389897652897,-0.7000000000000002,0,0.9980685041407383,0.0019052946716663459,2.6201187462881107e-05
1976-05-31,2.7,1.2799999999999994,9.282616638467012,6.029223025611996,-0.9000000000000004,0,0.9980833717602147,0.0018947165975629525,2.191164233042078e-05
1976-06-30,2.45,1.2700000000000014,8.75787413904372,5.809255683174586,-0.5999999999999996,0,0.9980925518628783,0.0019035740079634935,3.874129110706507e-06
1976-07-31,2.5999999999999996,1.2599999999999998,8.283039241227153,5.4067221270275745,-0.10000000000000053,0,0.9980632687836287,0.0019360089711099975,7.222451058017689e-07
1976-08-31,2.63,1.1900000000000013,7.989483901283156,5.561971527509346,0.09999999999999964,0,0.9978954603308035,0.002102942397358373,1.5972716112109453e-06
1976-09-30,2.51,1.0199999999999996,7.051847605991934,5.348868495098635,0.0,0,0.9974868207399195,0.002511284515238536,1.8947450170533908e-06
1976-10-31,2.49,0.9699999999999989,6.582540484996802,5.320403606346513,0.0,0,0.9959861548425462,0.004010367396323758,3.47776101891444e-06
1976-11-30,2.54,0.9800000000000004,7.960958548891606,4.9392755329576765,0.39999999999999947,0,0.9908172312741877,0.009180543250277999,2.2254757144711954e-06
1976-12-31,2.5200000000000005,1.1399999999999988,7.6801505625000654,4.913268857764486,0.20000000000000018,0,0.9830370312835376,0.01696198027245584,9.884439296286627e-07
1977-01-31,2.59,1.12,5.667549418912854,5.066585744678598,-0.2999999999999998,0,0.9527187903383684,0.04725658775349987,2.4621907910858955e-05
1977-02-28,2.7199999999999998,1.08,6.259223380096524,5.904492584262666,-0.20000000000000018,0,0.7358606157630365,0.26389912103140667,0.00024026320567401157
1977-03-31,2.8600000000000003,1.0199999999999996,7.313135352627409,6.230388333615444,-0.1999999999999993,1,0.416054155714908,0.5836639502401725,0.00028189404470244106
1977-04-30,2.83,1.0300000000000011,7.774589009596244,6.720874969344948,-0.5,1,0.09849390457069804,0.9010222486785616,0.0004838467508539139
1977-05-31,2.5,0.9599999999999991,8.135791350621657,6.520319381076245,-0.7999999999999998,1,0.01078811867233122,0.9890931757671346,0.00011870556043309397
1977-06-30,2.2600000000000007,0.96,8.807835495939909,6.486915430308926,-0.5999999999999996,1,0.002337004353563047,0.9976514814458651,1.1514200596374538e-05
1977-07-31,2.1399999999999997,0.9299999999999988,8.367694620798938,6.453852113757108,-0.5999999999999996,1,0.00035579700313177656,0.9996326477280053,1.155526894204267e-05
1977-08-31,1.9100000000000001,0.8399999999999999,7.78101874193049,6.421124245685572,-0.5999999999999996,1,2.8357453179457485e-05,0.9999562569850802,1.538556172763256e-05
1977-09-30,1.5300000000000002,0.8800000000000008,7.847364279068936,6.22572752403201,-0.6000000000000005,1,3.3449842750575364e-06,0.9999904198416121,6.2351741725973e-06
1977-10-31,1.3599999999999994,0.8500000000000014,8.018859052641991,6.194448596052471,-0.40000000000000036,1,5.725275842327438e-07,0.9999955944537489,3.833018858340367e-06
1977-11-30,1.4800000000000004,0.8699999999999992,6.6898892520920406,6.496872118722585,-0.20000000000000018,1,5.869387058396169e-08,0.9999813946704352,1.8546635667810925e-05
1977-12-31,1.62,0.8000000000000007,5.793405832807341,6.464553595922595,-0.7999999999999998,1,2.573742756695115e-09,0.9999119623541468,8.803507191290127e-05
1978-01-31,1.5199999999999996,0.7599999999999998,5.012789322154276,6.592172080482417,-0.5,1,1.7734466159229507e-08,0.9998877272071601,0.00011225505846014219
1978-02-28,1.5799999999999992,0.7299999999999986,3.97944635007903,6.052542038785269,-0.7000000000000002,1,2.5516187872817406e-08,0.9996836964146929,0.000316278068982361
1978-03-31,1.7499999999999991,0.75,4.608254428993597,6.180828737187571,-0.5,1,2.2503112186513133e-07,0.9998160237301044,0.00018375123878922533
1978-04-30,1.8600000000000003,0.7599999999999998,5.659292445378661,6.297479916138826,-0.7000000000000002,1,6.367788774871259e-08,0.9998723667517148,0.0001275695704135101
1978-05-31,1.9399999999999995,0.8000000000000007,5.339431170016118,6.899287148695077,-0.7999999999999998,1,2.81822858218391e-09,0.9997935945526343,0.00020640262922749737
1978-06-30,1.7300000000000004,0.8399999999999999,5.211556992802624,7.174390485884086,-0.5,1,8.802609202602691e-09,0.9998936576907518,0.00010633350662439786
1978-07-31,1.6300000000000008,0.7199999999999989,5.001275442091657,7.446035366908532,-0.20000000000000018,1,2.165058498348802e-09,0.9999083708039344,9.162703117894232e-05
1978-08-31,1.33,0.7900000000000009,5.312057413408633,7.562657533091155,-0.39999999999999947,1,8.456839880081399e-10,0.9999495205214978,5.047863297785319e-05
1978-09-30,0.5700000000000003,0.7300000000000004,5.153706161464733,8.142210471964262,-0.2999999999999998,1,2.157692909058995e-11,0.9999879252028726,1.2074775334470805e-05
1978-10-31,0.6500000000000004,0.6999999999999993,5.759748407189402,8.55221734381617,-0.2999999999999998,1,1.0574759608830307e-12,0.9999885617493666,1.1438249417238229e-05
1978-11-30,0.16999999999999993,0.8000000000000007,6.344640773562027,8.499321283339256,-0.09999999999999964,1,3.1125498409229243e-12,0.9999973327752841,2.6672216460264677e-06
1978-12-31,-0.07000000000000028,0.7799999999999994,6.663232064044022,8.607460877124318,0.09999999999999964,1,5.137870652999999e-13,0.9999982743853589,1.7256140659937875e-06
1979-01-31,-0.25,0.8800000000000008,7.602887740695863,8.847229762930464,-0.2999999999999998,1,6.567412949671044e-14,0.999999635877496,3.6412245994268206e-07
1979-02-28,-0.22000000000000064,0.8200000000000003,7.546718494560789,9.386613623209161,0.0,1,2.2452741982142614e-15,0.9999993956609622,6.043390063724459e-07
1979-03-31,-0.3600000000000012,0.8900000000000006,5.974007503254075,9.760178779658446,-0.20000000000000018,1,1.1284666367670366e-16,0.9999997949708114,2.0502909355755586e-07
1979-04-30,-0.28000000000000114,0.9499999999999993,2.7578667785622457,9.971078311570736,0.0,1,2.0085736013291795e-18,0.9999999396959556,6.030408955645376e-08
1979-05-31,-0.35999999999999943,0.9700000000000006,3.1951149265062817,10.163264554381257,-0.3000000000000007,1,6.917219298401424e-20,0.9999999549809228,4.501911510061628e-08
1979-06-30,-0.15000000000000036,1.0900000000000016,2.569313221236591,10.505277600314411,-0.2999999999999998,1,5.588838646885084e-21,0.9999999701963138,2.9803814494650877e-08
1979-07-31,-0.2900000000000009,1.0899999999999999,2.484394705565629,10.840929850718428,-0.20000000000000018,1,5.1143279659365625e-22,0.9999999914439286,8.556221153726544e-09
1979-08-31,-0.4900000000000002,1.1199999999999992,1.413917123540287,11.186435768683012,0.09999999999999964,1,9.913504439556888e-24,0.9999999993337951,6.663925019869332e-10
1979-09-30,-0.9299999999999997,1.0999999999999996,1.14391269844889,11.225399417723825,0.10000000000000053,1,2.0781163319615838e-25,0.9999999999026841,9.729550715178873e-11
1979-10-31,-1.3999999999999986,1.2699999999999996,1.1203995780271647,11.3967186978158,0.20000000000000018,1,4.690856504942817e-27,0.9999999999922693,7.513308079077856e-12
1979-11-30,-1.1399999999999988,1.2300000000000004,0.1967033016776476,11.860574240784683,0.3000000000000007,1,8.743612639180765e-30,0.9999999999977263,2.1864960592228128e-12
1979-12-31,-1.6499999999999986,1.3200000000000003,-0.23375852521865248,12.44698419469481,0.2999999999999998,1,5.357930127445356e-33,1.0,1.9499830898124535e-14
1980-01-31,-1.1999999999999993,1.33,0.8488348938411328,12.987508142141202,0.5999999999999996,1,5.536812472989415e-35,1.0,1.8051055486782678e-13
1980-02-29,-0.4499999999999993,1.1899999999999995,0.39785656555983984,13.244698984339731,0.2999999999999998,1,3.160910591975596e-35,0.9999999999990905,6.917758001309156e-13
1980-03-31,-2.4499999999999993,1.4899999999999984,-0.33604549179448995,13.621020483454949,0.39999999999999947,1,1.178431318688294e-38,1.0,4.183260750016842e-18
1980-04-30,-1.7299999999999986,2.1500000000000004,-1.133604292668977,13.618367956525024,0.9000000000000004,1,1.577656591832416e-41,1.0,1.6435039541332922e-16
1980-05-31,1.5999999999999996,2.1799999999999997,-4.527226008442664,13.475613252041807,1.5999999999999996,1,2.792851442390289e-42,0.9999999999990905,7.08141960762122e-13
1980-06-30,2.709999999999999,2.130000000000001,-5.848875443440704,13.335824744185398,1.5999999999999996,1,4.1040152297759746e-41,0.9999999999995453,2.9744914050687874e-13
1980-07-31,2.1899999999999995,1.58,-6.387361582155915,12.35502393785417,1.5,1,2.004000029823227e-37,1.0,3.695792646169489e-14
1980-08-31,1.9699999999999989,1.5099999999999998,-5.413360724841576,12.12445486318714,1.4000000000000004,1,4.572324728524783e-36,0.9999999999995453,5.347398878714315e-13
1980-09-30,1.2400000000000002,1.6799999999999997,-3.759877838520831,12.01696716341143,1.2000000000000002,1,1.0345164001789168e-33,0.9999999999877218,1.2430126363569395e-11
1980-10-31,0.13000000000000078,1.92,-3.220298615400896,11.896437070221477,0.5999999999999996,1,5.253991570521293e-32,0.9999999999968168,3.233215083178665e-12
1980-11-30,-1.0500000000000007,1.67,-1.4049082941949287,11.895194286136501,0.0,1,4.419665389531743e-32,0.9999999999995453,4.469353498707496e-13
1980-12-31,-2.6500000000000004,1.9299999999999997,-0.8084682640715712,11.648179929841174,-0.39999999999999947,1,5.070352413503087e-35,1.0,1.5246272799172084e-15
1981-01-31,-2.4499999999999993,2.219999999999999,-1.9909608717527227,11.149550422534205,-0.2999999999999998,1,1.5052469884542124e-35,1.0,9.869643299503004e-15
1981-02-28,-1.5999999999999996,2.0199999999999996,-2.445071565648327,10.788896201118536,-0.2999999999999998,1,7.721352590676263e-33,0.9999999999986358,1.386255070439397e-12
1981-03-31,-0.2400000000000002,2.01,-1.52966579461995,10.085600353672142,-0.09999999999999964,1,2.507500376695177e-27,0.9999999952869985,4.7129840063412415e-09
1981-04-30,-0.009999999999999787,1.6799999999999997,0.035989014889237225,9.654551041231763,-0.2999999999999998,1,4.035153421524091e-21,0.9999999363635672,6.363626639454598e-08
1981-05-31,-2.200000000000001,1.629999999999999,3.0983682236992216,9.341676719879288,0.0,1,1.6243001633985036e-19,0.9999999999786269,2.1540913685543527e-11
1981-06-30,-1.2599999999999998,2.0500000000000007,4.907205512852242,9.255155736524578,0.2999999999999998,1,4.031770860704887e-23,0.9999999986694093,1.3304458002938296e-09
1981-07-31,-0.6699999999999999,1.790000000000001,6.266461732749473,10.23292917545433,-0.2999999999999998,1,3.4518329990198126e-21,0.9999999843116713,1.5688136211222364e-08
1981-08-31,-0.5700000000000003,1.4499999999999993,5.82867479428737,10.271278273538531,0.0,1,1.93521582477099e-19,0.9999999770889192,2.2911156437251426e-08
1981-09-30,0.620000000000001,1.4300000000000015,3.70934009644337,10.40485708098604,0.1999999999999993,1,3.256620484718675e-19,0.9999992776318203,7.223681117000166e-07
1981-10-31,1.6100000000000012,1.709999999999999,1.6544718412542458,9.777574357678809,0.7000000000000002,1,1.7372752177403616e-17,0.9999893944239703,1.0605576100938321e-05
1981-11-30,2.530000000000001,2.17,-1.1749872284237295,9.14795728644826,0.8000000000000007,1,1.5549173544145257e-17,0.9999209100551748,7.908994484703128e-05
1981-12-31,2.870000000000001,2.3200000000000003,-2.907496733581638,8.537037078132403,1.0,1,1.3145124347374026e-17,0.9998542329411669,0.00014576705892538144
1982-01-31,2.3100000000000005,1.9200000000000017,-4.35060101855278,7.933674223652165,1.3999999999999995,1,7.496019718910822e-17,0.9999765519990117,2.3448000932011236e-05
1982-02-28,0.9499999999999993,1.9100000000000001,-1.9077406309206513,7.3377185713825455,1.5,1,1.7643481678820288e-16,0.9997014850433884,0.0002985149567380898
1982-03-31,1.1799999999999997,2.24,-3.08189483919743,6.658214258099715,1.4000000000000004,1,3.2276273976419315e-16,0.9977915556440197,0.0022084443561073363
1982-04-30,1.17,2.3200000000000003,-3.5687695424750476,6.411755712377687,1.4000000000000004,1,8.503115838173224e-16,0.9944379041180914,0.005562095881736535
1982-05-31,1.5299999999999994,2.380000000000001,-4.808239213784349,6.683521282464255,1.0999999999999996,1,5.261202013812713e-15,0.9911157503233763,0.008884249676788893
1982-06-30,1.83,2.110000000000001,-5.577088800428598,6.936112779750214,1.0999999999999996,1,1.405697354108599e-13,0.9788214765266435,0.02117852347310358
1982-07-31,2.5999999999999996,2.1900000000000013,-6.559666016340682,6.3513405722325444,1.200000000000001,1,3.64473804873978e-14,0.764123917811263,0.23587608218848674
1982-08-31,4.380000000000001,2.6099999999999994,-7.352023687716658,5.794142848618922,0.9000000000000004,2,2.5843078482329346e-15,0.10057394507323819,0.8994260549269293
1982-09-30,4.42,2.6900000000000013,-7.116139390635512,4.822737476571604,1.0999999999999996,2,5.407788204223851e-16,0.0013956310328008567,0.9986043689673452
1982-10-31,3.2,2.610000000000001,-7.297183840978372,4.909602133652058,1.0999999999999996,2,2.7760381926567234e-15,3.903046723567443e-05,0.9999609695328284
1982-11-30,2.4800000000000004,2.620000000000001,-6.4534555645284986,4.380262265839363,1.4000000000000004,2,1.0464696334929806e-16,4.158734024193627e-06,0.9999958412659071
1982-12-31,2.5999999999999988,2.3100000000000005,-6.0943694051796005,3.754351245740306,1.200000000000001,2,1.1273627293660157e-12,4.747413352799672e-06,0.9999952525853499
1983-01-31,2.6000000000000005,2.1500000000000004,-2.16179576730271,3.6405476385009017,0.5999999999999996,2,8.697780064610785e-08,5.11740352163169e-05,0.9999487389869847
1983-02-28,2.610000000000001,1.9399999999999995,-4.8071160567345395,3.425347847853999,0.5999999999999996,2,4.736108605569349e-07,1.251839805159426e-05,0.9999870079912355
1983-03-31,2.16,1.879999999999999,-3.300021273361242,3.5273366379285243,0.20000000000000107,2,0.000931073421447986,2.2914217664931182e-05,0.9990460123608768
1983-04-30,2.1899999999999995,1.7799999999999994,-1.1144910610356273,3.9220713153281572,-0.20000000000000107,2,0.0825693389477553,5.983747335215708e-05,0.9173708235788036
1983-05-31,2.1900000000000013,1.629999999999999,0.15496220261175253,3.383203240143473,-0.7000000000000011,2,0.509009486517885,2.5093920424391436e-06,0.49098800409018645
1983-06-30,2.0600000000000005,1.629999999999999,1.0263593684363137,2.444113515914559,-0.7000000000000011,0,0.9771196367232936,5.445504960732388e-08,0.022880308821841583
1983-07-31,2.3000000000000007,1.2400000000000002,2.8339037216588814,2.3315805313616877,-1.0,0,0.9998524423118944,6.960739050008077e-11,0.00014755761829797126
1983-08-31,2.51,1.1300000000000008,4.9268826335687965,2.426812727243721,-0.9000000000000004,0,0.9999999197120847,1.4864167238144587e-11,8.027292369384497e-08
1983-09-30,2.6500000000000004,1.1800000000000015,6.617754646455554,2.7260648208891958,-1.1000000000000014,0,0.9999999759811548,5.822812526621399e-10,2.343666431041843e-08
1983-10-31,2.8999999999999986,1.2100000000000009,8.352191121480024,2.7150989065950704,-1.3999999999999986,0,0.9999999756964829,1.492619821734135e-08,9.37712408176062e-09
1983-11-30,2.9299999999999997,1.1999999999999993,9.122581279910191,3.114264735585337,-1.5999999999999996,0,0.9999998539629011,8.149608019124351e-08,6.454119717063477e-08
1983-12-31,2.83,1.1799999999999997,10.333411807462456,3.7171532108345673,-1.799999999999999,0,0.9999992606920391,9.143041119449004e-08,6.478774471737805e-07
1984-01-31,2.7699999999999996,1.450000000000001,10.463361980045072,4.2006175634154985,-1.4000000000000004,0,0.9999998943144475,8.449448495823457e-08,2.119085236144509e-08
1984-02-29,2.75,1.5099999999999998,11.531265906474797,4.587045406609658,-1.7000000000000002,0,0.9999997694399364,3.424444573264294e-08,1.9631565382741422e-07
1984-03-31,2.8000000000000007,1.42,11.179182732471027,4.777027626868602,-1.3999999999999995,0,0.9999999417545967,1.6697071058516747e-09,5.6575579598585324e-08
1984-04-30,2.9400000000000013,1.5,10.511115991140896,4.453977137177034,-1.1000000000000005,0,0.9999999962078618,5.389801992068558e-11,3.738394143555839e-09
1984-05-31,3.58,1.4600000000000009,10.450893070769185,4.243359841459604,-1.0999999999999996,0,0.9999999991632649,3.482830122103725e-12,8.330853610442281e-10
1984-06-30,3.6900000000000013,1.5,10.206253193241066,4.235000157295321,-1.1000000000000005,0,0.99999999883903,6.3808161821993124e-12,1.1545651839385273e-09
1984-07-31,3.24,1.7100000000000009,9.00454393489376,4.218379230350511,-0.5,0,0.9999999965807547,1.6124383309568157e-10,3.2578611659791733e-09
1984-08-31,2.25,1.7600000000000016,7.931612858491199,4.205998912736408,-0.2999999999999998,0,0.9999999669439609,2.993033208220452e-09,3.0062832080999864e-08
1984-09-30,2.1500000000000004,1.6899999999999995,6.191065261811657,4.1936910618861845,-0.5,0,0.9999997302339034,1.4179433326293546e-09,2.683482755857022e-07
1984-10-31,2.42,1.3099999999999987,5.418366484285775,4.177392224563725,-0.2999999999999998,0,0.9999997851646416,2.7919456097568274e-10,2.1455619223540622e-07
1984-11-30,2.960000000000001,1.1900000000000013,5.309671095141466,4.070329311350385,-0.20000000000000018,0,0.9999998159724043,4.429534242781781e-10,1.8358484332053108e-07
1984-12-31,3.4399999999999995,1.2699999999999996,4.841012307394443,3.9637861759038273,0.09999999999999964,0,0.9999995555987048,1.6701956324244824e-09,4.427310755473032e-07
1985-01-31,3.620000000000001,1.1799999999999997,2.8474773248868157,3.4652167705572445,-0.20000000000000018,0,0.9999990716760055,1.1663129333031203e-09,9.271578387617356e-07
1985-02-28,3.24,1.0999999999999996,2.683802373499322,3.5427352611232976,-0.2999999999999998,0,0.9999981732870169,1.945534716179292e-09,1.824767261810117e-06
1985-03-31,3.34,1.129999999999999,2.3464493778408535,3.7200283686090962,-0.09999999999999964,0,0.9999967715036566,5.904331168007753e-09,3.222592026031264e-06
1985-04-30,3.4799999999999995,1.2799999999999994,1.5386490584199386,3.5191458336313097,-0.10000000000000053,0,0.999993899017648,1.7144853094843743e-08,6.083837488654625e-06
1985-05-31,3.369999999999999,1.4299999999999997,1.1426536414647526,3.5124635931278014,0.0,0,0.9999832806881186,7.536479869732033e-08,1.664394685557584e-05
1985-06-30,3.21,1.4600000000000009,0.7280231934935877,3.598873233223543,0.10000000000000053,0,0.999954793976491,1.8599590091847695e-07,4.502002743076321e-05
1985-07-31,3.2300000000000004,1.459999999999999,-0.02291650062233863,3.399760854141931,0.10000000000000053,0,0.9999252211403661,8.31002291107076e-08,7.469575951204073e-05
1985-08-31,3.1900000000000004,1.4499999999999993,0.17783669695310422,3.2975196815550056,-0.10000000000000053,0,0.999958897199399,1.3844031489742959e-08,4.108895663777076e-05
1985-09-30,3.2699999999999996,1.4100000000000001,0.8121708633418656,3.19576067686711,-0.10000000000000053,0,0.9999869585799411,1.2150729819257612e-08,1.3029269290920299e-05
1985-10-31,3.08,1.3399999999999999,0.511724679685166,3.1837895097608815,-0.20000000000000018,0,0.9999836504579939,1.683326854915251e-08,1.6332708610640687e-05
1985-11-30,2.539999999999999,1.4399999999999995,0.5265841609220168,3.453446308921393,-0.20000000000000018,0,0.9999662543332848,2.047190052347215e-08,3.372519467555109e-05
1985-12-31,2.16,1.42,1.452750225836752,3.7213596340434307,-0.40000000000000036,0,0.9999753740975363,6.594506682282738e-08,2.4559957275118555e-05
1986-01-31,2.119999999999999,1.3899999999999988,2.0219876531786696,3.89659685333843,-0.7000000000000002,0,0.9999398263554875,2.542599493431584e-08,6.0148218469932826e-05
1986-02-28,1.6399999999999997,1.4399999999999995,1.0428706283099665,3.1484081933283115,0.10000000000000053,0,0.9999903937311793,3.372835342141912e-09,9.602895946542617e-06
1986-03-31,1.2200000000000006,1.5,0.17700441122876498,2.1306966312930165,0.10000000000000053,0,0.9999931576105507,1.0630152305299709e-10,6.84228331209708e-06
1986-04-30,1.2400000000000002,1.4000000000000004,0.538133248442918,1.576295966525798,0.0,0,0.9999986951196989,2.8780209402955004e-11,1.3048513503019644e-06
1986-05-31,1.5599999999999996,1.1999999999999993,0.5404381214857423,1.6651633592442039,0.20000000000000018,0,0.9999983078838105,3.646962126539427e-11,1.692079757923876e-06
1986-06-30,1.5899999999999999,1.209999999999999,0.18523351823329648,1.7520042420163584,0.20000000000000018,0,0.9999971514680154,1.632533689341443e-11,2.848515808635781e-06
1986-07-31,1.4699999999999998,1.2799999999999994,1.3107799048934776,1.6574965094212857,0.2999999999999998,0,0.9999987614240521,5.4922071696773905e-11,1.2385209116383941e-06
1986-08-31,1.6399999999999997,1.459999999999999,0.8213972355266996,1.5632502249826707,-0.2999999999999998,0,0.9999986883539767,3.6008592731775586e-11,1.3116101035779615e-06
1986-09-30,2.24,1.3099999999999987,0.7385586094907914,1.7423641147254365,-0.20000000000000018,0,0.999998706392871,1.2538068906402746e-11,1.2935946513875578e-06
1986-10-31,2.25,1.3800000000000008,1.4753594274121262,1.5546723738300017,-0.09999999999999964,0,0.9999995236690891,1.3072869492630017e-11,4.763179628607199e-07
1986-11-30,1.9000000000000004,1.3900000000000006,1.5240459045071653,1.2762251613851916,-0.2999999999999998,0,0.9999997126752036,1.443871675033193e-11,2.873103327433843e-07
1986-12-31,1.58,1.4800000000000004,1.5096186736803574,1.1802225056627869,-0.6000000000000005,0,0.9999993622406906,4.096445277041443e-11,6.377183019077183e-07
1987-01-31,1.6500000000000004,1.3600000000000012,0.6082122681462465,1.355646608360761,-0.40000000000000036,0,0.9999987627428177,9.818579648702754e-13,1.2372560864368432e-06
1987-02-28,1.6600000000000001,1.2699999999999996,2.6220857320979896,1.8962193439813646,-0.3000000000000007,0,0.9999999163487736,4.047462891827499e-12,8.364711210266753e-08
1987-03-31,1.6600000000000001,1.25,3.481642378107086,2.801810024957163,-0.40000000000000036,0,0.9999998743919684,1.8498184980405654e-10,1.2542303496312492e-07
1987-04-30,2.38,1.1899999999999995,3.9694859986929565,3.6137626918566923,-0.7000000000000002,0,0.9999985313531268,3.613914628992826e-10,1.4682855720551124e-06
1987-05-31,2.9499999999999993,1.1799999999999997,4.4521643877541095,3.6039936483197366,-0.6000000000000005,0,0.9999995887347659,4.645367615188362e-11,4.1121855696493607e-07
1987-06-30,2.7300000000000004,1.1999999999999993,5.372501264250218,3.6791946933576902,-0.39999999999999947,0,0.9999999281435547,6.96981289181829e-11,7.178654442054044e-08
1987-07-31,2.759999999999999,1.1899999999999995,5.400969168586212,3.8517972435674785,-0.5,0,0.9999998665084693,9.61428210496109e-11,1.3339555038546637e-07
1987-08-31,2.7199999999999998,1.1300000000000008,6.334439042182716,4.198919628684994,-0.5999999999999996,0,0.9999998663329368,1.980486790284859e-10,1.3346881017002703e-07
1987-09-30,3.0199999999999996,1.1300000000000008,6.4726690059571546,4.183965834290859,-0.6999999999999993,0,0.9999998504663493,2.940309113131591e-11,1.4950409073966561e-07
1987-10-31,3.3899999999999997,1.0999999999999996,7.37068446171909,4.263523164443583,-0.2999999999999998,0,0.9999999804012989,2.7268148262789895e-11,1.9571575232415264e-08
1987-11-30,3.169999999999999,1.2200000000000006,7.457418349576361,4.429422023100393,-0.5,0,0.999999970773843,3.0526550226343714e-11,2.9195486401158573e-08
1987-12-31,3.2200000000000006,1.1799999999999997,7.072719093518209,4.24091819250938,-0.5,0,0.9999999693727664,9.013608137223976e-12,3.061820599305839e-08
1988-01-31,2.8600000000000003,1.1899999999999995,7.402391732852998,4.046286361318074,-0.39999999999999947,0,0.9999999898423084,1.5035082677368997e-11,1.0142528710169897e-08
1988-02-29,2.5500000000000007,1.2199999999999989,6.592827690111225,3.8601283696812594,-0.2999999999999998,0,0.9999999812348508,1.0771333888229853e-11,1.8754234154808832e-08
1988-03-31,2.669999999999999,1.1799999999999997,6.694590452956017,3.7608279917159315,-0.20000000000000018,0,0.999999985995146,2.2869230804860135e-11,1.3982011846151538e-08
1988-04-30,2.8100000000000005,1.2300000000000004,6.641916931106628,3.9152456097181876,-0.5999999999999996,0,0.9999999689002839,5.4639296794321547e-11,3.1045231281951555e-08
1988-05-31,2.83,1.1399999999999988,5.8098129465209425,3.905051487187272,-0.20000000000000018,0,0.9999999327960745,6.632083338120765e-11,6.713754515328629e-08
1988-06-30,2.46,1.1400000000000006,5.582902755654295,3.888178754420757,-0.2999999999999998,0,0.9999999135093314,2.121590382322531e-10,8.627857343443532e-08
1988-07-31,2.33,1.1499999999999986,4.9178873514835075,4.047043888295576,-0.2999999999999998,0,0.9999996968822875,3.753799278705486e-10,3.027421244129629e-07
1988-08-31,2.2,1.1000000000000014,4.670247125523463,4.029692231076432,-0.10000000000000053,0,0.9999995921380936,1.0308087866079745e-09,4.068309793501174e-07
1988-09-30,1.7400000000000002,1.08,3.9641063883454564,4.099634723624046,-0.2999999999999998,0,0.9999989174563273,3.7902041542345726e-09,1.0787536741973488e-06
1988-10-31,1.450000000000001,0.9000000000000004,3.0709105164859807,4.172593367021804,0.0,0,0.999995968408653,3.193244248214035e-09,4.02839823517631e-06
1988-11-30,1.200000000000001,1.0300000000000011,2.825891470905173,4.158426890663414,-0.2999999999999998,0,0.9999960293090842,3.6372689429778862e-09,3.967053573103399e-06
1988-12-31,1.0399999999999991,1.08,2.7185677308185774,4.31721718652085,-0.10000000000000053,0,0.9999962089194935,4.76752676204922e-09,3.7863131620775143e-06
1989-01-31,0.8200000000000003,1.0300000000000011,3.032803472972123,4.3851882528849195,0.0,0,0.9999970602323184,4.2481146356523965e-08,2.897286706879157e-06
1989-02-28,0.6400000000000006,0.9699999999999989,2.0893766547148473,4.542412511425553,-0.39999999999999947,0,0.9999736512169687,2.91004692762336e-07,2.6057778295890838e-05
1989-03-31,0.5399999999999991,0.8699999999999992,2.0926552551783217,4.776777373173946,-0.40000000000000036,0,0.9999328170401546,9.022682891763783e-07,6.628069176164415e-05
1989-04-30,0.5299999999999994,0.8200000000000003,1.4992492817497372,4.911515604749539,-0.20000000000000018,0,0.9998956578895192,1.0536757119523383e-06,0.00010328843458702242
1989-05-31,0.4299999999999997,0.8900000000000006,1.1309470413555012,5.142094581422896,-0.09999999999999964,0,0.9998719633150652,1.262492704620361e-06,0.000126774192381294
1989-06-30,0.129999999999999,0.9299999999999997,0.8336456828265781,5.040306774489611,0.0,0,0.9999227725665647,1.4633077395926326e-06,7.576412549400805e-05
1989-07-31,0.13999999999999968,0.9399999999999995,-0.1504414293248324,4.939275532957588,-0.20000000000000018,0,0.9998116344951501,2.9191505900312386e-07,0.0001880735899849104
1989-08-31,0.20999999999999908,0.9199999999999999,0.32445265976672744,4.518222279323236,0.0,0,0.9999599399873424,4.678476246992398e-08,4.0013227970328444e-05
1989-09-30,0.4399999999999995,0.9000000000000004,0.3235193366993627,4.339608456376176,0.2999999999999998,0,0.9999587783456121,3.564820134038134e-08,4.118600607238866e-05
1989-10-31,0.3700000000000001,0.8900000000000006,-0.24151011520370247,4.485056616535221,0.09999999999999964,0,0.999935880967569,3.9049108581356037e-08,6.407998317811835e-05
1989-11-30,0.17999999999999972,0.9199999999999999,-0.14575042985427444,4.549931806966789,0.20000000000000018,0,0.9999488753346332,6.493795375615118e-08,5.105972763122913e-05
1989-12-31,0.20999999999999996,0.9600000000000009,-0.050758518651061735,4.5351901252959514,0.10000000000000053,0,0.9999369240593626,5.042735625442815e-07,6.257166724672145e-05
1990-01-31,0.5700000000000012,0.9499999999999993,-0.8523567085913619,5.067429096326759,0.20000000000000018,0,0.9995455426140445,3.0369749325456896e-06,0.0004514204109646263
1990-02-28,0.7300000000000004,0.9199999999999999,0.4952070729176583,5.129329438755015,0.09999999999999964,0,0.9996459324513728,4.1766543410028905e-06,0.0003498908944501613
1990-03-31,0.6899999999999995,0.8400000000000016,0.7423665291343973,5.104776506602349,-0.09999999999999964,0,0.9996491664106445,3.2253565333794935e-06,0.00034760823264108273
1990-04-30,1.0199999999999996,0.8399999999999999,0.495009580710537,4.603987675473409,0.10000000000000053,0,0.9998482291544597,5.073428836369044e-06,0.00014669741679851475
1990-05-31,1.0199999999999996,0.9399999999999995,1.368829461396448,4.272801845415408,0.0,0,0.9999101366181814,6.436874198560367e-05,2.5494639607203007e-05
1990-06-30,0.75,0.9600000000000009,1.7150215832036686,4.567723146599256,-0.20000000000000018,0,0.9971465763111724,0.0027563658923473646,9.705779658599514e-05
1990-07-31,0.8500000000000005,0.9599999999999991,2.509530236575852,4.706751085798633,0.09999999999999964,0,0.9525138826991486,0.04658842579831688,0.0008976915024191601
1990-08-31,1.2999999999999998,1.0,1.8831432193610276,5.54613029864548,0.40000000000000036,1,0.3499233870929078,0.6204242650703606,0.029652347836661867
1990-09-30,1.5300000000000002,1.08,2.204664989717564,5.987018949094924,0.7000000000000002,1,0.01547882860275813,0.9208820946136629,0.06363907678360498
1990-10-31,1.5500000000000007,1.2100000000000009,1.753575488191661,6.184350528270333,0.5,1,0.0010014140618836763,0.9250388269450828,0.07395975899313464
1990-11-30,1.330000000000001,1.3199999999999985,0.1365258675895653,6.011054305759611,0.7999999999999998,1,1.3478266623500207e-05,0.8575629542112466,0.14242356752220817
1990-12-31,1.3399999999999999,1.379999999999999,-1.147056620234732,6.067119518113628,1.0999999999999996,1,5.698924724027335e-08,0.660490325428769,0.33950961758198045
1991-01-31,1.87,1.4100000000000001,-0.9661124511985975,5.493371881783737,0.9000000000000004,2,1.2229897354893685e-06,0.3611584329512275,0.6388403440591547
1991-02-28,1.9099999999999993,1.2400000000000002,-2.6117701550173678,5.176193455858957,0.8999999999999995,2,4.086241575053359e-06,0.10660307968394396,0.8933928340744833
1991-03-31,2.1999999999999993,1.1600000000000001,-3.6857943808214166,4.708538667468787,0.8999999999999995,2,8.410186228857284e-06,0.015961844656623796,0.9840297451570988
1991-04-30,2.389999999999999,1.08,-3.1599550008218458,4.697833502101112,0.7999999999999998,2,9.801430215593181e-05,0.003588855261218072,0.9963131304364126
1991-05-31,2.6100000000000003,1.0,-2.526630272674968,4.912207765369825,0.7000000000000002,2,0.002577408809753972,0.0016034079299833517,0.9958191832601955
1991-06-30,2.709999999999999,0.9500000000000011,-2.058172450464557,4.588996205949858,0.6000000000000005,2,0.04991388167909309,0.0005186147784143143,0.949567503542454
1991-07-31,2.6899999999999995,0.8900000000000006,-1.6036159483543422,4.275116695266323,0.39999999999999947,2,0.3286748919565065,0.00010920853231657716,0.6712158995112794
1991-08-31,2.5700000000000003,0.9000000000000004,-1.9534249158160932,3.7289928245472836,0.3000000000000007,0,0.7219944102732267,4.086328186961115e-06,0.278001503398469
1991-09-30,2.4300000000000006,0.9000000000000004,-1.1708841321056873,3.3398280401848446,0.10000000000000053,0,0.9639604981327774,1.604480521929961e-07,0.03603934141930192
1991-10-31,2.54,0.9399999999999995,-0.6395790015674585,2.808758181026061,0.2999999999999998,0,0.9980454179222022,4.3743713950630115e-09,0.0019545777034831705
1991-11-30,2.8600000000000003,0.9699999999999989,0.48177380435889816,3.020487447166076,0.09999999999999964,0,0.9999582124583045,5.743767590530573e-09,4.1781798073179427e-05
1991-12-31,3.0199999999999996,0.9499999999999993,0.7309950322199832,2.93706867959882,0.39999999999999947,0,0.9999776662086527,1.8195572382827236e-08,2.231559596564664e-05
1992-01-31,3.2300000000000004,0.9300000000000015,0.5319877372008008,2.6375155254394045,0.5,0,0.999969132985646,7.599746092736595e-09,3.085941449933147e-05
1992-02-29,3.5,0.9400000000000013,1.9770703029326597,2.7799888277596274,0.5,0,0.999990485058126,9.178721983874282e-09,9.50576329023425e-06
1992-03-31,3.5,0.9000000000000004,3.4031264296117136,3.1400900451190594,0.5,0,0.9999953769404326,8.770825507828672e-09,4.614288747925118e-06
1992-04-30,3.7300000000000004,0.8800000000000008,3.8957587368800617,3.1332253360270457,0.40000000000000036,0,0.999998561140854,3.6641764117196804e-08,1.4022174838012446e-06
1992-05-31,3.76,0.8500000000000014,3.287312793238595,2.978789075662114,0.5999999999999996,0,0.9999908098720259,7.915242897305725e-08,9.110975713238572e-06
1992-06-30,3.5999999999999996,0.8300000000000001,2.531443717931481,2.970156760690923,0.5,0,0.9999907914399212,1.6174485233474506e-08,9.19238555825156e-06
1992-07-31,3.63,0.7699999999999996,3.16826833866779,3.1083095058389354,0.40000000000000036,0,0.9999958657416723,1.1075354416573793e-08,4.123183067932095e-06
1992-08-31,3.46,0.7000000000000002,2.608646848765961,3.0283496587252934,0.1999999999999993,0,0.9999963418521083,5.610108475113887e-09,3.652537899328924e-06
1992-09-30,3.51,0.6999999999999993,2.147792470843868,2.9487933030643454,0.1999999999999993,0,0.9999949935315995,1.0418953560339836e-09,5.005426355139858e-06
1992-10-31,3.73,0.8499999999999996,2.875341723153202,3.2272431404850366,-0.10000000000000053,0,0.9999989552830811,3.1155850529245877e-10,1.0444053349122557e-06
1992-11-30,3.74,0.8600000000000012,3.412207773536924,3.0727676523496505,-0.1999999999999993,0,0.9999996242214162,1.1307670749319445e-10,3.756655794280133e-07
1992-12-31,3.5499999999999994,0.8300000000000001,4.068395841129213,2.923559376223661,-0.39999999999999947,0,0.9999998121106904,7.672859831883142e-11,1.878123956316275e-07
1993-01-31,3.5999999999999996,0.7599999999999998,4.976776492529211,3.2019811234771822,-0.40000000000000036,0,0.9999998575631354,5.986870012270715e-10,1.4183816724469458e-07
1993-02-28,3.3299999999999996,0.6800000000000006,4.753726921232637,3.1951599806602005,-0.5,0,0.9999994980336292,6.0312916598327115e-09,4.959350813715602e-07
1993-03-31,3.0300000000000002,0.5700000000000003,3.817383347945924,2.9747235904729052,-0.5999999999999996,0,0.999995319144587,2.574768942405876e-09,4.6782805251548335e-06
1993-04-30,3.0999999999999996,0.6800000000000006,3.335177181629856,3.107594696052285,-0.20000000000000018,0,0.999998548888159,1.5544948676612505e-09,1.449557512135845e-06
1993-05-31,3.08,0.7800000000000011,2.6274500309635407,3.1703958587932846,-0.3000000000000007,0,0.9999973452535182,1.1429625642116533e-09,2.6536036406167107e-06
1993-06-30,2.89,0.7400000000000002,2.801542516318545,2.9538012436863603,-0.40000000000000036,0,0.9999976962234702,1.3456152355560756e-09,2.302430921680346e-06
1993-07-31,2.7699999999999996,0.7599999999999998,2.1543603587566906,2.8072018778686036,-0.39999999999999947,0,0.9999963106642853,3.6769384934889707e-10,3.688967863304973e-06
1993-08-31,2.6599999999999997,0.75,2.5944689811367994,2.8013036227673815,-0.2999999999999998,0,0.999998401943143,2.704498428047346e-10,1.5977862337675123e-06
1993-09-30,2.41,0.6799999999999997,2.7943062955201547,2.7264883561805675,-0.2999999999999998,0,0.999998424726404,2.5134672652975836e-10,1.5750221374633038e-06
1993-10-31,2.31,0.6399999999999997,2.851782469270603,2.7150989065950704,-0.2999999999999998,0,0.9999981651525112,2.4322691003940165e-10,1.834604230547384e-06
1993-11-30,2.6199999999999997,0.7300000000000004,2.9291785447660423,2.7075586605281643,-0.5,0,0.9999981859671689,2.2052933156129775e-10,1.813812293962533e-06
1993-12-31,2.7099999999999995,0.7600000000000007,3.3509559928289967,2.7721802930272155,-0.5,0,0.9999990587398198,9.650812452347849e-11,9.411637793044018e-07
1994-01-31,2.77,0.7300000000000004,3.255069690797363,2.4214258120593968,-0.3000000000000007,0,0.9999996416150412,1.0305929830107788e-10,3.582818002390922e-07
1994-02-28,2.7199999999999998,0.6799999999999997,2.8329034858925795,2.4845998586530804,-0.20000000000000018,0,0.999999168440245,3.7762672243912846e-11,8.315219832341012e-07
1994-03-31,2.9800000000000004,0.6500000000000004,3.9352839197925427,2.6172292773265937,-0.20000000000000018,0,0.9999996920756095,4.198258288203902e-11,3.07882548695658e-07
1994-04-30,3.2899999999999996,0.6399999999999997,4.250957223694218,2.3368761007829697,-0.39999999999999947,0,0.999999849108474,2.1742977037069737e-11,1.5086988435057865e-07
1994-05-31,3.04,0.629999999999999,5.0891648537369605,2.2626950929026,-0.5,0,0.999999943827335,9.985370011307957e-12,5.6162732825846144e-08
1994-06-30,2.96,0.6800000000000006,5.536745087497241,2.4641903936928777,-0.40000000000000036,0,0.9999999754240892,1.939471272190452e-11,2.455660425115641e-08
1994-07-31,2.9699999999999998,0.6900000000000013,5.400384005715786,2.6631823180792935,-0.5,0,0.9999999447518364,2.2233433519341097e-11,5.522573006511538e-08
1994-08-31,2.76,0.6699999999999999,6.18921659229148,2.859282599384283,-0.5999999999999996,0,0.9999999549531832,7.634879646321667e-11,4.497046265344556e-08
1994-09-30,2.84,0.6400000000000006,5.974122686873162,2.9223962124570235,-0.5999999999999996,0,0.9999999075444108,4.034891098980333e-11,9.241513550578905e-08
1994-10-31,2.79,0.629999999999999,6.045050568428678,2.5764136936131443,-0.6000000000000005,0,0.9999999613951339,1.3103278974859792e-11,3.859185857276576e-08
1994-11-30,2.67,0.6400000000000006,6.270412308772322,2.569444937478327,-0.5,0,0.9999999818905964,6.59397555763098e-12,1.8102782688757724e-08
1994-12-31,2.21,0.6399999999999988,6.696527816292619,2.5642430613337375,-0.5999999999999996,0,0.9999999875931281,1.3856852255268367e-11,1.2393003762936029e-08
1995-01-31,2.0700000000000003,0.6199999999999992,6.579213489393609,2.8303776162851513,-0.5,0,0.9999999759729693,2.8508811118839483e-11,2.3998599038039674e-08
1995-02-28,1.7000000000000002,0.5899999999999999,6.40807157586476,2.82276806248678,-0.5999999999999996,0,0.9999999507267615,6.387189285961764e-11,4.920932888808725e-08
1995-03-31,1.4699999999999998,0.5800000000000001,5.559112631030327,2.749083613804082,-0.5,0,0.9999999018523388,9.569299899228504e-11,9.805215872396392e-08
1995-04-30,1.4099999999999993,0.5700000000000003,4.7967262477434325,3.0771658666753687,0.0,0,0.9999996412103163,4.6114187222371374e-11,3.5874364527618074e-07
1995-05-31,0.96,0.5499999999999989,4.8275673504005745,3.0710023485371885,0.0,0,0.9999997188829579,2.5576822680619486e-11,2.8109152159958074e-07
1995-06-30,0.7000000000000002,0.6000000000000005,4.485607524907298,2.9972273535792127,0.09999999999999964,0,0.99999976980237,1.697663844773903e-11,2.3018084785106743e-07
1995-07-31,0.8600000000000003,0.629999999999999,3.933667682946851,2.7908788117076533,0.10000000000000053,0,0.99999972964637,9.830828757526843e-12,2.703437386768449e-07
1995-08-31,1.0899999999999999,0.6199999999999992,4.582414230899268,2.5837806989557066,0.2999999999999998,0,0.9999997283735325,9.356816170721302e-12,2.716172928799043e-07
1995-09-30,0.9199999999999999,0.6099999999999994,4.670876923491996,2.5133598118493694,0.1999999999999993,0,0.9999998734852023,1.1950913141961139e-11,1.2650294979446786e-07
1995-10-31,0.7599999999999998,0.6299999999999999,3.6936730586155875,2.707329432853456,-0.2999999999999998,0,0.9999997393493116,6.2327365067508184e-12,2.6064440389399507e-07
1995-11-30,0.5699999999999994,0.6600000000000001,3.2756113524103014,2.570157946143059,0.0,0,0.9999998057619639,3.9498635129821485e-12,1.9423400700610834e-07
1995-12-31,0.5700000000000003,0.6699999999999999,2.6054512024954235,2.500130220541763,0.0,0,0.9999996532120041,9.483940006421549e-12,3.467785887412249e-07
1996-01-31,0.6500000000000004,0.6600000000000001,1.861389703564864,2.7524673390090015,-0.10000000000000053,0,0.9999985927794011,3.267931762470256e-12,1.4072172355784896e-06
1996-02-29,0.9799999999999995,0.6399999999999997,3.427174426712565,2.6807751145443426,-0.20000000000000018,0,0.9999996624770234,1.5721029782304708e-11,3.375073086964297e-07
1996-03-31,1.3099999999999996,0.6799999999999997,3.1386400479798127,2.8042267873855664,-0.09999999999999964,0,0.9999994289439013,8.467422770395974e-12,5.710476607039246e-07
1996-04-30,1.5599999999999996,0.6899999999999995,4.301534453053524,2.7932962559856556,0.09999999999999964,0,0.9999997810150729,1.3396761376792118e-11,2.1897132515252263e-07
1996-05-31,1.7200000000000006,0.6800000000000006,4.556202116834029,2.7878628845964037,0.0,0,0.9999998515786611,8.041475200823215e-12,1.4841334097231318e-07
1996-06-30,1.8200000000000003,0.6900000000000004,4.984654797732091,2.782450610942888,-0.2999999999999998,0,0.9999999241340476,6.311038983214313e-12,7.585975890954942e-08
1996-07-31,1.7199999999999998,0.6999999999999993,5.419018675313669,2.8425686497951297,-0.09999999999999964,0,0.9999999558585851,1.7178801617730166e-11,4.412403551666641e-08
1996-08-31,1.5899999999999999,0.7199999999999998,4.612609904526099,2.7734767060089816,-0.40000000000000036,0,0.9999998899197696,1.5283393312255183e-11,1.1006483706148393e-07
1996-09-30,1.7400000000000002,0.6899999999999995,4.834055497599632,2.9603191305354493,-0.2999999999999998,0,0.9999998679386496,2.22989763606131e-11,1.320392019118762e-07
1996-10-31,1.54,0.6800000000000006,5.039575643692018,3.015948830630233,-0.39999999999999947,0,0.9999998662133384,1.048355415383619e-11,1.3377601668101827e-07
1996-11-30,1.17,0.6900000000000004,5.690853571435639,3.2012976987813246,-0.1999999999999993,0,0.9999999503206721,1.964139605719593e-11,4.9659870026147e-08
1996-12-31,1.3899999999999997,0.6899999999999995,5.983035938372883,3.322989449890734,0.10000000000000053,0,0.999999910169667,4.994961623155862e-12,8.982544802802751e-08
1997-01-31,1.5499999999999998,0.6699999999999999,6.715430854896454,2.99290087770947,-0.20000000000000018,0,0.9999999879782991,1.2886627778430566e-11,1.200880549701227e-08
1997-02-28,1.4100000000000001,0.6300000000000008,6.449296542209559,2.987193830171986,0.10000000000000053,0,0.9999999611554821,2.5338612517581544e-12,3.884185079494875e-08
1997-03-31,1.5500000000000007,0.6299999999999999,7.20440882112463,2.727730171288556,0.0,0,0.9999999930478225,4.259832772806276e-12,6.947957983421531e-09
1997-04-30,1.7299999999999995,0.6099999999999994,6.331438446609372,2.4051792318521947,-0.10000000000000053,0,0.9999999895685505,1.7384144267594267e-12,1.0429845443152451e-08
1997-05-31,1.6600000000000001,0.6199999999999992,6.139316182073706,2.2131791728697614,-0.5,0,0.9999999903670869,2.1117683178377616e-12,9.630777725834676e-09
1997-06-30,1.5600000000000005,0.6099999999999994,5.838522012731673,2.208988527228417,-0.40000000000000036,0,0.9999999875522009,2.784149117018174e-13,1.2447383377098766e-08
1997-07-31,1.17,0.6100000000000003,6.673741675131772,2.142489008410653,-0.39999999999999947,0,0.9999999974838829,2.241070988849532e-13,2.515998986005956e-09
1997-08-31,1.1600000000000001,0.6000000000000005,7.15871275603277,2.2642476749759943,-0.40000000000000036,0,0.9999999982719601,3.1343692912943907e-13,1.727930005528618e-09
1997-09-30,1.2599999999999998,0.5499999999999998,7.4465070898686925,2.1951336103534835,-0.2999999999999998,0,0.9999999984861461,6.011925341705245e-14,1.5139042761524655e-09
1997-10-31,1.0600000000000005,0.5700000000000003,8.29968268306649,2.0645087329157263,-0.39999999999999947,0,0.9999999997612576,7.506002579805875e-14,2.385730791473663e-10
1997-11-30,0.7400000000000002,0.5499999999999998,8.169633055362446,1.872713905069734,-0.3000000000000007,0,0.9999999998221938,3.654343450426609e-14,1.7797163490032197e-10
1997-12-31,0.6499999999999995,0.5600000000000005,7.9559126044085104,1.6828069280650837,-0.2999999999999998,0,0.9999999998613021,1.056085033136841e-14,1.387769275941833e-10
1998-01-31,0.5,0.5800000000000001,8.23490399461635,1.6179568876268924,-0.3000000000000007,0,0.9999999999413376,4.153815316471233e-14,5.868392633714331e-11
1998-02-28,0.4800000000000004,0.5800000000000001,7.209871276483515,1.4299280011417004,-0.20000000000000018,0,0.9999999997962732,2.532746581781707e-14,2.0360402788916607e-10
1998-03-31,0.6200000000000001,0.6000000000000005,6.612422361685066,1.3673301900209545,-0.20000000000000018,0,0.999999999577085,8.820067189894802e-15,4.227842890660218e-10
1998-04-30,0.6899999999999995,0.6399999999999997,6.837809228209579,1.4281521841404299,-0.40000000000000036,0,0.99999999974807,2.4145234776783558e-14,2.520291179696599e-10
1998-05-31,0.6500000000000004,0.6099999999999994,6.942344383794019,1.6744577273802186,-0.1999999999999993,0,0.9999999995616236,1.020890130629834e-13,4.383308466861823e-10
1998-06-30,0.5199999999999996,0.5999999999999996,5.882135200403127,1.6099418934181209,-0.20000000000000018,0,0.9999999983583621,2.1913404185351685e-13,1.6412330681944709e-09
1998-07-31,0.5,0.6000000000000005,4.64624226508068,1.730574709759214,-0.09999999999999964,0,0.9999999886613297,1.3351576734416084e-14,1.1338467605155283e-08
1998-08-31,0.4399999999999995,0.6200000000000001,5.699937761549911,1.6039825681036568,-0.09999999999999964,0,0.999999998119165,3.709711959449023e-14,1.8806780547826458e-09
1998-09-30,0.1999999999999993,0.6899999999999995,4.734947424396463,1.4167160264780598,-0.10000000000000053,0,0.9999999975407263,3.2686592228263585e-14,2.4592784306057874e-09
1998-10-31,0.5700000000000003,0.8099999999999996,4.5334623356819925,1.4751343087072932,0.20000000000000018,0,0.9999999922006282,7.440173058247561e-14,7.79940304389792e-09
1998-11-30,0.41999999999999993,0.9299999999999997,3.673190729725917,1.4733231512984446,0.0,0,0.9999999937731445,1.856814264109379e-14,6.226692976190634e-09
1998-12-31,0.2600000000000007,1.0100000000000007,3.7002613307793197,1.5941477997688303,-0.09999999999999964,0,0.9999999959418346,2.5832923763533156e-14,4.057917839485601e-09
1999-01-31,0.3799999999999999,1.0499999999999998,3.6940074136825096,1.652930195121094,-0.20000000000000018,0,0.999999995622602,2.7694178752227746e-14,4.37722074670112e-09
1999-02-28,0.5599999999999996,0.9899999999999993,4.138566416890477,1.652930195121094,-0.09999999999999964,0,0.9999999964620656,4.906743395886557e-14,3.5377711374911897e-09
1999-03-31,0.79,0.9100000000000001,4.330012584622445,1.713628224298791,-0.39999999999999947,0,0.9999999953010956,2.2038829994852539e-13,4.698861503981322e-09
1999-04-30,0.8899999999999997,0.8400000000000007,4.217072875711736,2.255505551508641,-0.20000000000000018,0,0.99999998298199,3.5454292406665526e-13,1.701776014423034e-08
1999-05-31,1.04,0.79,4.190366348209107,2.0694591242833127,-0.20000000000000018,0,0.9999999817650861,1.5614494347447422e-13,1.8234842239285974e-08
1999-06-30,1.33,0.7899999999999991,4.713564085622757,1.9465334788103306,-0.10000000000000053,0,0.9999999901560841,1.3553112276786644e-13,9.843598670792185e-09
1999-07-31,1.2400000000000002,0.7599999999999998,5.675812986775242,2.1219347226741903,0.0,0,0.9999999947735887,2.62923622300351e-12,5.2239717910703606e-09
1999-08-31,1.2200000000000006,0.75,4.027347197309972,2.239125317544577,-0.20000000000000018,0,0.9999999569981819,2.3211162874734922e-12,4.299928569252872e-08
1999-09-30,1.2400000000000002,0.8099999999999996,3.6760538842607993,2.59598036957982,0.0,0,0.9999998904900227,1.2873281964487445e-12,1.0950867194978752e-07
1999-10-31,1.25,0.830000000000001,4.209642364655597,2.5302554664786037,-0.20000000000000018,0,0.999999960486094,8.155510899318588e-13,3.951309236983687e-08
1999-11-30,0.96,0.79,4.7690526912512965,2.586610371218079,-0.10000000000000053,0,0.9999999783740352,1.977407344631931e-12,2.1624161421504447e-08
1999-12-31,1.08,0.6399999999999997,5.085391115420901,2.6412099539776968,-0.2999999999999998,0,0.9999999550573203,2.1647201086477197e-11,4.492125336912426e-08
2000-01-31,1.3399999999999999,0.5499999999999998,4.517368066391647,2.7546651955494994,-0.2999999999999998,0,0.9999997045202217,4.100363608992145e-11,2.9543870307674294e-07
2000-02-29,0.9699999999999998,0.6099999999999994,4.22290267245593,3.167279986666749,-0.10000000000000053,0,0.9999995984113308,4.336116121252758e-11,4.015452505960064e-07
2000-03-31,0.5699999999999994,0.6899999999999995,4.351238656479328,3.6930939027288723,-0.20000000000000018,0,0.9999995467520538,8.245611827877758e-12,4.5323953586612285e-07
2000-04-30,0.33000000000000007,0.7600000000000007,4.715098188433409,2.969339292514661,-0.2999999999999998,0,0.999999967388249,2.784317487319714e-12,3.26090557648399e-08
2000-05-31,0.6500000000000004,0.9100000000000001,4.355236667935536,3.0844675351097806,-0.09999999999999964,0,0.9999999571018643,1.2609881672896702e-11,4.288557132257986e-08
2000-06-30,0.40999999999999925,0.8100000000000005,4.472750131774639,3.6668803637086356,0.0,0,0.9999998376292883,6.790724103730423e-11,1.6230282427513953e-07
2000-07-31,0.08999999999999986,0.6999999999999993,3.7005266546146665,3.5360195395884197,0.0,0,0.9999996693964568,1.8990960179807215e-11,3.3058457830422345e-07
2000-08-31,-0.2599999999999998,0.71,3.027138998976664,3.296354955128411,0.0,0,0.9999997648460798,2.6804885149318847e-12,2.3515118762213877e-07
2000-09-30,-0.20000000000000018,0.7299999999999995,3.892073406009988,3.398100819314376,-0.10000000000000009,0,0.9999998909984302,2.1588058713882027e-11,1.0897988660137532e-07
2000-10-31,-0.3700000000000001,0.79,2.28784654435934,3.3921380945667323,0.10000000000000009,0,0.9999996319689439,9.280595258722001e-12,3.680217509081619e-07
2000-11-30,-0.4500000000000002,0.8299999999999992,1.832239381701406,3.3861962610176377,-0.10000000000000009,0,0.999999579142784,2.6654101411660657e-11,4.208307039027998e-07
2000-12-31,-0.5299999999999994,0.8099999999999996,0.7370489261560031,3.3783061243644497,-0.10000000000000009,0,0.999998740340627,8.906584597700972e-11,1.259570177641462e-06
2001-01-31,0.009999999999999787,0.7799999999999994,0.3968605295950667,3.6536392061926826,0.20000000000000018,0,0.9999924730442641,1.956613448545568e-09,7.524999016301778e-06
2001-02-28,0.21999999999999975,0.7700000000000005,-0.5684585549410315,3.4685557987889304,0.10000000000000053,0,0.999935340903919,3.6337967766374424e-08,6.462275796324987e-05
2001-03-31,0.46999999999999975,0.8599999999999994,-1.1286409834331934,2.938845899949971,0.3999999999999999,0,0.9978064632923592,4.3170437324911076e-07,0.0021931050033456665
2001-04-30,1.2699999999999996,0.8700000000000001,-2.081737191771804,3.1675553451145255,0.5000000000000004,0,0.9286993718150895,1.1395149224238769e-05,0.07128923303578649
2001-05-31,1.7699999999999996,0.7800000000000002,-2.8308748756755264,3.5010749372521133,0.3999999999999999,0,0.6845051216842835,5.738738214522672e-05,0.31543749093370654
2001-06-30,1.79,0.79,-3.399344940047566,3.1440143166975965,0.6000000000000001,2,0.4299009984969954,1.7912479248222362e-05,0.5700810890235467
2001-07-31,1.7300000000000004,0.8399999999999999,-3.8465520218339933,2.6851084722846252,0.39999999999999947,2,0.29126293023656813,3.8077981284477956e-06,0.7087332619653401
2001-08-31,1.6099999999999999,0.8300000000000001,-3.688732639067549,2.6851084722846252,0.7000000000000002,2,0.10872051865741955,3.231019116689921e-06,0.891276250323635
2001-09-30,2.0900000000000003,0.8599999999999994,-4.656928542032013,2.559138806936634,0.7000000000000002,2,0.019911592642221112,1.7826865376712366e-06,0.9800866246711503
2001-10-31,2.41,0.8799999999999999,-4.542112015695476,2.1053409197832273,0.8999999999999995,2,0.0011430685293829684,4.7491858251236156e-07,0.9988564565520488
2001-11-30,2.7800000000000002,0.8399999999999999,-5.176618471711869,1.876654449706816,1.2000000000000002,2,3.924235979548464e-06,1.3710399582738622e-07,0.9999959386601113
2001-12-31,3.4,1.2800000000000011,-4.892532380421244,1.5909426469977284,1.2000000000000002,2,4.4451151915107177e-07,1.4184087228263805e-06,0.9999981370796449
2002-01-31,3.39,1.3200000000000003,-3.7521389612118483,1.1888053959589584,1.1000000000000005,2,7.431282764291169e-05,2.7970803049315736e-06,0.9999228900919497
2002-02-28,3.1900000000000004,1.38,-3.0871399795138643,1.1299555253933669,0.7999999999999998,2,0.026503380464766208,4.115377909799491e-06,0.9734925041574647
2002-03-31,3.49,1.2999999999999998,-2.160665534497319,1.3536585717533356,0.7000000000000002,2,0.3588610574514434,6.872436769304277e-06,0.6411320701115792
2002-04-30,3.5,1.2699999999999996,-1.3139272506955457,1.6306237038396176,0.6000000000000005,0,0.8522455613816153,4.5851616752788483e-07,0.14775398010221197
2002-05-31,3.43,1.3399999999999999,-0.43422992539641214,1.2331994848170602,0.2999999999999998,0,0.9972579619463383,2.210955413152536e-09,0.0027420358426272985
2002-06-30,3.2299999999999995,1.3200000000000003,0.9166963899821745,1.063542070749346,0.09999999999999964,0,0.9999956723971044,9.179865821870904e-11,4.3275112562058e-06
2002-07-31,2.9700000000000006,1.37,1.5269796531774738,1.45497810147317,0.09999999999999964,0,0.9999993182516441,6.960292298532208e-11,6.816789318348761e-07
2002-08-31,2.6399999999999997,1.21,1.5307082573301933,1.7323707897457297,0.0,0,0.9999995453359712,7.540918456290844e-12,4.546562694253602e-07
2002-09-30,2.24,1.25,2.1233607274664834,1.504625766246015,0.0,0,0.999999840320028,1.2025019063751705e-11,1.5966777661266328e-07
2002-10-31,2.36,1.4100000000000001,2.189399039207185,2.006756305080959,-0.20000000000000018,0,0.9999996866554774,1.2518314790436222e-11,3.133318303683161e-07
2002-11-30,2.82,1.3100000000000005,3.354602639470894,2.2285044789434494,0.10000000000000053,0,0.999999866008702,1.375726360449718e-10,1.3385391204032208e-07
2002-12-31,2.8400000000000003,1.2400000000000002,2.839690891119062,2.4500111867899577,0.20000000000000018,0,0.9999995368972285,9.145421961625552e-11,4.630114034677298e-07
2003-01-31,2.88,1.1799999999999997,3.0249249793919297,2.720123300026245,0.0,0,0.9999997368691202,1.7594826801036983e-10,2.629549787234395e-07
2003-02-28,2.73,1.1099999999999994,3.132144603923681,3.0975927894305144,0.20000000000000018,0,0.9999991746684596,9.17920304464431e-10,8.244137346318643e-07
2003-03-31,2.68,1.0600000000000005,2.147714199668549,2.9803530390582367,0.20000000000000018,0,0.9999979974310961,9.367378825070559e-10,2.0016320223889697e-06
2003-04-30,2.83,1.1099999999999994,1.0631424521920785,2.1518071628943147,0.2999999999999998,0,0.9999967338156828,4.00165533042503e-10,3.2657839403587184e-06
2003-05-31,2.5,1.1600000000000001,0.6349016623750536,1.8764347468486875,0.1999999999999993,0,0.9999973594120395,4.885493713488794e-10,2.640099547224923e-06
2003-06-30,2.41,1.2200000000000006,-0.058888790114597356,1.9300295812365142,0.2999999999999998,0,0.9999902114602042,6.345480849545122e-10,9.7879051492336e-06
2003-07-31,3.08,1.13,0.48582182889527203,2.034714133086979,0.40000000000000036,0,0.9999907064561582,1.245727028104789e-09,9.292298072429061e-06
2003-08-31,3.5,1.13,0.3785213992541614,2.1918685707645658,0.1999999999999993,0,0.9999954070468423,7.84211416331593e-10,4.592168834928227e-06
2003-09-30,3.3299999999999996,1.0700000000000003,0.9363316998081572,2.3504771621375653,0.1999999999999993,0,0.9999970044936463,1.9457728629878512e-10,2.995311619965224e-06
2003-10-31,3.37,1.0300000000000002,1.2679010093433973,2.0213744784199683,0.0,0,0.9999991765988604,6.78120378045104e-11,8.233333860896392e-07
2003-11-30,3.3699999999999997,1.0099999999999998,1.377502622531246,1.910017137341935,-0.2999999999999998,0,0.9999993468993439,6.920435573324181e-11,6.530312335814235e-07
2003-12-31,3.3699999999999997,0.9799999999999995,1.9647599545641548,2.0147700304111282,-0.5999999999999996,0,0.9999990625201309,3.122630473433349e-10,9.371676239552369e-07
2004-01-31,3.2700000000000005,0.9000000000000004,1.2682820040776477,2.0060309446674474,-0.5,0,0.9999977132418961,1.2857389285488734e-10,2.2866293838316748e-06
2004-02-29,3.15,0.7699999999999996,1.750970522201012,1.6743572361286319,-0.5,0,0.999998797584153,6.666758986258221e-11,1.2023491979595748e-06
2004-03-31,2.89,0.7800000000000002,1.6132920720870025,1.725110166976851,-0.2999999999999998,0,0.9999991593180207,2.914872188417775e-11,8.406528209212297e-07
2004-04-30,3.4099999999999997,0.7299999999999995,2.581513520576273,2.266691756429129,-0.40000000000000036,0,0.9999992266742345,1.5804903257240267e-10,7.731675578264008e-07
2004-05-31,3.6999999999999997,0.71,3.3285665343309567,2.8565671754459565,-0.20000000000000018,0,0.9999994025735724,1.6587720454226545e-09,5.957676872391996e-07
2004-06-30,3.4600000000000004,0.7700000000000005,2.4175711825569657,3.1185322826999595,-0.10000000000000053,0,0.9999976829839865,7.392058361624471e-10,2.316276620553396e-06
2004-07-31,3.17,0.7999999999999998,2.649445595863753,2.8971983443331517,-0.20000000000000018,0,0.9999988745568738,1.1452349480558305e-10,1.1253285788707365e-06
2004-08-31,2.8000000000000003,0.8099999999999996,2.93495804979802,2.515519313719583,-0.1999999999999993,0,0.9999996179440861,1.2045740891928784e-10,3.81935524171592e-07
2004-09-30,2.48,0.8099999999999996,2.419301315399558,2.5074666596375472,-0.39999999999999947,0,0.9999989021954776,1.1342894795444971e-10,1.097690873230266e-06
2004-10-31,2.34,0.7400000000000002,3.1457469132811333,3.1410620621107554,-0.09999999999999964,0,0.9999987331624491,1.439085123181132e-09,1.2653983388273184e-06
2004-11-30,2.1200000000000006,0.6800000000000006,2.725523253460871,3.5575824973274273,-0.1999999999999993,0,0.9999928814862488,7.064831689152353e-10,7.11780737366279e-06
2004-12-31,2.0400000000000005,0.6800000000000006,3.489552750613445,3.2876768004109103,-0.1999999999999993,0,0.9999984204904391,1.2332811652920575e-10,1.5793861630478745e-06
2005-01-31,1.8899999999999997,0.6599999999999993,3.696498040297058,2.8051587929216915,-0.20000000000000018,0,0.9999995159606704,7.271494923351028e-11,4.839664126832175e-07
2005-02-28,1.63,0.6200000000000001,3.8183520356581013,3.007348768392948,0.0,0,0.9999992559631249,6.455701379575032e-11,7.439721233571172e-07
2005-03-31,1.7599999999999998,0.6599999999999993,4.084009642573161,3.156495615442445,-0.20000000000000018,0,0.9999994177680368,1.239530345550765e-10,5.82107968493559e-07
2005-04-30,1.56,0.7199999999999998,3.9282792693747126,3.306520060862894,-0.2999999999999998,0,0.9999993096964881,4.7236926859829973e-11,6.902561132618075e-07
2005-05-31,1.2999999999999998,0.8599999999999994,3.298476251386173,2.8288947691197386,-0.3000000000000007,0,0.9999997664431521,9.732486587757239e-13,2.3355604785063944e-07
2005-06-30,1.0299999999999998,0.9000000000000004,4.5305130477514055,2.50927959054863,-0.40000000000000036,0,0.9999999807282622,9.077686685186263e-12,1.9262704071016033e-08
2005-07-31,0.9599999999999995,0.8900000000000006,3.4689784505630428,3.0210630849103026,-0.2999999999999998,0,0.9999998143730581,7.598506933304899e-11,1.8555116152899412e-07
2005-08-31,0.8199999999999998,0.8700000000000001,3.727260613282457,3.582007658452291,-0.5,0,0.9999991302837915,1.249216455074768e-08,8.572239301388759e-07
2005-09-30,0.7800000000000002,0.9000000000000004,1.643859300512407,4.6328408046646175,-0.20000000000000018,0,0.9999653009944567,2.0719036006427415e-08,3.467828669341502e-05
2005-10-31,0.75,0.9500000000000002,2.000760967510118,4.258145205596442,-0.20000000000000018,0,0.9999914575542951,2.6581067745453924e-10,8.542179979248514e-06
2005-11-30,0.6600000000000001,0.9699999999999998,2.8704770845601857,3.2840303652906577,-0.09999999999999964,0,0.9999996852671342,2.929338546311514e-11,3.14703546821819e-07
2005-12-31,0.5799999999999996,0.9500000000000002,2.592022340889777,3.2840303652906577,-0.09999999999999964,0,0.9999995858916866,9.829238211557704e-11,4.1401011734393433e-07
2006-01-31,0.17999999999999972,0.9500000000000002,2.3906744493943144,3.9401361681989044,-0.2999999999999998,0,0.9999982807781861,4.02226047759207e-10,1.718819472861083e-06
2006-02-28,0.14000000000000057,0.9199999999999999,1.7095398611510326,3.5736319296131747,-0.10000000000000053,0,0.999998790435988,6.324353708435492e-11,1.2095008884097942e-06
2006-03-31,0.20999999999999996,0.8799999999999999,2.0699693050874046,3.3608050987300686,-0.2999999999999998,0,0.99999900876177,1.0998484748198586e-10,9.911280716659053e-07
2006-04-30,0.39000000000000057,0.8399999999999999,2.1581576050322404,3.550068538934159,-0.2999999999999998,0,0.9999980517455576,8.286199883332147e-10,1.9474257167557163e-06
2006-05-31,0.39000000000000057,0.7999999999999998,2.0935970079881905,3.90021578032691,-0.40000000000000036,0,0.999991990062219,2.3072167971726173e-09,8.00763050390012e-06
2006-06-30,0.3200000000000003,0.8900000000000006,1.9609850138842866,4.096653750655843,-0.3000000000000007,0,0.9999940229141797,8.415819444677069e-10,5.976244093242035e-06
2006-07-31,0.13999999999999968,0.9100000000000001,2.2268569921528147,4.022664031825407,0.0,0,0.9999982931013635,1.9037184067367214e-10,1.7067083717894428e-06
2006-08-31,-0.08000000000000007,0.9100000000000001,2.33939204532998,3.8514387586324084,-0.09999999999999964,0,0.9999991916891842,4.4126019402577213e-13,8.083101777339553e-07
2006-09-30,-0.08999999999999986,0.9199999999999999,4.129478686590637,1.992097749455457,-0.20000000000000018,0,0.9999999969741111,5.819541259871207e-14,3.025759880708149e-09
2006-10-31,-0.1899999999999995,0.9100000000000001,2.808298150256938,1.3965314248641114,-0.2999999999999998,0,0.9999999924830263,5.711690189301263e-14,7.516758676661853e-09
2006-11-30,-0.34000000000000075,0.8700000000000001,1.6485032252737675,1.9495743696699819,-0.09999999999999964,0,0.9999999443343783,4.7031425397876934e-14,5.566544749261837e-08
2006-12-31,-0.29000000000000004,0.8999999999999995,2.1475085785195525,2.492651488183384,-0.1999999999999993,0,0.9999999296101147,2.518305284019049e-13,7.038948620665613e-08
2007-01-31,-0.22000000000000064,0.9399999999999995,1.6509619589963442,2.054514742382274,-0.10000000000000053,0,0.9999999367819348,4.53776375010476e-14,6.321788484929852e-08
2007-02-28,-0.3100000000000005,0.8900000000000006,2.5466588717299565,2.3914366248373398,-0.20000000000000018,0,0.999999963560186,1.8616526394397139e-13,3.643975241643462e-08
2007-03-31,-0.3800000000000008,0.9699999999999998,2.4993089506856414,2.759763084754141,-0.09999999999999964,0,0.9999999522187875,4.383500737002468e-13,4.778082540557095e-08
2007-04-30,-0.17999999999999972,0.9199999999999999,2.8661330965338294,2.559878494901735,0.09999999999999964,0,0.9999999555461737,4.0875820034115075e-13,4.445330734717362e-08
2007-05-31,0.019999999999999574,0.9199999999999999,2.9363137883737345,2.6738184762487016,-0.09999999999999964,0,0.9999999496039903,2.434987832300968e-12,5.0393700889317704e-08
2007-06-30,0.4899999999999993,0.9100000000000001,2.677857645102044,2.657148166818324,0.1999999999999993,0,0.9999997879667941,1.131219859480985e-12,2.1203202230604357e-07
2007-07-31,0.17999999999999972,0.9199999999999999,2.6091066246559436,2.291435522260432,0.10000000000000053,0,0.99999993381198,4.753203604942143e-13,6.618748062900969e-08
2007-08-31,0.46999999999999975,0.8600000000000003,2.3635966753074555,1.8796714465866948,0.09999999999999964,0,0.9999999144915855,1.2802999038926252e-12,8.550725909962453e-08
2007-09-30,0.6299999999999994,0.8499999999999996,2.7519055894432043,2.7944163782901654,0.2999999999999998,0,0.9999995005615684,4.463954008554995e-11,4.993937364025807e-07
2007-10-31,0.6300000000000003,0.8200000000000003,2.5842470636043835,3.547040458223716,0.20000000000000018,0,0.999998400873579,6.364665479832271e-10,1.5984900275730508e-06
2007-11-30,0.8800000000000003,0.96,3.158361506109486,4.2803396582697495,0.2999999999999998,0,0.9999950039707275,5.7815884277471763e-08,4.938213580007569e-06
2007-12-31,1.0999999999999996,1.1600000000000001,2.179062867071835,4.026644880051222,0.40000000000000036,0,0.9999860603719078,1.1726882862419068e-06,1.2766939968326166e-05
2008-01-31,0.9900000000000002,1.21,2.3855121264066526,4.205031811145332,0.2999999999999998,0,0.9999308855246458,2.363770563160741e-05,4.5476769495435405e-05
2008-02-29,1.62,1.29,1.0546981058257465,4.059437761536788,0.3000000000000007,0,0.9965735737038481,0.0002709670450677043,0.003155459251296269
2008-03-31,2.25,1.38,0.571787680787228,3.8979372014913416,0.39999999999999947,0,0.9415509885943781,0.0020182149684560696,0.056430796437325126
2008-04-30,2.39,1.42,-0.7455398884006037,3.8294909498422847,0.2999999999999998,0,0.6714281151990235,0.0037209568309384097,0.32485092796996895
2008-05-31,2.15,1.3599999999999994,-1.4487525542850044,4.007048490962273,0.7000000000000002,2,0.10691434701248137,0.005741538054740853,0.88734411493283
2008-06-30,2.2399999999999993,1.3900000000000006,-1.739986064905441,4.818013152732981,0.5999999999999996,2,0.007514180316951168,0.006188075998076417,0.9862977436848479
2008-07-31,2.38,1.4900000000000002,-1.9779808004119381,5.351718445415354,0.7999999999999998,2,3.4241279762899526e-05,0.004487181186875793,0.9954785775333821
2008-08-31,2.17,1.5100000000000007,-3.7528263194579026,5.171936664573984,1.1999999999999993,2,5.214084661891587e-08,0.0016436539038547139,0.9983562939552447
2008-09-30,2.56,1.6599999999999993,-8.479599054855935,4.834549269997446,1.0,2,2.5731345358619504e-08,0.0010911612590478507,0.9989088130094409
2008-10-31,3.14,2.6000000000000005,-7.207960872579822,3.663138189931736,1.5,2,2.0928382359586938e-17,1.908289757615569e-06,0.999998091710042
2008-11-30,3.34,3.0900000000000007,-9.06889735831058,1.09391237236256,1.3999999999999995,2,1.0164444057909644e-23,2.97722659594806e-10,0.9999999997021405
2008-12-31,2.39,3.38,-11.964193114332655,-0.022230473340467682,1.7000000000000002,2,1.0340923059823422e-31,1.143348084640043e-13,1.0
2009-01-31,2.39,3.0900000000000007,-14.357673806250126,-0.11365057683114799,2.0,2,1.2695006822266303e-30,2.672150858427519e-14,1.0
2009-02-28,2.5700000000000003,2.8100000000000005,-14.57512418138478,0.008462782567963956,2.200000000000001,2,1.1681880402186465e-28,9.023858966638459e-14,1.0
2009-03-31,2.61,2.92,-15.848044863872346,-0.4474784608338389,2.5999999999999996,2,5.184127562149439e-35,1.6503344855655386e-15,1.0
2009-04-30,2.77,3.000000000000001,-16.033260791166892,-0.5779915821649162,2.5,2,3.0639115779747325e-35,1.429706659376649e-15,1.0
2009-05-31,3.11,2.5200000000000005,-16.44073136576596,-1.0209555557125327,2.6000000000000005,2,6.942109726457191e-31,1.2888854574845314e-15,1.0
2009-06-30,3.54,1.8899999999999997,-16.584776237891408,-1.2367914498850219,2.2,2,4.3426257653309815e-21,2.2323756085781715e-14,1.0
2009-07-31,3.38,1.6799999999999997,-15.10405954647327,-1.9781989747510664,1.7000000000000002,2,1.4960898509158132e-16,3.8853902099286055e-15,1.0
2009-08-31,3.42,1.3200000000000003,-12.430889854137384,-1.4949545348335924,1.299999999999999,2,2.728024940269899e-11,5.207165950660206e-13,0.9999999999722604
2009-09-30,3.28,1.1799999999999997,-7.048554700434639,-1.3875246181172862,1.1000000000000014,2,4.116680705213347e-08,4.041606172417756e-10,0.9999999584288171
2009-10-31,3.3200000000000003,1.1399999999999997,-7.768603596551227,-0.22421947830295608,1.0,2,3.972263568824146e-05,2.093095641088425e-09,0.999960275271012
2009-11-30,3.35,1.13,-6.006865768315706,1.896489585471972,0.5,2,0.07900721804018769,5.442101664736418e-07,0.9209922377494678
2009-12-31,3.54,1.1100000000000003,-2.741460081437541,2.7752542063598895,0.40000000000000036,0,0.6866538111453626,2.8232867611746465e-07,0.3133459065260182
2010-01-31,3.67,0.9900000000000002,0.8685217984815807,2.5873489607178612,0.3000000000000007,0,0.9973277277292474,9.390137447403376e-09,0.0026722628804638727
2010-02-28,3.58,0.9900000000000002,1.8535336725393314,2.1285217498988374,0.20000000000000107,0,0.9999962297450244,1.7827075414161532e-11,3.7702369408017625e-06
2010-03-31,3.58,1.0,4.114839347867694,2.260430128615809,0.09999999999999964,0,0.9999999583833423,1.6388815071317853e-12,4.161499532192389e-08
2010-04-30,3.69,0.96,5.286006474177807,2.1827739611836705,-0.09999999999999964,0,0.9999999957653927,1.640166034804082e-14,4.234679343982469e-09
2010-05-31,3.26,1.0899999999999999,7.6429507354724535,1.983742011461409,-0.3000000000000007,0,0.9999999999504325,1.2878184059422681e-15,4.972457969135771e-11
2010-06-30,3.08,1.3500000000000005,8.205294560772813,1.1153177381444834,-0.5,0,0.9999999999972715,1.780347353579725e-14,2.5418212182004337e-12
2010-07-31,2.8499999999999996,1.29,7.4615828502203385,1.3318695897958754,-0.40000000000000036,0,0.9999999999836291,2.7054494492634457e-14,1.6256361183308856e-11
2010-08-31,2.54,1.17,6.736648298075298,1.1436132834318435,-0.3000000000000007,0,0.999999999951342,3.2998537336013545e-14,4.8582622346886723e-11
2010-09-30,2.5,1.13,6.1534157279157675,1.1121053678139425,-0.40000000000000036,0,0.9999999998854037,5.871786118996722e-14,1.1467145116032358e-10
2010-10-31,2.41,1.04,5.600463438698178,1.1599417381349397,-0.5,0,0.999999999605734,2.803509640676124e-13,3.939422956991052e-10
2010-11-30,2.6199999999999997,1.0499999999999998,5.2545093717831115,1.0787057695652358,0.20000000000000107,0,0.9999999965762072,2.1828652719201566e-13,3.4237216386023747e-09
2010-12-31,3.15,1.08,5.823306283773544,1.4275547979703873,-0.09999999999999964,0,0.9999999994734026,1.1824019282139796e-12,5.252214693973347e-10
2011-01-31,3.24,1.0499999999999998,4.528406821775821,1.6864820984663353,-0.3000000000000007,0,0.9999999958563421,5.3636422502922545e-12,4.13837610954542e-09
2011-02-28,3.45,0.9300000000000006,3.7559375997720856,2.1026370112833703,-0.5,0,0.9999999503952507,1.6146039887518205e-11,4.9588425506194705e-08
2011-03-31,3.31,0.9000000000000004,4.107500594219982,2.5855268252593433,-0.5,0,0.9999999096553479,3.837432724226678e-10,8.996074739721522e-08
2011-04-30,3.4,0.8599999999999994,3.4452950360325474,3.0308370223773196,-0.3000000000000007,0,0.9999994891724268,3.6321974667087366e-08,4.7450579848646143e-07
2011-05-31,3.13,0.8200000000000003,2.2239771612835746,3.4004941179468062,-0.8000000000000007,0,0.9999112717881109,2.561318358582582e-08,8.87025986640512e-05
2011-06-30,2.96,0.7599999999999998,2.341258436576954,3.442382405719613,-0.20000000000000107,0,0.9999930490958483,3.173971734390563e-09,6.947730010354373e-06
2011-07-31,2.96,0.8300000000000001,2.4537794489509324,3.517292591450172,-0.09999999999999964,0,0.9999958911764963,1.5143718182645294e-09,4.107309290862254e-06
2011-08-31,2.28,0.9900000000000002,2.760830270926018,3.6862126476173707,0.0,0,0.9999976526551374,1.3290036666724256e-09,2.34601579976253e-06
2011-09-30,1.97,1.1799999999999997,2.383745484891975,3.7417373621400074,0.0,0,0.999997016578521,3.7541288822777185e-10,2.983046223442235e-06
2011-10-31,2.13,1.3900000000000001,3.35915826812494,3.4616554596579974,-0.29999999999999893,0,0.9999992959467567,3.5460423272544433e-10,7.036988203773896e-07
2011-11-30,1.9999999999999998,1.2699999999999996,3.263580688671386,3.3932062617840764,-0.40000000000000036,0,0.999999334275111,4.2271472081917316e-10,6.653022768510926e-07
2011-12-31,1.97,1.3199999999999998,2.819023965349743,3.01612114209604,-0.5999999999999996,0,0.9999987820322672,1.5103598187573133e-10,1.21781679034892e-06
2012-01-31,1.94,1.3800000000000003,3.624515241016457,2.9643908697416066,-0.6999999999999993,0,0.999999470146717,5.438872998171216e-11,5.297987409420191e-07
2012-02-29,1.88,1.2899999999999996,4.34344043233974,2.856975448285848,-0.6999999999999993,0,0.9999998826497245,4.821273638623628e-10,1.1686809580676087e-07
2012-03-31,2.09,1.2400000000000002,2.789423842790839,2.55008252286002,-0.8000000000000007,0,0.999998465735911,1.1376127110434496e-11,1.5342528836235032e-06
2012-04-30,1.9699999999999998,1.2300000000000004,3.829749631553536,2.2477119945619073,-0.6000000000000014,0,0.9999999489309643,9.006281790448309e-13,5.106815975160437e-08
2012-05-31,1.71,1.2700000000000005,3.9398691716652223,1.7230134384217166,-0.40000000000000036,0,0.9999999903207026,7.227965699338974e-13,9.678678462516334e-09
2012-06-30,1.53,1.3799999999999994,3.6433668592995794,1.6403429586643092,-0.3000000000000007,0,0.9999999856586329,1.8156968614285568e-12,1.4339612107194716e-08
2012-07-31,1.43,1.4700000000000002,3.3615396925799956,1.407558729848013,-0.10000000000000142,0,0.9999999731844585,1.777685364499271e-11,2.6797826872779662e-08
2012-08-31,1.5799999999999998,1.4300000000000002,2.259868264004794,1.67188077526923,-0.20000000000000107,0,0.9999998521302695,9.728322090364032e-12,1.4785998581661046e-07
2012-09-30,1.6099999999999999,1.3499999999999996,2.269214517929452,1.9309534160266928,-0.39999999999999947,0,0.9999998068319842,1.5253954330555112e-11,1.9315284114398672e-07
2012-10-31,1.65,1.1099999999999999,1.9243671881246094,2.1327719237691944,-0.39999999999999947,0,0.9999996184725024,4.0154612034030604e-12,3.815235439903285e-07
2012-11-30,1.5599999999999998,1.0099999999999998,2.2991201751311863,1.7800818183119738,-0.4999999999999991,0,0.9999998061598677,2.395676467319064e-12,1.9383793897109755e-07
2012-12-31,1.65,0.98,2.006568675034348,1.74420490055045,-0.29999999999999893,0,0.9999998137787034,3.333524285746899e-12,1.862179774857093e-07
2013-01-31,1.8399999999999999,0.9300000000000006,1.4364242757962664,1.6700386614722618,-0.1999999999999993,0,0.9999995937283445,4.8456745319303935e-12,4.062669245930102e-07
2013-02-28,1.88,0.9499999999999997,1.5819744153002802,1.9980459426809816,-0.39999999999999947,0,0.9999992423320833,1.2687027097754116e-12,7.576664767612422e-07
2013-03-31,1.8699999999999999,0.9199999999999995,2.5031406628013286,1.5073297321459123,-0.2999999999999998,0,0.9999999149672513,1.5352807040115027e-12,8.503123968469005e-08
2013-04-30,1.7,0.8599999999999999,1.700030359718685,1.1323724421044012,-0.20000000000000018,0,0.9999998295061377,8.920708873179594e-13,1.7049288587974784e-07
2013-05-31,1.89,0.8400000000000003,1.5474428494752779,1.3808115942114618,-0.20000000000000018,0,0.9999996701567941,2.097621099470344e-12,3.298409992173312e-07
2013-06-30,2.25,0.9200000000000008,1.7491920487344714,1.7012400261643634,-0.40000000000000036,0,0.9999995280237476,7.470816327622401e-11,4.71901319795534e-07
2013-07-31,2.54,0.9800000000000004,1.2288384241451844,1.8679171018338714,-0.7000000000000002,0,0.999995178030788,1.696315834009012e-11,4.821952337714945e-06
2013-08-31,2.7,0.8799999999999999,2.2342116950285984,1.5270898906586616,-0.5,0,0.9999997086234058,1.5430069518981097e-12,2.9137498284275444e-07
2013-09-30,2.79,0.8300000000000001,2.814777157659254,1.088785270925996,-0.2999999999999998,0,0.9999999509250314,2.557134487430018e-12,4.907262490048035e-08
2013-10-31,2.5700000000000003,0.7799999999999994,2.389076693166725,0.8729775818349772,-0.39999999999999947,0,0.9999998942689727,6.935852581600113e-12,1.0572418249580764e-07
2013-11-30,2.6500000000000004,0.75,2.256318831125359,1.2253322438004588,-0.5999999999999996,0,0.99999948877998,8.88339964218431e-11,5.111313599316474e-07
2013-12-31,2.83,0.7599999999999998,2.220507312477338,1.5015090867017022,-0.7999999999999998,0,0.9999973463367235,5.081561003977662e-10,2.653155046628438e-06
2014-01-31,2.82,0.7000000000000002,1.8396027756541145,1.545750281811209,-0.7000000000000002,0,0.9999960398523596,6.32924505968386e-11,3.9600842713866475e-06
2014-02-28,2.66,0.6499999999999995,2.1258528614825245,1.1142438176857894,-0.5,0,0.9999993564799549,1.4056852641587552e-11,6.435061329057581e-07
2014-03-31,2.6700000000000004,0.6799999999999997,2.6876646038310525,1.5998291291059452,-0.5,0,0.9999995212680242,1.3158037861911295e-09,4.774162206346214e-07
2014-04-30,2.68,0.6600000000000001,2.870719305970315,1.995090359296281,-1.0,0,0.9999755028024272,1.8141759101557755e-09,2.449538346718018e-05
2014-05-31,2.5300000000000002,0.5999999999999996,3.1750840797103663,2.1438031323914863,-0.6000000000000005,0,0.9999982928003213,3.261853774362179e-10,1.70687346527132e-06
2014-06-30,2.56,0.5499999999999998,3.310437075493411,2.0380712080756425,-0.6000000000000005,0,0.999998345221234,5.399751529192262e-11,1.6547245632036207e-06
2014-07-31,2.5100000000000002,0.5700000000000003,3.8429908318683204,1.9550025496311463,-0.39999999999999947,0,0.9999997519189799,8.201132308316193e-11,2.479991144272772e-07
2014-08-31,2.39,0.6100000000000003,3.0774608253078206,1.7005565715979998,-0.6000000000000005,0,0.9999992346796007,1.517915091302085e-10,7.651686959346695e-07
2014-09-30,2.51,0.6899999999999995,2.857223343214521,1.6700280492135455,-0.7999999999999998,0,0.9999980459025203,2.5842910163221645e-11,1.954071516958119e-06
2014-10-31,2.28,0.7700000000000005,2.9480610871910784,1.596725913786301,-0.5,0,0.9999998258285966,9.233856381749084e-13,1.7417026045583832e-07
2014-11-30,2.31,0.8700000000000001,3.330040221437258,1.2240034107743547,-0.5,0,0.9999999671667871,3.288589656830565e-13,3.283299250506445e-08
2014-12-31,2.18,0.9500000000000002,3.1212702728531383,0.6509977956253188,-0.5,0,0.9999999846104403,1.1989266301488172e-13,1.5389412352451612e-08
2015-01-31,1.8499999999999999,0.9900000000000002,2.689740698592935,-0.2301957253808773,-0.5,0,0.9999999895894689,1.0589694188832301e-12,1.040957251562719e-08
2015-02-28,1.96,0.8999999999999999,1.296299772199827,-0.0870693573011394,-0.5999999999999996,0,0.9999997510608719,3.1729589057947855e-12,2.489360495375633e-07
2015-03-31,2.0100000000000002,0.8999999999999999,-0.0027479861188339783,-0.02203371166791257,-0.5,0,0.9999984221097918,1.641308579477162e-12,1.5778887178950443e-06
2015-04-30,1.92,0.9600000000000004,-0.6465428469033085,-0.10408513918598317,-0.2999999999999998,0,0.9999980308526862,2.7139722895142265e-12,1.969144721136178e-06
2015-05-31,2.18,0.9099999999999997,-1.471257928539238,0.03502708304532476,-0.20000000000000018,0,0.99999256733906,9.75108720838412e-12,7.4326513466257535e-06
2015-06-30,2.34,0.9399999999999995,-2.128891158796531,0.17941077233718516,-0.2999999999999998,0,0.9999744526169839,1.4253498560028282e-11,2.5547368596491943e-05
2015-07-31,2.29,1.0499999999999998,-1.7047614915356668,0.22543182246153037,-0.5,0,0.9999741883146065,2.4733078463039342e-11,2.581166077949748e-05
2015-08-31,2.1,1.1500000000000004,-1.699798783316897,0.24101312842326195,-0.40000000000000036,0,0.9999781195176206,2.482285998872712e-10,2.188023424944992e-05
2015-09-30,2.15,1.2699999999999996,-2.266227489687367,0.008842570667333405,-0.40000000000000036,0,0.9997228259317594,4.033953054086809e-09,0.0002771700343849467
2015-10-31,2.05,1.3899999999999997,-2.7628846300427945,0.12753519995021279,-0.40000000000000036,0,0.9958607319234708,3.090439960999878e-08,0.004139237172341406
2015-11-30,2.1399999999999997,1.4000000000000004,-4.116651538230354,0.43536910873953616,-0.5,0,0.9763644094924387,1.454720973909218e-08,0.023635575960239356
2015-12-31,2.0100000000000002,1.4899999999999998,-4.600357085126117,0.6366935496003201,-0.2999999999999998,0,0.9731806479750141,2.642105925125032e-09,0.0268193493828233
2016-01-31,1.8299999999999998,1.4500000000000002,-3.289780752387017,1.2299080308038057,-0.40000000000000036,0,0.9855240402790767,1.9429012503571687e-09,0.014475957778117887
2016-02-29,1.47,1.38,-3.169016861685492,0.8437083293303616,-0.1999999999999993,0,0.9971694498306811,2.9163939254451237e-10,0.0028305498774637
2016-03-31,1.5999999999999999,1.31,-3.5785857591496217,0.8876646705649804,0.0,0,0.999315178354326,4.2791675343606683e-11,0.0006848216026952036
2016-04-30,1.58,1.17,-2.693864592129369,1.1658037736477667,0.09999999999999964,0,0.9999195214903414,4.312542275129187e-11,8.047846635766186e-05
2016-05-31,1.54,1.0299999999999998,-2.478618579630698,1.0727023823578818,-0.2999999999999998,0,0.9999526024353885,4.397615384565217e-12,4.7397560165044775e-05
2016-06-30,1.3699999999999999,1.0300000000000002,-1.6923578791116611,1.0735038085898374,-0.09999999999999964,0,0.9999908706311724,5.192828327078428e-12,9.129363601635092e-06
2016-07-31,1.2,0.94,-2.221225862676146,0.8646147538590832,0.0,0,0.999986749589901,1.610815693485479e-12,1.3250408309916118e-05
2016-08-31,1.26,0.9200000000000004,-2.1880267559708066,1.0497862708119143,0.0,0,0.999984699796366,3.0474294044028345e-12,1.5300200494145397e-05
2016-09-30,1.3399999999999999,0.8999999999999995,-2.0140991333425617,1.5367755028160346,0.0,0,0.9999810025159711,9.47926416542305e-12,1.8997474539580866e-05
2016-10-31,1.43,0.8700000000000001,-1.5137812015703744,1.6718709909869567,-0.1999999999999993,0,0.9999816170636974,1.3955503648339147e-11,1.838292213187299e-05
2016-11-30,1.6900000000000002,0.8500000000000001,-1.1933703009724184,1.6703058710160867,-0.09999999999999964,0,0.9999873124488632,1.456755938814788e-11,1.26875367787899e-05
2016-12-31,1.9800000000000002,0.7700000000000005,-0.020498517968281504,2.0300531865359517,-0.20000000000000018,0,0.9999913577603916,3.4281933251612784e-10,8.641896747763618e-06
2017-01-31,1.9200000000000002,0.7400000000000002,-0.8063705883246008,2.4794005969470234,-0.09999999999999964,0,0.9999602168228396,1.9020210633125885e-09,3.9781275060634145e-05
2017-02-28,1.9,0.6899999999999995,-0.6888260858596063,2.771595651900416,-0.3000000000000007,0,0.9998808633650694,2.863188632078697e-09,0.00011913377174785464
2017-03-31,1.74,0.6699999999999999,0.713654179033707,2.411875271120234,-0.5999999999999996,0,0.9999419846471295,3.1636436696593585e-10,5.801503645859312e-05
2017-04-30,1.4999999999999998,0.7000000000000002,1.3896012736654306,2.152881766915282,-0.5,0,0.9999947103559702,1.4517505851914311e-11,5.289629492215123e-06
2017-05-31,1.4099999999999997,0.6999999999999997,1.7349417238220255,1.8393234242362055,-0.2999999999999998,0,0.9999991654466457,5.774206361264098e-12,8.345476837264552e-07
2017-06-30,1.21,0.69,1.46948090318606,1.6272539252383034,-0.40000000000000036,0,0.9999989018507794,6.383090184159192e-12,1.0981428608448414e-06
2017-07-31,1.2499999999999998,0.6899999999999995,1.1125846787969351,1.7103963201701156,-0.40000000000000036,0,0.9999978979898779,7.317987942873072e-12,2.1020028869489696e-06
2017-08-31,1.2,0.6799999999999997,0.8486898844542345,1.9097688270304225,-0.1999999999999993,0,0.9999977424870865,5.539254009973084e-12,2.257507238392418e-06
2017-09-30,1.1700000000000002,0.6699999999999999,1.057423154141901,2.1571309611642775,-0.10000000000000053,0,0.9999977896401887,1.3695730772535635e-12,2.210358264563428e-06
2017-10-31,1.2899999999999998,0.7200000000000002,2.2661238870592015,2.0006113975012063,-0.20000000000000018,0,0.999999639117115,1.2202840929492028e-12,3.6088172780025333e-07
2017-11-30,1.12,0.6999999999999997,2.9231274376866345,2.14923152856894,-0.20000000000000018,0,0.9999998084549772,2.80552912414854e-12,1.9154225627986012e-07
2017-12-31,1.0799999999999998,0.71,2.437200965110975,2.107564724618083,-0.20000000000000018,0,0.9999996942975043,1.8001243863579987e-12,3.057006844988089e-07
2018-01-31,1.1700000000000002,0.71,2.6985469559747344,2.128504628435035,-0.2999999999999998,0,0.999999716671977,1.730658219481567e-12,2.8332633536929353e-07
2018-02-28,1.2899999999999998,0.69,3.342989548344999,2.2382325747230425,-0.3000000000000007,0,0.9999998226603724,2.6097447142534913e-12,1.7733724179516319e-07
2018-03-31,1.14,0.7699999999999996,3.173900895191739,2.30419804576103,-0.2999999999999998,0,0.9999998584921841,1.7404699870310513e-12,1.415059678371818e-07
2018-04-30,1.11,0.8199999999999998,3.2561654350065083,2.4409609642525254,-0.20000000000000018,0,0.9999998905746057,1.9611011344395788e-11,1.0940561639312389e-07
2018-05-31,1.1199999999999999,0.8300000000000001,2.2332954145206863,2.7439291721927717,-0.40000000000000036,0,0.9999989251588296,8.146203512190781e-12,1.0748329722210265e-06
2018-06-30,1.0100000000000002,0.8700000000000001,2.801429704395275,2.768861466242001,-0.09999999999999964,0,0.9999997501186356,3.317110526679263e-12,2.4987799611799957e-07
2018-07-31,0.9300000000000002,0.9199999999999999,3.2024927606124187,2.8141534173609095,-0.20000000000000018,0,0.9999998660691835,8.812611308684243e-13,1.3393011643572265e-07
2018-08-31,0.8600000000000003,0.8899999999999997,4.261482433655139,2.6086020438052415,-0.2999999999999998,0,0.9999999739316084,5.844171292683954e-13,2.6067683700530318e-08
2018-09-30,0.8700000000000001,0.8999999999999999,4.223372800194269,2.3052782030269725,-0.2999999999999998,0,0.9999999849701454,2.4487948398098607e-12,1.502744212941337e-08
2018-10-31,0.8999999999999999,0.9300000000000006,2.888738661808876,2.4614877571210947,-0.20000000000000018,0,0.9999998989333159,9.719462925346824e-13,1.0106562854878955e-07
2018-11-30,0.79,1.0,2.7290824361958954,2.124598297730884,0.0,0,0.9999999370124917,3.417108065312793e-13,6.298734900808698e-08
2018-12-31,0.45999999999999996,1.1100000000000003,2.5582496341902683,1.9825969223167483,-0.10000000000000009,0,0.9999999642204791,7.041158759439865e-13,3.577895928193348e-08
2019-01-31,0.33999999999999986,1.19,1.8935999258555825,1.4766332681220184,0.20000000000000018,0,0.9999999095739481,7.571182594030541e-13,9.042534953517173e-08
2019-02-28,0.29000000000000004,1.1600000000000001,1.1035304139436874,1.5074423162215744,0.0,0,0.999999876424234,5.197940414387845e-13,1.2357502353934733e-07
2019-03-31,0.16999999999999993,1.0699999999999998,0.6524229997594055,1.865673916713817,0.09999999999999964,0,0.99999970133017,2.9874123068950547e-12,2.9866691173656617e-07
2019-04-30,0.1499999999999999,1.0100000000000002,-1.0300329046739165,1.980834757598604,-0.09999999999999964,0,0.99999778851742,2.6393495416667313e-13,2.21148214855773e-06
2019-05-31,0.04999999999999982,0.96,-0.010156527726312703,1.779974595956002,-0.19999999999999973,0,0.9999994362616914,4.787413836377931e-13,5.637376117863094e-07
2019-06-30,-0.10000000000000009,1.04,-0.7396616510661147,1.6573840904157144,-0.2999999999999998,0,0.9999988074389711,1.0930539323747444e-12,1.1925598144942672e-06
2019-07-31,-0.040000000000000036,0.9900000000000002,-1.38702910532702,1.8098542197341416,-0.2999999999999998,0,0.9999962340428254,5.12208022123273e-13,3.7659568620855186e-06
2019-08-31,-0.32000000000000006,0.8900000000000001,-1.3487295328134863,1.7227168654438962,-0.19999999999999973,0,0.9999980893212587,4.007795481742808e-13,1.910678313251352e-06
2019-09-30,-0.18999999999999995,0.8800000000000003,-1.7527282326511795,1.6704673825508998,-0.2999999999999998,0,0.9999946614499715,8.169627044572017e-13,5.3385490680879046e-06
2019-10-31,0.06000000000000005,0.9100000000000001,-2.4902254934305645,1.7191119291485535,-0.10000000000000009,0,0.9999901350011001,7.220271259294353e-13,9.864997979558519e-06
2019-11-30,0.27,0.8799999999999999,-2.0688555143530962,2.070702599713048,0.0,0,0.9999895615659646,6.470264173262744e-12,1.0438427508173856e-05
2019-12-31,0.32000000000000006,0.8700000000000001,-2.326024148153749,2.2930353112747603,0.0,0,0.9999735803209987,1.519119303704237e-10,2.6419527158337973e-05
2020-01-31,0.24,0.8300000000000001,-2.3170157023225,2.566548531176416,-0.10000000000000009,0,0.9996543211746773,7.402208842785269e-09,0.00034567142320698517
2020-02-29,-0.020000000000000018,0.8300000000000001,-1.4334467077149249,2.3143283045387264,-0.10000000000000009,0,0.9921146951370833,3.6732163903355177e-07,0.007884937541122614
2020-03-31,0.5800000000000001,1.27,-5.461517377071523,1.4829891206053603,0.9000000000000004,2,0.06142624062956979,1.8446576431674625e-07,0.9385735749048917
2020-04-30,0.52,1.6999999999999997,-19.01716756450096,0.3125583212112204,11.200000000000001,2,7.424885486201478e-279,3.872474705431017e-90,1.0
2020-05-31,0.54,1.4500000000000002,-17.492185946287808,0.19800514395234003,9.6,2,5.856774466264947e-205,9.178962687911233e-71,1.0
2020-06-30,0.57,1.2000000000000002,-11.189363982160927,0.7141005055379956,7.4,2,2.2091168761565296e-125,2.1404049203061333e-47,1.0
2020-07-31,0.49,1.17,-7.024592365144322,0.9919288416800676,6.6,2,2.328094436869248e-103,1.2629235538673007e-39,1.0
2020-08-31,0.55,1.02,-6.733968805509427,1.2729335637454042,4.9,2,1.0564243889842145e-56,6.884328077715119e-26,1.0
2020-09-30,0.5700000000000001,1.0499999999999998,-6.382519539934695,1.3814369605231747,3.3999999999999995,2,2.607008347367743e-28,7.448992841229716e-17,1.0
2020-10-31,0.6900000000000001,1.0899999999999999,-4.732940789775952,1.2228786101180944,-7.9,2,1.2672847073041033e-160,8.883940738526534e-59,1.0
2020-11-30,0.78,1.0,-4.880507542197332,1.1688870339403579,-6.499999999999999,2,3.109423062774902e-111,3.2818646127299343e-43,1.0
2020-12-31,0.8400000000000001,0.9000000000000004,-3.336553581646573,1.3117775848018987,-4.3,2,6.0443418469738705e-50,7.330407655681376e-23,1.0
2021-01-31,1.0,0.79,-2.15258716698159,1.3462176684101657,-3.799999999999999,2,9.991733844574139e-39,1.4576873714887494e-18,1.0
2021-02-28,1.22,0.7199999999999998,-5.848305012524868,1.653752235152517,-2.2,2,5.702317678263268e-19,1.2992786333220472e-13,1.0
2021-03-31,1.58,0.7000000000000002,0.99881623082263,2.589818557333068,-1.7000000000000002,2,3.889519898205459e-07,0.0008097558765450984,0.9991898551714113
2021-04-30,1.6199999999999999,0.7000000000000002,15.316849920100317,4.054074012380138,-0.8000000000000007,1,0.004710583402130301,0.9952894163902799,2.073848068335161e-10
2021-05-31,1.6,0.6600000000000001,14.560034252893761,4.808960039366905,-0.9000000000000004,1,0.0007183494009999449,0.9992816505716026,2.7614486598225088e-11
2021-06-30,1.48,0.6499999999999999,8.579594049803507,5.180864153386899,-0.7999999999999998,1,0.0002488888539031934,0.9997059386676876,4.51724784576635e-05
2021-07-31,1.27,0.6700000000000004,5.353968964229505,5.135038540661618,-1.0,1,4.430056627129483e-05,0.9707715567785361,0.02918414265496813
2021-08-31,1.23,0.6900000000000004,4.172880111690969,5.051556217832154,-1.1000000000000005,1,2.2288735424749436e-06,0.692028363511353,0.30796940761489167
2021-09-30,1.33,0.7000000000000002,2.9680125145707947,5.224631266140722,-1.3999999999999995,2,9.910529578118486e-09,0.12200741028909587,0.8779925798005898
2021-10-31,1.53,0.6699999999999999,3.500869128884787,6.040427962072492,-1.5999999999999996,2,6.695519402165312e-11,0.018573843636937613,0.9814261562961879
2021-11-30,1.51,0.6599999999999997,3.823509280001236,6.640140539349737,-1.5999999999999996,2,1.0138476458636718e-11,0.005967517638115901,0.9940324823517819
2021-12-31,1.41,0.6499999999999999,2.221513767596228,6.914779470677956,-2.0000000000000004,2,1.6451671490980885e-16,0.004553645706524408,0.9954463542933034
2022-01-31,1.61,0.6499999999999999,1.3095223095463737,7.304674640925413,-1.4000000000000004,2,7.58203893525963e-12,0.14660210024628628,0.8533978997463312
2022-02-28,1.5999999999999999,0.7200000000000002,5.287318003183827,7.649075370679181,-1.2999999999999998,1,2.491542526354008e-09,0.6450882036784752,0.354911793829998
2022-03-31,1.69,0.8599999999999999,3.0086919088748054,8.195577028061951,-1.0,1,5.944042291805655e-10,0.9178327066597115,0.08216729274573002
2022-04-30,1.99,0.9000000000000004,2.881518092575863,7.913609754079243,-0.7999999999999998,1,4.5339115831261055e-09,0.9835001410572081,0.01649985440883997
2022-05-31,1.92,0.9900000000000002,1.8929989854052032,8.185692295630442,-0.6000000000000001,1,5.692626308962317e-10,0.9985505092683431,0.0014494901622517694
2022-06-30,1.6500000000000001,1.0299999999999994,1.2143561603657815,8.617125715539586,-0.2999999999999998,1,1.3563498115694498e-11,0.9999585178548192,4.148213165939888e-05
2022-07-31,0.6699999999999999,1.1500000000000004,0.9639985132570139,8.109856427691309,-0.5,1,9.616161841166414e-13,0.9999892251110634,1.0774887937185781e-05
2022-08-31,0.27,1.08,1.0466437397034234,7.896140074454561,-0.19999999999999973,1,2.471617748352987e-12,0.9999955035378799,4.496459744194366e-06
2022-09-30,0.3900000000000001,1.1000000000000005,2.432199480547581,7.8864335965776355,-0.20000000000000018,1,3.2441332221833313e-12,0.9999944307792715,5.569217485303175e-06
2022-10-31,0.2599999999999998,1.1600000000000001,1.059189107877323,7.4710932565496435,-0.10000000000000009,1,1.4105237061573564e-11,0.9999928651327411,7.134852951832097e-06
2022-11-30,-0.26000000000000023,1.17,0.08898993058812366,6.888574919336055,0.0,1,1.8672541598766278e-10,0.9999920768732514,7.922940206127336e-06
2022-12-31,-0.6299999999999999,1.1600000000000001,-0.8048401478637501,6.2137187217222944,-0.10000000000000009,1,1.6674652219851108e-08,0.9999699652343567,3.001809098047898e-05
2023-01-31,-1.0100000000000002,1.0999999999999996,0.31830117570867955,6.14741085232744,0.0,1,2.710967442439701e-06,0.9997235722424667,0.00027371679031702457
