date,atm_iv_10d,atm_iv_30d,term_slope,rr_25d,bfly_25d,smile_slope,atm_iv_60d,term_curv,rv30_ann,ivvar_30d,vrp_30d,vix_close,vix_open,vix_high,vix_low,vix9d_close,vix9d_open,vix9d_high,vix9d_low,vvix,vix_ret1,vix_ma5,vix_ma20,vix9d_ret1,vix9d_ma5,vix9d_ma20,vix_var,vrp_30d_vix,ivrv_ratio_vix,vix_minus_atmiv30,atmiv_to_vix_ratio
2022-01-03,0.10948150000000001,0.1253695,0.015887999999999985,0.06313699999999998,0.011037999999999992,0.042832499999999996,0.1453325,0.004075000000000023,,0.01571751153025,,16.6,17.6,18.54,16.56,16.6,17.6,18.54,16.56,108.45,0.0,,,0.0,,,0.027556000000000004,,,0.040630500000000014,0.7552379518072289
2022-01-04,0.109268,0.1258285,0.016560500000000006,0.06295700000000001,0.011164000000000007,0.04300949999999998,0.14598699999999998,0.0035979999999999623,,0.015832811412250004,,16.91,16.57,17.81,16.34,16.91,16.57,17.81,16.34,109.31,0.0,,,0.0,,,0.028594810000000002,,,0.04327149999999999,0.7441070372560615
2022-01-05,0.152113,0.1573875,0.005274500000000015,0.07867600000000002,0.008799499999999988,0.0504135,0.16771999999999998,0.005057999999999951,,0.024770825156250006,,19.73,17.07,20.17,16.58,19.73,17.07,20.17,16.58,119.31,0.0,17.976000000000003,,0.0,17.976000000000003,,0.03892729,,,0.03991249999999999,0.7977065382665991
2022-01-06,0.1483875,0.15885549999999998,0.010467999999999977,0.07968699999999998,0.008137000000000005,0.04820450000000001,0.16847600000000001,-0.0008474999999999455,,0.025235069880249993,,19.61,20.29,21.06,19.08,19.61,20.29,21.06,19.08,117.82,0.0,19.118000000000002,,0.0,19.118000000000002,,0.03845521,,,0.037244500000000014,0.8100739418663946
2022-01-07,0.13602999999999998,0.152895,0.01686500000000002,0.073152,0.007406999999999997,0.044796,0.16462549999999998,-0.005134500000000042,,0.023376881025,,18.76,19.85,20.8,18.57,18.76,19.85,20.8,18.57,113.86,0.0,19.294,,0.0,19.294,,0.035193760000000004,,,0.034705000000000014,0.815005330490405
2022-01-10,0.15054,0.1567235,0.006183499999999981,0.07544899999999999,0.007915000000000005,0.0454165,0.16582550000000001,0.002918500000000046,,0.024562255452249996,,19.4,19.58,23.33,19.29,19.4,19.58,23.33,19.29,113.02,0.0,19.186,,0.0,19.186,,0.03763599999999999,,,0.03727649999999999,0.8078530927835051
2022-01-11,0.141575,0.148289,0.006713999999999998,0.071814,0.009655999999999998,0.045512,0.1581955,0.003192499999999987,,0.021989627521,,18.41,19.62,21.0,18.2,18.41,19.62,21.0,18.2,111.61,0.0,18.875999999999998,,0.0,18.875999999999998,,0.03389281,,,0.03581100000000001,0.8054807170016295
2022-01-12,0.1330405,0.1435125,0.010471999999999981,0.067842,0.009480500000000003,0.04348750000000001,0.1552615,0.0012770000000000281,,0.020595837656249998,,17.62,18.17,18.69,17.36,17.62,18.17,18.69,17.36,113.94,0.0,18.292,,0.0,18.292,,0.03104644000000001,,,0.032687500000000036,0.8144863791146423
2022-01-13,0.16848000000000002,0.16992800000000002,0.0014480000000000048,0.079043,0.006492499999999957,0.04637299999999997,0.1743205,0.002944499999999961,,0.02887552518400001,,20.31,18.06,20.61,17.45,20.31,18.06,20.61,17.45,123.44,0.0,18.854,,0.0,18.854,,0.04124960999999999,,,0.03317199999999995,0.8366715903495817
2022-01-14,0.1523065,0.160201,0.007894499999999999,0.07383899999999999,0.006436499999999984,0.04336899999999999,0.16751149999999998,-0.0005840000000000289,,0.025664360401000005,,19.19,20.11,22.07,19.05,19.19,20.11,22.07,19.05,117.57,0.0,19.324,18.654,0.0,19.324,18.654,0.03682561000000001,,,0.031699000000000005,0.8348150078165711
2022-01-18,0.215093,0.199038,-0.016055000000000014,0.08141299999999999,0.004536499999999999,0.04520200000000002,0.19558399999999998,0.012601000000000001,,0.039616125444,,22.79,21.18,23.2,21.18,22.79,21.18,23.2,21.18,127.95,0.0,20.854000000000003,19.273000000000003,0.0,20.854000000000003,19.273000000000003,0.05193841,,,0.028862,0.8733567354102677
2022-01-19,0.2138025,0.204149,-0.00965350000000001,0.08146599999999998,0.0045550000000000035,0.045226000000000016,0.200922,0.006426500000000002,,0.041676814201,,23.85,23.12,23.99,21.85,23.85,23.12,23.99,21.85,129.85,0.0,22.494,19.967000000000002,0.0,22.494,19.967000000000002,0.05688225000000001,,,0.03435100000000002,0.8559706498951781
2022-01-20,0.22635899999999998,0.217257,-0.009101999999999971,0.08484599999999998,0.005038999999999988,0.049633999999999984,0.21300750000000002,0.004852499999999982,,0.047200604049000006,,25.59,23.46,25.89,21.68,25.59,23.46,25.89,21.68,135.6,0.0,24.334,20.553,0.0,24.334,20.553,0.06548481,,,0.03864300000000001,0.848991793669402
2022-01-21,0.26631099999999996,0.2438055,-0.022505499999999956,0.08416700000000002,0.005066000000000015,0.0744515,0.2315305,0.01023049999999992,,0.05944112183025001,,28.85,25.38,29.79,25.31,28.85,25.38,29.79,25.31,149.5,0.0,26.546000000000003,21.477,0.0,26.546000000000003,21.477,0.08323225000000002,,,0.044694500000000026,0.8450797227036394
2022-01-24,0.2961415,0.248997,-0.047144500000000006,0.09925099999999998,0.006568500000000005,0.05683400000000002,0.2352445,0.03339200000000003,0.044655483215543,0.061999506009,0.017344022793456995,29.9,28.2,38.94,28.02,29.9,28.2,38.94,28.02,154.38,0.0,28.618000000000002,22.591,0.0,28.618000000000002,22.591,0.089401,0.04474551678445699,2.0020161817190383,0.05000299999999999,0.8327658862876255
2022-01-25,0.3134745,0.2628865,-0.050587999999999966,0.10468699999999997,0.005104999999999971,0.0570485,0.2454695,0.03317099999999995,0.05104814655609719,0.06910931188225002,0.018061165326152824,31.16,32.29,35.85,29.13,31.16,32.29,35.85,29.13,150.8,0.0,30.194,23.767000000000003,0.0,30.194,23.767000000000003,0.09709456,0.046046413443902805,1.9020193004128378,0.048713499999999965,0.8436665596919128
2022-01-26,0.304965,0.2614515,-0.04351349999999998,0.10206599999999999,0.006356499999999987,0.05872250000000001,0.244975,0.027036999999999978,0.05838527388654152,0.06835688685225,0.009971612965708476,31.96,29.35,33.04,26.9,31.96,29.35,33.04,26.9,148.55,0.0,31.227999999999998,25.122000000000003,0.0,31.227999999999998,25.122000000000003,0.10214416,0.043758886113458476,1.749484984835284,0.05814849999999999,0.8180585106382979
2022-01-27,0.297306,0.26211949999999995,-0.035186500000000065,0.100304,0.004919500000000077,0.05557850000000003,0.245932,0.018999000000000155,0.06257674717637125,0.06870663228024998,0.006129885103878727,30.49,32.19,33.0,28.42,30.49,32.19,33.0,28.42,141.14,0.0,31.212,26.409000000000002,0.0,31.212,26.409000000000002,0.09296401,0.030387262823628747,1.485599910426518,0.042780500000000055,0.8596900623155131
2022-01-28,0.24105,0.2278615,-0.013188499999999992,0.08844999999999997,0.008622500000000005,0.05183150000000003,0.2206125,0.0059394999999999865,0.067320658741535,0.05192086318225,-0.015399795559285008,27.66,30.27,32.82,27.28,27.66,30.27,32.82,27.28,132.44,0.0,29.651999999999997,27.144,0.0,29.651999999999997,27.144,0.07650756,0.009186901258464997,1.1364648152617813,0.04873850000000002,0.8237942877801879
2022-01-31,0.213031,0.2039775,-0.009053499999999992,0.08555800000000002,0.010861499999999996,0.05383750000000001,0.204005,0.009080999999999978,0.0682488298286272,0.04160682050625,-0.026642009322377203,24.83,28.36,29.41,24.71,24.83,28.36,29.41,24.71,125.06,0.0,27.094,27.708,0.0,27.094,27.708,0.061652889999999995,-0.0065959398286272106,0.9033545359650911,0.04432249999999999,0.821496173983085
2022-02-01,0.182368,0.1810265,-0.0013414999999999955,0.07705599999999999,0.010989500000000013,0.05006149999999998,0.1873405,0.007655499999999982,0.06552278679483102,0.03277059370225,-0.03275219309258102,21.96,24.57,25.33,21.96,21.96,24.57,25.33,21.96,117.99,0.0,24.248,27.625,0.0,24.248,27.625,0.04822416000000001,-0.01729862679483101,0.7359906737636551,0.03857350000000001,0.8243465391621129
2022-02-02,0.1706255,0.170954,0.0003284999999999816,0.07352900000000001,0.010515500000000011,0.04844800000000002,0.181492,0.01020950000000001,0.0646223873726688,0.029225270116,-0.0353971172566688,22.09,21.56,22.73,20.46,22.09,21.56,22.73,20.46,119.61,0.0,22.586000000000002,27.449,0.0,22.586000000000002,27.449,0.048796809999999996,-0.015825577372668806,0.7551068907218673,0.04994599999999999,0.773897691263015
2022-02-03,0.22514499999999998,0.21372449999999998,-0.0114205,0.09203,0.008391500000000024,0.05338550000000003,0.214042,0.011738000000000026,0.06506750278036033,0.045678161900249994,-0.019389340880110337,24.35,22.63,25.81,22.3,24.35,22.63,25.81,22.3,125.11,0.0,22.968,27.325,0.0,22.968,27.325,0.05929225000000001,-0.00577525278036032,0.911242132653299,0.029775500000000038,0.877718685831622
2022-02-04,0.196179,0.1971445,0.000965500000000008,0.082096,0.00804450000000001,0.049779500000000004,0.2029165,0.004806499999999991,0.06702858275165655,0.03886595388025,-0.028162628871406546,23.22,23.77,26.26,22.07,23.22,23.77,26.26,22.07,124.89,0.0,23.446,26.762,0.0,23.446,26.762,0.053916839999999994,-0.013111742751656552,0.8043857976195609,0.03505549999999999,0.8490288544358312
2022-02-07,0.2014485,0.20000099999999998,-0.0014475000000000182,0.08050299999999999,0.007680500000000007,0.04732800000000001,0.203857,0.005303500000000044,0.06714222683675443,0.040000400001,-0.027141826835754432,22.86,24.09,24.82,22.02,22.86,24.09,24.82,22.02,124.13,0.0,23.302,26.058,0.0,23.302,26.058,0.05225796,-0.01488426683675443,0.7783173490366481,0.028599000000000013,0.8748950131233595
2022-02-08,0.1837225,0.18388949999999998,0.00016699999999997273,0.07539499999999999,0.009173000000000014,0.04799050000000002,0.19057049999999998,0.00651400000000002,0.06781130401106485,0.03381534821024999,-0.03399595580081485,21.44,23.09,23.48,21.32,21.44,23.09,23.48,21.32,118.86,0.0,22.363999999999997,25.086,0.0,22.363999999999997,25.086,0.045967360000000006,-0.02184394401106484,0.6778716420568974,0.030510500000000024,0.8576935634328358
2022-02-09,0.168482,0.170093,0.0016110000000000013,0.06986900000000001,0.010620500000000005,0.045547000000000004,0.1799065,0.008202500000000001,0.06657112630909164,0.028931628648999997,-0.03763949766009164,19.96,21.27,21.3,19.93,19.96,21.27,21.3,19.93,119.32,0.0,21.131999999999998,23.886,0.0,21.131999999999998,23.886,0.03984016,-0.026730966309091636,0.5984600563166229,0.029507000000000005,0.8521693386773547
2022-02-10,0.2072525,0.2024535,-0.004798999999999998,0.08513000000000001,0.008580499999999991,0.05076949999999997,0.20351049999999998,0.005855999999999972,0.06481512269079234,0.04098741966225,-0.02382770302854234,23.91,20.37,24.77,20.18,23.91,20.37,24.77,20.18,129.1,0.0,21.836000000000002,23.228,0.0,21.836000000000002,23.228,0.05716881,-0.007646312690792342,0.8820288788579493,0.0366465,0.8467314930991218
2022-02-11,0.23695549999999999,0.233311,-0.003644499999999995,0.103744,0.007980000000000015,0.060621000000000036,0.22843249999999998,-0.0012340000000000129,0.06608704096877288,0.054434022720999994,-0.011653018247772887,27.36,24.39,30.99,23.33,27.36,24.39,30.99,23.33,141.17,0.0,24.5,23.198,0.0,24.5,23.198,0.07485696,0.00876991903122712,1.1327025526134697,0.04028900000000002,0.8527448830409357
2022-02-14,0.238688,0.23972500000000002,0.0010370000000000101,0.105379,0.008255499999999971,0.060888,0.230838,-0.009924000000000044,0.046314850070376425,0.05746807562500001,0.011153225554623586,28.33,29.17,32.04,28.33,28.33,29.17,32.04,28.33,140.59,0.0,27.058,23.548,0.0,27.058,23.548,0.08025889,0.033944039929623575,1.7328975453454964,0.043574999999999975,0.846187786798447
2022-02-15,0.204499,0.213109,0.008610000000000007,0.09307700000000002,0.009271500000000016,0.054894,0.2099605,-0.011758500000000005,0.039398522798347976,0.045415445880999994,0.006016923082652018,25.7,28.09,28.09,25.33,25.7,28.09,28.09,25.33,129.05,0.0,27.083999999999996,23.922,0.0,27.083999999999996,23.922,0.066049,0.02665047720165202,1.6764334119341526,0.04389100000000001,0.8292178988326848
2022-02-16,0.1842675,0.20088050000000002,0.016613000000000017,0.08813899999999997,0.009440999999999977,0.05346449999999997,0.2004435,-0.017050000000000037,0.03274322449149651,0.04035297528025001,0.0076097507887534985,24.29,25.19,27.09,23.88,24.29,25.19,27.09,23.88,122.58,0.0,25.662,24.142,0.0,25.662,24.142,0.05900041,0.02625718550850349,1.8019120265727813,0.04201949999999999,0.8270090572251956
2022-02-17,0.24085050000000002,0.236749,-0.004101500000000036,0.101324,0.006313000000000013,0.05576600000000004,0.2270285,-0.005618999999999957,0.029619234254575286,0.056050089000999996,0.02643085474642471,28.11,24.83,28.37,24.76,28.11,24.83,28.37,24.76,134.49,0.0,26.1,24.517999999999997,0.0,26.1,24.517999999999997,0.07901721,0.04939797574542472,2.6677668072325065,0.04435100000000003,0.8422234080398434
2022-02-18,0.2429805,0.2416885,-0.0012919999999999876,0.09569299999999997,0.0048799999999999955,0.052813499999999985,0.231929,-0.008467500000000017,0.025362921670951725,0.05841333103225,0.03305040936129827,27.75,26.66,29.71,26.38,27.75,26.66,29.71,26.38,133.64,0.0,27.201999999999998,24.970999999999997,0.0,27.201999999999998,24.970999999999997,0.07700625000000001,0.05164332832904829,3.0361742625336277,0.035811500000000024,0.8709495495495495
2022-02-22,0.265958,0.2552055,-0.010752500000000054,0.08976300000000004,0.004225000000000034,0.04909050000000004,0.23981249999999998,-0.004640499999999936,0.027649673984573186,0.06512984723024999,0.037480173245676804,28.81,31.8,32.04,28.4,28.81,31.8,32.04,28.4,130.69,0.0,28.246,25.566,0.0,28.246,25.566,0.08300160999999998,0.05535193601542679,3.001901940916546,0.03289449999999999,0.8858226310308921
2022-02-23,0.276184,0.2688295,-0.007354499999999986,0.08832499999999999,0.003672999999999982,0.04799049999999999,0.2516425,-0.009832500000000022,0.027330625046392814,0.07226930007025,0.04493867502385718,31.02,28.04,31.07,27.2,31.02,28.04,31.07,27.2,131.24,0.0,29.482,26.524,0.0,29.482,26.524,0.09622403999999998,0.06889341495360717,3.5207405552073148,0.04137049999999998,0.8666328175370729
2022-02-24,0.25142600000000004,0.251516,8.999999999997899e-05,0.08998300000000001,0.007213499999999984,0.054680000000000006,0.237508,-0.014098,0.03090856121966731,0.063260298256,0.03235173703633269,30.32,37.5,37.79,29.45,30.32,37.5,37.79,29.45,128.5,0.0,30.298000000000002,27.559999999999995,0.0,30.298000000000002,27.559999999999995,0.09193024000000001,0.0610216787803327,2.97426461706358,0.05168400000000001,0.8295382585751979
2022-02-25,0.22153,0.23213450000000002,0.010604500000000017,0.091302,0.007684499999999983,0.05408949999999996,0.22194750000000002,-0.02079150000000002,0.031141999330742968,0.05388642609025001,0.022744426759507042,27.59,31.68,32.0,26.93,27.59,31.68,32.0,26.93,117.76,0.0,29.368000000000002,27.927999999999997,0.0,29.368000000000002,27.927999999999997,0.07612080999999998,0.04497881066925702,2.4443135198726478,0.04376549999999996,0.8413718738673434
2022-02-28,0.255826,0.2469085,-0.008917499999999995,0.09759499999999999,0.008646999999999988,0.05658250000000001,0.23292649999999998,-0.005064500000000027,0.030007035881766043,0.06096380737225,0.03095677149048396,30.15,32.44,33.51,28.43,30.15,32.44,33.51,28.43,123.64,0.0,29.160000000000004,28.207,0.0,29.160000000000004,28.207,0.09090224999999999,0.06089521411823395,3.0293645249792,0.05459149999999999,0.8189336650082919
2022-03-01,0.307851,0.2858925,-0.021958499999999992,0.10969599999999999,0.006454499999999974,0.06133250000000001,0.2628145,-0.0011194999999999955,0.03234622497750619,0.08173452155625,0.04938829657874381,33.32,29.45,35.19,29.44,33.32,29.45,35.19,29.44,132.8,0.0,30.906,28.706,0.0,30.906,28.706,0.11102224,0.0786760150224938,3.4323090276285937,0.0473075,0.8580207082833133
2022-03-02,0.25984,0.2546615,-0.00517850000000003,0.10580300000000001,0.007555000000000034,0.06020049999999999,0.2411065,-0.008376499999999953,0.03255624946737538,0.06485247958224999,0.03229623011487461,30.74,34.2,34.41,30.12,30.74,34.2,34.41,30.12,124.92,0.0,31.653999999999996,29.21,0.0,31.653999999999996,29.21,0.09449476000000001,0.061938510532624634,2.902507553724615,0.05273850000000002,0.8284368900455432
2022-03-03,0.2685205,0.2615455,-0.006975000000000009,0.107822,0.006879500000000038,0.0614325,0.24641849999999998,-0.008151999999999993,0.03396070863520877,0.06840604857025,0.03444533993504123,30.48,30.52,32.01,29.31,30.48,30.52,32.01,29.31,122.36,0.0,31.151999999999997,29.828999999999997,0.0,31.151999999999997,29.828999999999997,0.09290304,0.05894233136479124,2.7356036941962625,0.04325450000000003,0.8580889107611548
2022-03-04,0.274793,0.26716850000000003,-0.0076244999999999785,0.10328899999999999,0.005110999999999977,0.056253499999999956,0.254074,-0.00547000000000003,0.03160513979642005,0.07137900739225002,0.039773867595829966,31.98,31.9,34.65,31.47,31.98,31.9,34.65,31.47,127.85,0.0,31.131999999999998,30.215999999999998,0.0,31.131999999999998,30.215999999999998,0.10227204000000002,0.07066690020357996,3.235930632130426,0.0526315,0.8354237023139462
2022-03-07,0.3371575,0.3023185,-0.03483900000000001,0.10591899999999999,0.003827999999999998,0.05730050000000003,0.2821995,0.01472000000000001,0.02878288856058148,0.09139647544224999,0.06261358688166851,36.45,35.88,36.55,32.59,36.45,35.88,36.55,32.59,133.66,0.0,33.468,31.085999999999995,0.0,33.468,31.085999999999995,0.13286025000000004,0.10407736143941856,4.615945676208252,0.062181500000000056,0.8294060356652948
2022-03-08,0.3361375,0.30008500000000005,-0.03605249999999993,0.10044700000000001,0.0019734999999999614,0.05268099999999998,0.28146499999999997,0.01743249999999985,0.03508203712325791,0.09005100722500002,0.054968970101742114,35.13,36.19,37.52,32.78,35.13,36.19,37.52,32.78,139.71,0.0,35.028000000000006,31.718,0.0,35.028000000000006,31.718,0.12341169,0.0883296528767421,3.5178028449831173,0.051214999999999955,0.8542129234272703
2022-03-09,0.299427,0.27469449999999995,-0.024732500000000046,0.10108999999999999,0.004923500000000025,0.05535650000000003,0.2611955,0.011233500000000118,0.03663506901489566,0.07545706833024997,0.03882199931535431,32.45,33.74,34.12,31.39,32.45,33.74,34.12,31.39,130.86,0.0,34.322,31.861,0.0,34.322,31.861,0.10530025000000001,0.06866518098510435,2.8743019415955073,0.04980550000000006,0.8465161787365175
2022-03-10,0.2737945,0.2621635,-0.011631000000000002,0.09322099999999997,0.005591999999999986,0.053127499999999994,0.252978,0.0024454999999999893,0.03700549393805194,0.06872970073225,0.03172420679419806,30.23,33.03,34.03,30.23,30.23,33.03,34.03,30.23,125.47,0.0,32.098,31.851999999999997,0.0,32.098,31.851999999999997,0.09138529000000001,0.054379796061948066,2.4695060185652733,0.04013650000000002,0.8672295732715845
2022-03-11,0.276782,0.2692995,-0.0074824999999999475,0.08800600000000003,0.003514499999999976,0.04792249999999998,0.26063000000000003,-0.0011870000000000491,0.03630872863783161,0.07252222070025001,0.0362134920624184,30.75,30.43,31.04,28.84,30.75,30.43,31.04,28.84,125.58,0.0,30.882000000000005,32.168000000000006,0.0,30.882000000000005,32.168000000000006,0.09455625,0.05824752136216838,2.604229163272817,0.03820049999999997,0.8757707317073171
2022-03-14,0.30499,0.2808385,-0.024151499999999992,0.09231599999999998,0.002780500000000019,0.048893500000000034,0.26940200000000003,0.012715000000000032,0.038108075834127314,0.07887026308225,0.04076218724812268,31.77,31.03,33.18,30.06,31.77,31.03,33.18,30.06,126.26,0.0,31.054000000000002,32.33,0.0,31.054000000000002,32.33,0.10093329,0.06282521416587268,2.6486063069500396,0.03686149999999999,0.883973874724583
2022-03-15,0.277781,0.26054849999999996,-0.01723250000000004,0.09308000000000002,0.005186500000000038,0.05197250000000003,0.2523605,0.009044500000000066,0.03532597843998599,0.06788552085224998,0.03255954241226399,29.83,33.13,33.83,29.57,29.83,33.13,33.83,29.57,122.18,0.0,30.79,31.981,0.0,30.79,31.981,0.08898289000000001,0.053656911560014016,2.5189080084836086,0.03775150000000005,0.8734445189406636
2022-03-16,0.231184,0.22752450000000002,-0.003659499999999982,0.08679300000000001,0.008355999999999975,0.05195849999999996,0.226513,0.002647999999999956,0.0379526102872059,0.05176739810025001,0.013814787813044106,26.67,29.02,29.8,26.29,26.67,29.02,29.8,26.29,115.1,0.0,28.954,31.574,0.0,28.954,31.574,0.07112889,0.0331762797127941,1.8741501430793037,0.039175499999999974,0.8531102362204726
2022-03-17,0.211063,0.212314,0.0012510000000000021,0.08391700000000002,0.012100500000000014,0.05477900000000002,0.214162,0.0005969999999999864,0.03388301095086742,0.045077234596,0.011194223645132582,25.67,26.51,27.47,25.25,25.67,26.51,27.47,25.25,109.25,0.0,26.902000000000005,31.093000000000007,0.0,26.902000000000005,31.093000000000007,0.06589489000000003,0.03201187904913261,1.9447766934158222,0.04438600000000004,0.827089988313206
2022-03-18,0.1948105,0.19847399999999998,0.003663499999999986,0.08037400000000003,0.012224000000000013,0.052898,0.201242,-0.0008954999999999658,0.03345900188479242,0.03939192867599999,0.00593292679120757,23.87,26.36,26.82,23.85,23.87,26.36,26.82,23.85,106.74,0.0,25.150000000000002,30.282000000000004,0.0,25.150000000000002,30.282000000000004,0.05697769000000001,0.02351868811520759,1.7029106306335204,0.04022600000000004,0.8314788437369081
2022-03-21,0.201617,0.196668,-0.004948999999999981,0.07999499999999998,0.011193499999999995,0.05132099999999998,0.2016035,0.009884499999999963,0.03295957371460285,0.038678302224000004,0.005718728509397156,23.53,25.14,25.36,22.99,23.53,25.14,25.36,22.99,108.96,0.0,24.094,28.990000000000002,0.0,24.094,28.990000000000002,0.05536609000000001,0.02240651628539716,1.6798181456900905,0.038632,0.8358181045473864
2022-03-22,0.189853,0.184752,-0.005100999999999994,0.07747099999999998,0.012095500000000009,0.05060500000000001,0.1915945,0.011943499999999996,0.03016557889328527,0.034133301504,0.003967722610714729,22.94,24.02,24.02,22.7,22.94,24.02,24.02,22.7,108.22,0.0,23.362000000000002,27.770999999999997,0.0,23.362000000000002,27.770999999999997,0.05262436000000001,0.02245878110671474,1.7445168278111172,0.04464800000000002,0.8053705318221447
2022-03-23,0.199687,0.1943365,-0.005350500000000008,0.08020100000000002,0.009386000000000005,0.0505215,0.199558,0.010572000000000026,0.029311809686303283,0.03776667523225,0.008454865545946714,23.57,23.04,24.03,22.64,23.57,23.04,24.03,22.64,108.77,0.0,23.310000000000002,26.883,0.0,23.310000000000002,26.883,0.05555449,0.026242680313696715,1.8952937602470619,0.0413635,0.8245078489605431
2022-03-24,0.175112,0.1770445,0.0019325000000000037,0.07386999999999999,0.010397500000000004,0.047466499999999995,0.18768200000000002,0.008705000000000018,0.02820609634250095,0.031344754980249995,0.0031386586377490436,21.67,23.61,23.79,21.49,21.67,23.61,23.79,21.49,106.05,0.0,22.684000000000005,26.026999999999997,0.0,22.684000000000005,26.026999999999997,0.04695889,0.018752793657499052,1.664848954275262,0.03965550000000001,0.8170027688047993
2022-03-25,0.1593725,0.16935250000000002,0.009980000000000017,0.07219,0.010001499999999997,0.04679849999999999,0.182426,0.0030934999999999713,0.0271396291661709,0.028680269256250005,0.0015406400900791067,20.81,21.87,22.86,20.8,20.81,21.87,22.86,20.8,109.21,0.0,21.706,25.033,0.0,21.706,25.033,0.043305609999999994,0.016165980833829096,1.5956596066529798,0.03874749999999996,0.8138034598750602
2022-03-28,0.1524775,0.15926,0.006782500000000025,0.06902,0.010039999999999993,0.04436999999999999,0.17550349999999998,0.009460999999999942,0.027618347581776535,0.025363747600000004,-0.002254599981776531,19.63,22.14,23.33,19.54,19.63,22.14,23.33,19.54,108.29,0.0,20.509999999999998,23.819,0.0,20.509999999999998,23.819,0.03853369,0.010915342418223468,1.3952206910968765,0.03703999999999999,0.8113092205807438
2022-03-29,0.14869549999999998,0.1537285,0.00503300000000001,0.06085200000000002,0.010046500000000014,0.04069050000000002,0.1682035,0.009442000000000006,0.020312836375344496,0.023632451712249997,0.0033196153369055015,18.9,19.7,19.73,18.67,18.9,19.7,19.73,18.67,104.35,0.0,19.574,22.726000000000003,0.0,19.574,22.726000000000003,0.03572099999999999,0.015408163624655493,1.7585431861873193,0.03527149999999998,0.8133783068783069
2022-03-30,0.154911,0.161577,0.006666000000000005,0.06662900000000002,0.009048499999999987,0.042567999999999995,0.1758325,0.007589499999999999,0.019467818912314677,0.026107126929,0.006639308016685323,19.33,19.38,20.51,18.72,19.33,19.38,20.51,18.72,107.41,0.0,19.218,21.991999999999997,0.0,19.218,21.991999999999997,0.03736488999999999,0.017897071087685314,1.919315675181478,0.03172299999999997,0.8358872219348165
2022-03-31,0.1718535,0.178082,0.006228499999999998,0.06160499999999999,0.005719500000000016,0.059731000000000006,0.18773299999999998,0.003422499999999995,0.018240375690579857,0.031713198724,0.01347282303342014,20.56,19.68,21.48,19.54,20.56,19.68,21.48,19.54,111.45,0.0,19.735999999999997,21.481,0.0,19.735999999999997,21.481,0.042271359999999994,0.024030984309420137,2.3174610390196517,0.027517999999999987,0.8661575875486381
2022-04-01,0.139854,0.157439,0.01758499999999999,0.06403799999999998,0.0071380000000000055,0.038593000000000016,0.17496450000000002,-5.949999999996236e-05,0.01833526935910097,0.024787038721,0.006451769361899031,19.63,20.62,20.86,19.41,19.63,20.62,20.86,19.41,112.22,0.0,19.941999999999997,21.057,0.0,19.941999999999997,21.057,0.03853369,0.020198420640899033,2.101615702791585,0.03886100000000001,0.802032603158431
2022-04-04,0.1347495,0.14821,0.013460500000000014,0.060753,0.00852449999999999,0.039153999999999994,0.165829,0.004158499999999982,0.015276055636853527,0.0219662041,0.006690148463146474,18.57,20.75,20.78,18.45,18.57,20.75,20.78,18.45,107.11,0.0,19.392000000000003,20.561,0.0,19.392000000000003,20.561,0.03448449,0.019208434363146475,2.257421079090997,0.037489999999999996,0.798115239633818
2022-04-05,0.165842,0.173146,0.007304000000000005,0.074623,0.007107500000000017,0.04439500000000002,0.184869,0.004419000000000006,0.01602320455052457,0.029979537315999998,0.013956332765475428,21.03,18.79,21.57,18.55,21.03,18.79,21.57,18.55,116.27,0.0,19.766000000000002,20.369999999999997,0.0,19.766000000000002,20.369999999999997,0.04422609000000001,0.02820288544947544,2.760127654898603,0.03715400000000002,0.8233285782215881
2022-04-06,0.1686055,0.181012,0.012406500000000015,0.07772900000000002,0.0052915000000000045,0.044510999999999995,0.190564,-0.00285450000000001,0.013027698913321928,0.032765344144,0.019737645230678072,22.1,21.27,24.78,21.24,22.1,21.27,24.78,21.24,114.84,0.0,20.966,20.223000000000003,0.0,20.966,20.223000000000003,0.048841,0.03581330108667807,3.7490120338946378,0.039987999999999996,0.8190588235294118
2022-04-07,0.1610205,0.17661549999999998,0.01559499999999997,0.07703399999999999,0.006452500000000028,0.04464150000000003,0.1877095,-0.0045009999999999495,0.014320231937664877,0.031193034840249993,0.016872802902585117,21.55,21.97,23.82,21.12,21.55,21.97,23.82,21.12,113.33,0.0,21.666,20.211,0.0,21.666,20.211,0.046440249999999995,0.032120018062335116,3.242981692066976,0.038884500000000016,0.8195614849187934
2022-04-08,0.1532555,0.177549,0.024293500000000023,0.07730899999999999,0.006060499999999969,0.044515,0.187521,-0.014321500000000043,0.014330457754610728,0.031523647401000006,0.01719318964638928,21.16,21.25,22.34,20.28,21.16,21.25,22.34,20.28,112.14,0.0,21.504,20.246,0.0,21.504,20.246,0.044774560000000005,0.03044410224538928,3.1244333409792224,0.034051,0.8390784499054821
2022-04-11,0.196112,0.2058555,0.009743499999999988,0.08515,0.004011500000000001,0.046415500000000026,0.2073885,-0.008210499999999982,0.013232613261455944,0.042376486880249996,0.02914387361879405,24.37,23.09,24.42,22.09,24.37,23.09,24.42,22.09,117.35,0.0,22.522,20.72,0.0,22.522,20.72,0.05938969,0.04615707673854406,4.488130109038306,0.0378445,0.8447086581862946
2022-04-12,0.196212,0.205676,0.009464,0.08465700000000001,0.00434550000000003,0.046502000000000016,0.2077835,-0.007356499999999988,0.015561096529715133,0.042302616976,0.026741520446284864,24.26,24.94,25.38,22.27,24.26,24.94,25.38,22.27,117.26,0.0,23.684000000000005,21.256,0.0,23.684000000000005,21.256,0.058854760000000006,0.04329366347028488,3.7821730549394275,0.03692400000000001,0.8477988458367683
2022-04-13,0.164822,0.18236,0.017537999999999998,0.07524900000000001,0.0056285000000000085,0.04357,0.190122,-0.00977599999999998,0.01555921939926871,0.033255169599999995,0.017695950200731288,21.82,23.52,24.45,21.37,21.82,23.52,24.45,21.37,113.76,0.0,23.306,21.505000000000003,0.0,23.306,21.505000000000003,0.04761124,0.03205202060073129,3.060001840596049,0.03584000000000001,0.8357470210815765
2022-04-14,0.17327199999999998,0.1936585,0.02038650000000003,0.07488800000000001,0.003852499999999981,0.04085749999999999,0.20006849999999998,-0.013976500000000058,0.015905911237714006,0.037503614622250006,0.021597703384536,22.7,21.72,22.7,20.85,22.7,21.72,22.7,20.85,114.75,0.0,22.66,21.719,0.0,22.66,21.719,0.05152899999999999,0.03562308876228598,3.239613199765707,0.03334149999999997,0.8531211453744495
2022-04-18,0.1887025,0.1967445,0.008041999999999994,0.075852,0.0033885000000000165,0.04109650000000001,0.201778,-0.0030084999999999695,0.015693111501235243,0.038708398280249995,0.02301528677901475,22.17,24.52,24.6,21.98,22.17,24.52,24.6,21.98,110.9,0.0,22.312,21.973000000000003,0.0,22.312,21.973000000000003,0.04915089,0.03345777849876476,3.1320041278067268,0.02495550000000002,0.8874357239512854
2022-04-19,0.1739745,0.179983,0.0060085,0.07067799999999999,0.005504000000000009,0.04061799999999999,0.18772699999999998,0.0017354999999999732,0.015274466200109268,0.032393880289000004,0.017119414088890735,21.37,22.55,22.92,20.36,21.37,22.55,22.92,20.36,106.06,0.0,21.956,22.253000000000004,0.0,21.956,22.253000000000004,0.045667690000000004,0.030393223799890734,2.989805954703236,0.033717,0.8422227421619093
2022-04-20,0.1734325,0.1778715,0.0044389999999999985,0.070914,0.005851500000000037,0.04127450000000002,0.18661850000000002,0.004308000000000034,0.014999067177784658,0.031638270512249995,0.016639203334465336,20.32,21.13,21.32,19.75,20.32,21.13,21.32,19.75,103.03,0.0,21.110000000000003,22.182000000000002,0.0,21.110000000000003,22.182000000000002,0.04129024,0.02629117282221534,2.752853861549176,0.025328500000000004,0.8753518700787402
2022-04-21,0.196749,0.1982505,0.001501499999999989,0.076875,0.0034029999999999894,0.0413095,0.20299099999999998,0.003238999999999992,0.016991160020477774,0.03930326075025,0.022312100729772227,22.68,20.24,23.28,19.81,22.68,20.24,23.28,19.81,110.93,0.0,21.474,22.240000000000002,0.0,21.474,22.240000000000002,0.05143824,0.03444707997952223,3.0273530434653404,0.028549500000000005,0.8741203703703704
2022-04-22,0.2496315,0.241357,-0.008274500000000018,0.092829,0.00242050000000002,0.05025000000000002,0.236956,0.0038735000000000297,0.017657900900910715,0.058253201448999994,0.04059530054808928,28.21,22.71,28.27,22.62,28.21,22.71,28.27,22.62,122.37,0.0,24.419999999999998,22.906,0.0,24.419999999999998,22.906,0.07958041,0.06192250909908929,4.506787666698005,0.04074300000000003,0.8555724920241048
2022-04-25,0.2569595,0.2344815,-0.022477999999999998,0.09017199999999997,0.0019904999999999784,0.046808499999999975,0.23058099999999998,0.01857749999999997,0.021207574093528542,0.054981573842250005,0.03377399974872146,27.02,30.04,31.6,26.8,27.02,30.04,31.6,26.8,116.98,0.0,26.627999999999997,23.492,0.0,26.627999999999997,23.492,0.07300804,0.05180046590647146,3.4425455583945492,0.035718499999999986,0.8678071798667654
2022-04-26,0.309407,0.2738005,-0.035606499999999985,0.09563000000000002,0.0016935000000000144,0.05378149999999998,0.260402,0.022208000000000006,0.02098271153726003,0.07496671380025,0.053984002262989966,33.52,27.38,33.81,27.06,33.52,27.38,33.81,27.06,127.5,0.0,29.858000000000004,24.407000000000004,0.0,29.858000000000004,24.407000000000004,0.11235904000000003,0.09137632846274,5.354838901563251,0.06139950000000005,0.8168272673031025
2022-04-27,0.293354,0.266937,-0.026417000000000024,0.09716900000000003,0.0023615000000000164,0.051595,0.256189,0.015669000000000044,0.02262422779995438,0.071255361969,0.04863113416904562,31.6,31.11,32.77,29.82,31.6,31.11,32.77,29.82,123.71,0.0,31.451999999999998,25.141,0.0,31.451999999999998,25.141,0.099856,0.07723177220004562,4.413675502339194,0.04906300000000002,0.8447373417721519
2022-04-28,0.259828,0.243164,-0.016664000000000012,0.09517699999999998,0.006303500000000017,0.05527399999999999,0.23903000000000002,0.012530000000000041,0.026597068677155052,0.059128730895999994,0.032531662218844945,29.99,29.91,32.0,28.0,29.99,29.91,32.0,28.0,119.75,0.0,31.340000000000003,25.958,0.0,31.340000000000003,25.958,0.08994001,0.06334294132284495,3.3815760334992078,0.05673600000000001,0.8108169389796599
2022-04-29,0.309596,0.2842835,-0.02531249999999996,0.09593099999999999,0.002438999999999969,0.05078249999999995,0.26922,0.010248999999999953,0.02829928039196776,0.08081710837225001,0.05251782798028225,33.4,28.97,34.34,28.54,33.4,28.97,34.34,28.54,121.98,0.0,31.676,27.028000000000002,0.0,31.676,27.028000000000002,0.11155599999999997,0.08325671960803221,3.942008363988758,0.04971649999999994,0.8511482035928145
2022-05-02,0.308544,0.2733955,-0.03514849999999997,0.09107099999999999,0.00454899999999997,0.05129349999999999,0.26012749999999996,0.021880499999999914,0.03440944965122525,0.07474509942025001,0.04033564976902476,32.34,33.35,36.64,31.74,32.34,33.35,36.64,31.74,124.48,0.0,32.294,28.044999999999998,0.0,32.294,28.044999999999998,0.10458756000000001,0.07017811034877476,3.039501098102447,0.05000450000000001,0.8453787878787878
2022-05-03,0.285601,0.2573305,-0.028270499999999976,0.084144,0.003078499999999984,0.04532349999999996,0.248467,0.019406999999999952,0.03535131645954735,0.06621898623025001,0.030867669770702655,29.25,31.76,32.82,29.06,29.25,31.76,32.82,29.06,117.55,0.0,31.316000000000003,28.833,0.0,31.316000000000003,28.833,0.08555624999999999,0.050204933540452634,2.4201715400868404,0.035169499999999965,0.8797623931623932
2022-05-04,0.230311,0.220765,-0.009545999999999999,0.07901700000000003,0.0051015000000000366,0.04409400000000002,0.221816,0.010597000000000023,0.038198679140232776,0.04873718522499999,0.010538506084767217,25.42,29.12,29.42,24.94,25.42,29.12,29.42,24.94,106.62,0.0,28.336000000000002,29.343,0.0,28.336000000000002,29.343,0.06461764000000002,0.026418960859767242,1.6916197484939068,0.03343500000000005,0.8684697088906371
2022-05-05,0.30560200000000004,0.2754995,-0.030102500000000032,0.08756300000000003,0.0028489999999999904,0.04872149999999997,0.26332,0.017923000000000022,0.04445592103704749,0.07589997450025,0.03144405346320251,31.2,25.97,33.2,25.78,31.2,25.97,33.2,25.78,119.18,0.0,28.498,30.195,0.0,28.498,30.195,0.097344,0.05288807896295251,2.1896745749318307,0.03650049999999999,0.883011217948718
2022-05-06,0.278337,0.263695,-0.014641999999999988,0.07726999999999998,0.0027449999999999974,0.04180299999999998,0.2587965,0.00974349999999996,0.04801837526445675,0.069535053025,0.02151667776054325,30.19,32.23,35.34,29.83,30.19,32.23,35.34,29.83,116.78,0.0,29.640000000000004,30.393,0.0,29.640000000000004,30.393,0.09114361,0.04312523473554325,1.8980985820123029,0.03820499999999999,0.8734514739980126
2022-05-09,0.343677,0.303127,-0.04055000000000003,0.08243499999999998,0.004516499999999979,0.04535900000000004,0.28771800000000003,0.02514100000000008,0.04950783724513649,0.09188597812899998,0.04237814088386349,34.75,31.9,35.48,31.9,34.75,31.9,35.48,31.9,125.93,0.0,32.216,31.165999999999997,0.0,32.216,31.165999999999997,0.12075624999999998,0.07124841275486349,2.4391340183591383,0.044372999999999996,0.8723079136690648
2022-05-10,0.329361,0.2934325,-0.03592850000000003,0.07535900000000001,0.001915,0.03907550000000004,0.28018200000000004,0.022678000000000087,0.054565673302342486,0.08610263205624999,0.0315369587539075,32.99,33.66,34.84,32.24,32.99,33.66,34.84,32.24,120.98,0.0,33.134,31.113,0.0,33.134,31.113,0.10883401000000002,0.054268336697657536,1.9945508487902743,0.03646750000000004,0.8894589269475598
2022-05-11,0.322216,0.295519,-0.026697000000000026,0.06645600000000002,0.0030440000000000467,0.036409000000000025,0.28236150000000004,0.013539500000000093,0.0615422912964265,0.08733147936099998,0.025789188064573483,32.56,32.87,34.39,30.69,32.56,32.87,34.39,30.69,125.89,0.0,33.17,31.209000000000003,0.0,33.17,31.209000000000003,0.10601536,0.0444730687035735,1.7226423938192867,0.030081000000000024,0.9076136363636362
2022-05-12,0.3172865,0.290055,-0.02723150000000002,0.06605099999999997,0.0021074999999999844,0.035049,0.276845,0.01402150000000002,0.06455088098383799,0.08413190302500001,0.01958102204116202,31.77,33.74,34.76,31.7,31.77,33.74,34.76,31.7,122.11,0.0,32.33,31.387,0.0,32.33,31.387,0.10093329,0.03638240901616201,1.5636237408637583,0.027644999999999975,0.9129839471199245
2022-05-13,0.27622199999999997,0.264822,-0.011399999999999966,0.06616999999999998,0.0018440000000000123,0.03592200000000001,0.25745850000000003,0.004036499999999998,0.06482057988319807,0.070130691684,0.005310111800801931,28.87,31.09,31.2,28.78,28.87,31.09,31.2,28.78,113.89,0.0,30.768,30.933999999999997,0.0,30.768,30.933999999999997,0.08334769,0.01852711011680193,1.2858214189102661,0.02387800000000001,0.9172913058538275
2022-05-16,0.269489,0.2556355,-0.013853499999999963,0.061646000000000034,0.002338500000000021,0.03288049999999998,0.251504,0.009721999999999953,0.06224273285867003,0.06534950886025001,0.003106776001579978,27.47,30.01,30.23,27.36,27.47,30.01,30.23,27.36,108.26,0.0,28.889999999999997,30.447000000000003,0.0,28.889999999999997,30.447000000000003,0.07546009,0.01321735714132996,1.212351812561663,0.019064499999999984,0.9305988350928286
2022-05-17,0.2498525,0.241675,-0.008177500000000004,0.06063799999999997,0.002712999999999993,0.03311,0.239487,0.005989500000000009,0.06385296341480665,0.058406805625,-0.005446157789806644,26.1,27.07,27.17,25.51,26.1,27.07,27.17,25.51,101.2,0.0,27.201999999999998,30.131999999999998,0.0,27.201999999999998,30.131999999999998,0.068121,0.004268036585193355,1.0668416367376248,0.01932500000000001,0.9259578544061302
2022-05-18,0.2869315,0.275119,-0.011812500000000004,0.07214599999999999,0.003981000000000012,0.03959600000000002,0.2668775,0.003570999999999991,0.06237834359913391,0.075690464161,0.013312120561866092,30.96,26.74,31.49,26.21,30.96,26.74,31.49,26.21,114.96,0.0,28.318,30.686,0.0,28.318,30.686,0.09585215999999999,0.03347381640086608,1.5366256054502039,0.034480999999999984,0.8886272609819121
2022-05-19,0.2731755,0.26395100000000005,-0.009224499999999969,0.06573099999999998,0.003484499999999946,0.03599099999999994,0.25586949999999997,0.001142999999999894,0.06015979311293874,0.06967013040100002,0.009510337288061284,29.35,31.24,33.11,29.06,29.35,31.24,33.11,29.06,104.89,0.0,29.344,30.500999999999998,0.0,29.344,30.500999999999998,0.08614225000000002,0.02598245688706128,1.4318907287178346,0.029548999999999992,0.8993219761499148
2022-05-20,0.2644565,0.265191,0.0007345000000000268,0.067222,0.004597999999999991,0.038078999999999974,0.257447,-0.008478500000000055,0.07108357926085472,0.070326266481,-0.0007573127798547186,29.43,28.78,32.91,28.06,29.43,28.78,32.91,28.06,107.8,0.0,29.704,30.425,0.0,29.704,30.425,0.08661249,0.01552891073914528,1.2184598876508312,0.029108999999999996,0.9010907237512742
2022-05-23,0.263447,0.2611225,-0.002324500000000007,0.05849899999999997,0.0034560000000000146,0.03391050000000001,0.254228,-0.004569999999999963,0.06575705751690199,0.06818496000624999,0.0024279024893480022,28.48,28.98,30.39,28.29,28.48,28.98,30.39,28.29,102.68,0.0,29.034000000000002,29.798000000000002,0.0,29.034000000000002,29.798000000000002,0.08111104,0.015353982483098008,1.2334955830277452,0.023677500000000018,0.9168627106741573
2022-05-24,0.26995800000000003,0.2687975,-0.0011605000000000087,0.05599599999999999,0.004299500000000012,0.0331245,0.2605055,-0.007131500000000013,0.06926971139004548,0.07225209600625002,0.0029823846162045364,29.45,29.43,31.07,29.04,29.45,29.43,31.07,29.04,104.29,0.0,29.058,29.444,0.0,29.058,29.444,0.08673025,0.017460538609954515,1.252065993340687,0.02570249999999996,0.9127249575551784
2022-05-25,0.2525965,0.25985199999999997,0.00725549999999997,0.054684999999999984,0.004203500000000027,0.031079000000000023,0.252853,-0.014254499999999948,0.06548348648917127,0.06752306190399998,0.002039575414828715,28.37,29.33,30.23,28.16,28.37,29.33,30.23,28.16,98.79,0.0,28.824,29.025,0.0,28.824,29.025,0.08048569,0.015002203510828732,1.2290990342016928,0.023848000000000036,0.9159393725766654
2022-05-26,0.231493,0.247169,0.015675999999999995,0.051003999999999994,0.004646000000000011,0.03078499999999998,0.24428650000000002,-0.018558499999999978,0.06037391300432231,0.061092514561,0.0007186015566776893,27.5,28.42,28.46,27.11,27.5,28.42,28.46,27.11,96.25,0.0,28.238,28.598000000000003,0.0,28.238,28.598000000000003,0.07562500000000001,0.015251086995677704,1.2526105438053328,0.027831000000000022,0.8987963636363636
2022-05-27,0.207286,0.2315735,0.02428749999999999,0.05433999999999997,0.004755500000000024,0.031803499999999985,0.231779,-0.024081999999999965,0.05619197576853787,0.05362628590224999,-0.0025656898662878777,25.72,27.5,27.54,25.57,25.72,27.5,27.54,25.57,93.66,0.0,26.962,28.283000000000005,0.0,26.962,28.283000000000005,0.06615183999999999,0.00995986423146212,1.1772470908032868,0.025626499999999997,0.9003635303265941
2022-05-31,0.2423075,0.239327,-0.002980499999999997,0.05992000000000003,0.00451399999999999,0.033887,0.235374,-0.000972500000000015,0.055939889031958775,0.05727741292900001,0.0013375238970412331,26.19,27.47,28.35,25.94,26.19,27.47,28.35,25.94,93.1,0.0,26.264,28.155,0.0,26.264,28.155,0.06859161000000001,0.012651720968041236,1.226166357977815,0.02257300000000001,0.9138106147384497
2022-06-01,0.2354445,0.234149,-0.001295500000000005,0.059338999999999975,0.003983500000000001,0.03397499999999998,0.23361300000000002,0.000759500000000024,0.05328525791868405,0.054825754201,0.0015404962823159507,25.69,26.05,27.73,25.38,25.69,26.05,27.73,25.38,91.39,0.0,25.896000000000004,28.114000000000004,0.0,25.896000000000004,28.114000000000004,0.06599761000000001,0.012712352081315964,1.2385716533589017,0.02275100000000002,0.9114402491241728
2022-06-02,0.217823,0.2222645,0.004441500000000015,0.059358999999999995,0.004506999999999983,0.034568499999999974,0.22449,-0.0022160000000000235,0.048101862650617104,0.04940150796025,0.0012996453096328978,24.72,25.73,26.5,24.33,24.72,25.73,26.5,24.33,91.08,0.0,25.402,27.49,0.0,25.402,27.49,0.06110783999999999,0.013005977349382886,1.2703840689881483,0.02493549999999997,0.8991282362459548
2022-06-03,0.222682,0.22775299999999998,0.005070999999999992,0.05940799999999996,0.00431200000000001,0.034763000000000044,0.23073349999999998,-0.002090499999999995,0.04298198644740029,0.05187142900899999,0.008889442561599702,24.79,24.91,25.96,24.76,24.79,24.91,25.96,24.76,90.5,0.0,24.942,27.034000000000002,0.0,24.942,27.034000000000002,0.061454409999999994,0.018472423552599704,1.4297712851220952,0.020146999999999998,0.9187293263412667
2022-06-06,0.2404985,0.2278945,-0.012604000000000004,0.05752699999999997,0.004168999999999978,0.03263650000000001,0.229044,0.013753500000000002,0.04317741324141054,0.05193590313025,0.008758489888839455,25.07,25.37,25.81,24.82,25.07,25.37,25.81,24.82,89.53,0.0,24.887999999999998,26.598000000000003,0.0,24.887999999999998,26.598000000000003,0.06285049,0.019673076758589453,1.4556335195115724,0.02280549999999998,0.909032708416434
2022-06-07,0.2292495,0.219277,-0.009972499999999995,0.05677500000000002,0.004034499999999996,0.031972,0.22312700000000002,0.013822500000000015,0.04221098411387872,0.048082402729,0.0058714186151212835,24.02,25.54,26.24,23.88,24.02,25.54,26.24,23.88,87.82,0.0,24.594,26.151999999999997,0.0,24.594,26.151999999999997,0.05769604,0.015485055886121278,1.3668489662393322,0.020922999999999997,0.9128934221482098
2022-06-08,0.2288935,0.2208165,-0.008077,0.057507999999999976,0.004206499999999974,0.033541499999999974,0.225522,0.012782500000000002,0.041506415195119106,0.04875992667225,0.0072535114771308945,23.96,24.37,24.78,23.74,23.96,24.37,24.78,23.74,92.68,0.0,24.206,25.603,0.0,24.206,25.603,0.05740816000000001,0.0159017448048809,1.3831153504856484,0.01878350000000001,0.9216047579298831
2022-06-09,0.2613175,0.2422585,-0.019058999999999993,0.060153999999999985,0.00218850000000001,0.033787500000000026,0.24073250000000002,0.01753300000000002,0.04167380726341423,0.05868918082224999,0.017015373558835763,26.09,24.29,26.24,23.82,26.09,24.29,26.24,23.82,98.82,0.0,24.824,25.375,0.0,24.824,25.375,0.06806881000000001,0.02639500273658578,1.6333715220629281,0.018641500000000033,0.928549252587198
2022-06-10,0.267336,0.2578485,-0.009487500000000038,0.05755299999999999,0.0011940000000000284,0.034923499999999996,0.255522,0.007161000000000084,0.03893408506503897,0.06648584895224999,0.02755176388721102,27.75,26.26,29.63,26.05,27.75,26.26,29.63,26.05,99.75,0.0,26.327999999999996,25.4,0.0,26.327999999999996,25.4,0.07700625000000001,0.038072164934961045,1.9778620679376928,0.019651500000000044,0.9291837837837836
2022-06-13,0.34634750000000003,0.30795249999999996,-0.03839500000000007,0.07383600000000001,0.002555500000000044,0.039570500000000064,0.29185099999999997,0.022293500000000077,0.026914064171627124,0.09483474225624998,0.06792067808462285,34.02,31.37,35.05,31.29,34.02,31.37,35.05,31.29,113.72,0.0,29.926,26.23,0.0,29.926,26.23,0.11573604000000004,0.08882197582837292,4.300206734366387,0.032247500000000096,0.905210170487948
2022-06-14,0.3206285,0.288675,-0.03195349999999997,0.061711000000000016,0.0031255000000000033,0.032802,0.2768395,0.02011799999999997,0.02810727101432197,0.083333255625,0.055225984610678035,32.69,33.01,34.0,32.06,32.69,33.01,34.0,32.06,111.01,0.0,32.234,26.880000000000003,0.0,32.234,26.880000000000003,0.10686360999999998,0.07875633898567802,3.8019916606470963,0.03822499999999995,0.883068216579994
2022-06-15,0.2936255,0.2699015,-0.023723999999999967,0.05409799999999998,0.0019894999999999774,0.029554499999999984,0.26116700000000004,0.014989499999999989,0.03092392599310627,0.07284681970225002,0.041922893709143746,29.62,32.39,32.77,27.76,29.62,32.39,32.77,27.76,105.37,0.0,31.727999999999998,27.272999999999996,0.0,31.727999999999998,27.272999999999996,0.08773444000000001,0.05681051400689374,2.837105483293365,0.026298500000000002,0.9112137069547603
2022-06-16,0.3130695,0.2914985,-0.021571000000000007,0.07470099999999996,0.008446999999999982,0.04634650000000001,0.279565,0.009637500000000021,0.031750108911980275,0.08497137550225,0.05322126659026972,32.95,30.35,34.82,30.35,32.95,30.35,34.82,30.35,114.36,0.0,31.566000000000003,28.096000000000004,0.0,31.566000000000003,28.096000000000004,0.10857025000000001,0.07682014108801974,3.4195237030835246,0.03800150000000002,0.884669195751138
2022-06-17,0.2704435,0.273123,0.0026795000000000013,0.05841500000000005,0.007365500000000025,0.03842800000000002,0.267757,-0.008045499999999983,0.03329538352115392,0.074596173129,0.04130078960784608,31.13,32.84,33.31,30.47,31.13,32.84,33.31,30.47,110.06,0.0,31.556,28.73,0.0,31.556,28.73,0.09690768999999998,0.06361230647884605,2.9105443383293825,0.03817699999999996,0.8773626726630261
2022-06-21,0.2753,0.2693765,-0.0059234999999999705,0.05560799999999999,0.004138499999999989,0.0318755,0.261102,-0.0023510000000000475,0.034148639547925234,0.07256369875225001,0.038415059204324774,30.19,30.63,30.65,29.33,30.19,30.63,30.65,29.33,104.37,0.0,31.118000000000002,29.242,0.0,31.118000000000002,29.242,0.09114361,0.056994970452074765,2.66902609317968,0.03252349999999998,0.8922706194104009
2022-06-22,0.26042600000000005,0.263089,0.002662999999999971,0.051484,0.004902999999999991,0.03545499999999996,0.256467,-0.009284999999999988,0.03650586897517792,0.06921582192100001,0.03270995294582209,28.95,31.45,31.57,28.78,28.95,31.45,31.57,28.78,99.66,0.0,29.881999999999998,29.735000000000003,0.0,29.881999999999998,29.735000000000003,0.08381024999999999,0.04730438102482207,2.295802082042933,0.026410999999999962,0.908770293609672
2022-06-23,0.252994,0.2598465,0.006852499999999984,0.05595100000000003,0.004774000000000056,0.03175250000000002,0.2547975,-0.011901499999999954,0.035819700858798244,0.06752020356224998,0.03170050270345174,29.05,29.29,29.77,28.74,29.05,29.29,29.77,28.74,98.31,0.0,29.238,30.244,0.0,29.238,30.244,0.08439024999999999,0.04857054914120174,2.355973053283374,0.0306535,0.8944802065404475
2022-06-24,0.2319775,0.24703799999999998,0.015060499999999977,0.053445999999999994,0.0040120000000000156,0.030588000000000004,0.24472100000000002,-0.017377499999999935,0.033588198999313076,0.06102777344399999,0.027439574444686914,27.23,29.07,29.72,26.83,27.23,29.07,29.72,26.83,91.34,0.0,28.302,30.358000000000004,0.0,28.302,30.358000000000004,0.07414728999999999,0.040559091000686914,2.2075399160733924,0.025262000000000007,0.9072273228057289
2022-06-27,0.236878,0.242639,0.005760999999999988,0.052511999999999975,0.005975999999999981,0.031488000000000016,0.2400545,-0.008345499999999978,0.03344309612875815,0.058873684321,0.02543058819224185,26.95,28.3,28.66,26.93,26.95,28.3,28.66,26.93,87.58,0.0,27.482,30.278000000000002,0.0,27.482,30.278000000000002,0.07263025000000001,0.03918715387124186,2.171756159189589,0.026861000000000024,0.9003302411873839
2022-06-28,0.24752449999999998,0.2532975,0.005773000000000028,0.05795900000000001,0.0041140000000000065,0.03322449999999999,0.2490645,-0.010006000000000015,0.036233506443371435,0.06415962350625,0.027926117062878564,28.36,26.9,28.68,26.47,28.36,26.9,28.68,26.47,90.62,0.0,27.57,29.712,0.0,27.57,29.712,0.08042896000000001,0.04419545355662857,2.219739900848423,0.03030250000000001,0.8931505641748941
2022-06-29,0.2458825,0.25328,0.007397500000000001,0.055928000000000005,0.0029910000000000214,0.030911000000000022,0.248241,-0.012436500000000017,0.03589476187004626,0.06415075840000001,0.028255996529953746,28.16,28.8,29.36,27.85,28.16,28.8,29.36,27.85,88.92,0.0,27.998,29.258999999999997,0.0,27.998,29.258999999999997,0.07929856,0.04340379812995374,2.209195878972349,0.028320000000000012,0.8994318181818182
2022-06-30,0.249983,0.26010500000000003,0.01012200000000002,0.060617000000000004,0.002911499999999956,0.03253099999999998,0.2551285,-0.01509850000000007,0.03874052147560824,0.06765461102500002,0.02891408954939178,28.71,29.42,30.22,28.28,28.71,29.42,30.22,28.28,89.39,0.0,28.419999999999998,29.168,0.0,28.419999999999998,29.168,0.08242641000000002,0.04368588852439178,2.127653600427068,0.02699499999999999,0.9059735283873215
2022-07-01,0.2272885,0.24631350000000002,0.019025000000000014,0.05664400000000003,0.001839499999999994,0.02994049999999998,0.24470750000000002,-0.02063100000000001,0.039307790475717266,0.06067034028225001,0.021362549806532745,26.7,29.53,29.59,26.69,26.7,29.53,29.59,26.69,85.51,0.0,27.796,28.543,0.0,27.796,28.543,0.071289,0.03198120952428274,1.813609952053637,0.020686499999999997,0.9225224719101124
2022-07-05,0.26231000000000004,0.2552585,-0.007051500000000044,0.06196700000000002,0.0011110000000000286,0.031872500000000026,0.2480175,-0.0001894999999999536,0.04326436470880429,0.06515690182225,0.0218925371134457,27.54,27.37,29.82,27.3,27.54,27.37,29.82,27.3,87.3,0.0,27.438,28.183999999999997,0.0,27.438,28.183999999999997,0.07584516,0.0325807952911957,1.7530630695835807,0.02014149999999998,0.9268645606390705
2022-07-06,0.2519245,0.2497745,-0.0021499999999999853,0.062108,0.0017825000000000202,0.0327075,0.24438,-0.003244500000000039,0.043000936130555105,0.06238730085025,0.019386364719694897,26.73,27.84,28.07,26.43,26.73,27.84,28.07,26.43,85.88,0.0,27.048000000000002,27.838,0.0,27.048000000000002,27.838,0.07144928999999998,0.02844835386944488,1.6615752220619768,0.01752549999999997,0.934435091657314
2022-07-07,0.22905150000000002,0.2384165,0.009364999999999984,0.06442800000000001,0.0032594999999999985,0.03532250000000001,0.23656850000000001,-0.011212999999999973,0.04113547430838124,0.056842427472250004,0.01570695316386876,26.08,26.73,26.79,25.66,26.08,26.73,26.79,25.66,85.88,0.0,26.631999999999998,27.551,0.0,26.631999999999998,27.551,0.06801663999999999,0.026881165691618747,1.6534789289190663,0.022383499999999973,0.9141736963190185
2022-07-08,0.209026,0.227124,0.018098000000000003,0.060584,0.0047980000000000245,0.03492600000000001,0.2303635,-0.014858499999999997,0.03470396468164744,0.051585311376,0.01688134669435256,24.64,26.41,26.61,24.43,24.64,26.41,26.61,24.43,84.74,0.0,25.634000000000004,27.109999999999996,0.0,25.634000000000004,27.109999999999996,0.06071296,0.026008995318352567,1.7494531404968536,0.019276000000000015,0.9217694805194805
2022-07-11,0.2354745,0.24235800000000002,0.006883500000000015,0.06567199999999998,0.003450999999999982,0.03564200000000001,0.24046450000000003,-0.008777000000000007,0.032452902250476645,0.05873740016400001,0.026284497913523365,26.17,26.42,26.74,25.79,26.17,26.42,26.74,25.79,88.05,0.0,25.54,27.004,0.0,25.54,27.004,0.06848689000000002,0.03603398774952338,2.1103471569786687,0.019342000000000026,0.9260909438288115
2022-07-12,0.2508455,0.2484645,-0.0023809999999999942,0.066773,0.0021230000000000138,0.035459500000000005,0.244091,-0.001992500000000008,0.031672934266415015,0.061734607760250006,0.03006167349383499,27.29,27.14,27.75,25.82,27.29,27.14,27.75,25.82,90.06,0.0,26.312,27.038,0.0,26.312,27.038,0.07447440999999999,0.042801475733584976,2.3513580830106515,0.02443549999999997,0.910459875412239
2022-07-13,0.243809,0.24458950000000002,0.0007805000000000173,0.06363199999999997,0.001710499999999976,0.03435349999999998,0.241018,-0.0043520000000000225,0.03334065498235905,0.059824023510250006,0.026483368527890953,26.82,27.35,29.06,26.23,26.82,27.35,29.06,26.23,90.49,0.0,26.877999999999997,26.883999999999997,0.0,26.877999999999997,26.883999999999997,0.07193124,0.03859058501764094,2.1574633143247994,0.02361049999999998,0.9119668158090978
2022-07-14,0.23780600000000002,0.2429325,0.005126499999999978,0.06256600000000004,0.0011765000000000247,0.03197749999999999,0.241234,-0.00682499999999997,0.032338424934492196,0.059016199556249996,0.0266777746217578,26.4,27.47,28.45,26.2,26.4,27.47,28.45,26.2,90.73,0.0,26.746000000000002,26.708,0.0,26.746000000000002,26.708,0.06969600000000001,0.03735757506550781,2.155207006562097,0.021067500000000017,0.9201988636363636
2022-07-15,0.20978950000000002,0.2221915,0.012401999999999969,0.06184299999999998,0.0030040000000000067,0.032665500000000014,0.2248655,-0.009727999999999959,0.030587679280944042,0.04936906267225,0.018781383391305955,24.23,26.72,26.72,24.13,24.23,26.72,26.72,24.13,89.37,0.0,25.616000000000003,26.259999999999998,0.0,25.616000000000003,26.259999999999998,0.058709290000000004,0.028121610719055962,1.9193770622727686,0.02010850000000003,0.9170099050763515
2022-07-18,0.240774,0.23437049999999998,-0.006403500000000006,0.06648900000000002,0.0024160000000000292,0.0348465,0.233961,0.005994000000000027,0.03252184817359014,0.05492953127024999,0.02240768309665985,25.3,24.83,25.91,24.38,25.3,24.83,25.91,24.38,91.86,0.0,25.092,26.119999999999997,0.0,25.092,26.119999999999997,0.064009,0.031487151826409855,1.9681845772830178,0.01862950000000002,0.9263656126482213
2022-07-19,0.2413625,0.226558,-0.014804499999999998,0.066105,0.00454750000000001,0.03695200000000001,0.2260775,0.014323999999999976,0.03258373066370093,0.051328527364,0.01874479670029907,24.5,25.12,25.41,24.23,24.5,25.12,25.41,24.23,88.61,0.0,24.766,25.816000000000003,0.0,24.766,25.816000000000003,0.060024999999999995,0.027441269336299062,1.8421770244642153,0.018441999999999986,0.924726530612245
2022-07-20,0.227936,0.222431,-0.00550500000000001,0.05875299999999997,0.004604500000000011,0.03412100000000001,0.223572,0.006646000000000013,0.029328938227347133,0.04947554976099999,0.02014661153365286,23.88,24.23,24.73,23.4,23.88,24.23,24.73,23.4,86.75,0.0,24.412,25.531,0.0,24.412,25.531,0.05702543999999999,0.027696501772652857,1.9443404175752892,0.016368999999999995,0.9314530988274707
2022-07-21,0.2078305,0.20934,0.001509499999999997,0.055643,0.0073135000000000006,0.03423799999999999,0.2150965,0.004247000000000001,0.030551781113437267,0.043823235599999996,0.01327145448656273,23.11,24.07,24.67,22.92,23.11,24.07,24.67,22.92,85.04,0.0,23.695999999999998,25.234,0.0,23.695999999999998,25.234,0.05340721,0.02285542888656273,1.7480882637153508,0.02176,0.9058416270012981
2022-07-22,0.201137,0.20758949999999998,0.006452499999999972,0.05456899999999998,0.007429000000000019,0.03299250000000001,0.21475699999999998,0.0007150000000000212,0.028898815654595487,0.04309340051024999,0.014194584855654505,23.03,23.3,23.81,22.41,23.03,23.3,23.81,22.41,84.53,0.0,23.232,25.073,0.0,23.232,25.073,0.05303809,0.024139274345404516,1.8353032398947426,0.022710500000000022,0.901387320885801
2022-07-25,0.2106155,0.2099525,-0.0006630000000000247,0.056215000000000015,0.006623000000000018,0.03338250000000001,0.21482050000000003,0.005531000000000064,0.026852448206922265,0.044080052256249995,0.01722760404932773,23.36,24.33,24.57,23.19,23.36,24.33,24.57,23.19,83.82,0.0,23.177999999999997,24.792,0.0,23.177999999999997,24.792,0.05456896,0.027716511793077735,2.032178205111768,0.023647500000000016,0.8987692636986301
2022-07-26,0.234158,0.225093,-0.009065000000000017,0.06148999999999999,0.005389000000000005,0.03484200000000004,0.22515249999999998,0.009124500000000008,0.023040647275039537,0.050666858648999995,0.027626211373960458,24.69,23.95,25.31,23.82,24.69,23.95,25.31,23.82,84.83,0.0,23.826,24.532000000000004,0.0,23.826,24.532000000000004,0.060959610000000004,0.03791896272496047,2.645742078003119,0.02180700000000002,0.9116767922235722
2022-07-27,0.1978185,0.20471899999999998,0.006900499999999976,0.056502,0.0071450000000000125,0.03412600000000002,0.2104085,-0.001210999999999962,0.022589294316684178,0.04190986896099999,0.019320574644315813,23.24,24.27,24.41,23.02,23.24,24.27,24.41,23.02,81.77,0.0,23.844,24.174,0.0,23.844,24.174,0.05400976,0.031420465683315815,2.3909449867191754,0.02768100000000001,0.8808907056798623
2022-07-28,0.1853445,0.196176,0.010831499999999994,0.049648,0.008046999999999999,0.031281,0.203155,-0.003852499999999981,0.02481313259459134,0.038485022976,0.013671890381408657,22.33,23.33,23.54,22.22,22.33,23.33,23.54,22.22,80.88,0.0,23.165999999999997,23.767,0.0,23.165999999999997,23.767,0.049862889999999986,0.025049757405408647,2.0095362731777318,0.02712399999999998,0.8785311240483655
2022-07-29,0.175059,0.18947799999999998,0.014418999999999987,0.04544699999999999,0.006429500000000032,0.027869000000000033,0.1980695,-0.005827499999999958,0.024497052786050355,0.035901912483999994,0.011404859697949639,21.33,22.13,22.16,21.21,21.33,22.13,22.16,21.21,80.29,0.0,22.112000000000002,23.476999999999997,0.0,22.112000000000002,23.476999999999997,0.04549689,0.020999837213949643,1.85723933394583,0.02382200000000001,0.8883169245194561
2022-08-01,0.1964285,0.20032699999999998,0.0038984999999999714,0.057342000000000004,0.007927000000000017,0.03513800000000003,0.2091385,0.004913000000000056,0.02536339292447105,0.04013090692899999,0.014767514004528939,22.84,22.41,23.27,22.26,22.84,22.41,23.27,22.26,86.34,0.0,22.133999999999997,23.230999999999998,0.0,22.133999999999997,23.230999999999998,0.052166559999999994,0.026803167075528943,2.0567658339460086,0.028073000000000015,0.8770884413309982
2022-08-02,0.2099035,0.210925,0.0010215000000000085,0.065306,0.007109000000000004,0.038700999999999985,0.2173525,0.005405999999999994,0.02509506839118658,0.044489355625,0.019394287233813416,23.93,24.08,24.68,22.67,23.93,24.08,24.68,22.67,88.47,0.0,22.973999999999997,23.174,0.0,22.973999999999997,23.174,0.057264489999999994,0.03216942160881341,2.2819021294284,0.028374999999999984,0.8814249895528625
2022-08-03,0.186517,0.19297799999999998,0.0064609999999999945,0.055064,0.008049000000000028,0.033995000000000025,0.203768,0.004329000000000027,0.023194956465350754,0.03724050848399999,0.014045552018649238,21.95,23.86,23.92,21.68,21.95,23.86,23.92,21.68,84.6,0.0,22.919999999999998,22.980999999999998,0.0,22.919999999999998,22.980999999999998,0.04818025,0.024985293534649247,2.0771864811202794,0.026522000000000018,0.8791708428246013
2022-08-04,0.180595,0.19151,0.010915000000000008,0.05516200000000002,0.007797999999999972,0.032773,0.20482250000000002,0.002397499999999997,0.020288884504327837,0.03667608010000001,0.01638719559567217,21.44,22.06,22.66,21.44,21.44,22.06,22.66,21.44,83.69,0.0,22.142000000000003,22.814,0.0,22.142000000000003,22.814,0.045967360000000006,0.02567847549567217,2.265642548765787,0.022889999999999994,0.8932369402985075
2022-08-05,0.170493,0.1840445,0.013551499999999994,0.05540700000000001,0.007811000000000012,0.0332075,0.200727,0.003130999999999995,0.02014079404264036,0.03387237798025,0.013731583937609641,21.15,21.5,22.58,20.76,21.15,21.5,22.58,20.76,84.13,0.0,21.426,22.625999999999998,0.0,21.426,22.625999999999998,0.044732249999999994,0.024591455957359634,2.2209774800981887,0.027455499999999994,0.8701867612293145
2022-08-08,0.18337399999999998,0.189683,0.006309000000000009,0.057676000000000005,0.008132,0.03604300000000002,0.2049205,0.008928500000000006,0.019653093468105898,0.035979640488999994,0.016326547020894096,21.29,21.74,22.01,20.83,21.29,21.74,22.01,20.83,86.95,0.0,21.264,22.419,0.0,21.264,22.419,0.04532640999999999,0.025673316531894093,2.3063244508330527,0.023216999999999988,0.8909488022545796
2022-08-09,0.19156,0.1946205,0.0030604999999999938,0.05799099999999999,0.007333999999999979,0.03397349999999999,0.2082595,0.01057849999999999,0.019316050132742322,0.03787713902025,0.01856108888750768,21.77,21.41,22.23,21.41,21.77,21.41,22.23,21.41,87.49,0.0,21.454,22.127,0.0,21.454,22.127,0.047393290000000005,0.028077239867257683,2.4535704595042653,0.023079500000000003,0.8939848415250344
2022-08-10,0.160261,0.1754685,0.015207500000000013,0.047655,0.007913000000000003,0.028335500000000013,0.192513,0.0018369999999999775,0.018553452369652994,0.03078919449225,0.012235742122597006,19.74,22.28,22.34,19.54,19.74,22.28,22.34,19.54,90.04,0.0,20.862,21.777,0.0,20.862,21.777,0.038966759999999996,0.020413307630347002,2.100243082723304,0.021931499999999993,0.8888981762917934
2022-08-11,0.1614715,0.17775249999999998,0.01628099999999999,0.04963000000000001,0.0076685000000000225,0.030153500000000028,0.1944215,0.0003880000000000272,0.017877023276917252,0.03159595125624999,0.013718927979332739,20.2,19.84,20.85,19.71,20.2,19.84,20.85,19.71,90.84,0.0,20.330000000000002,21.564,0.0,20.330000000000002,21.564,0.04080399999999999,0.02292697672308274,2.2824829037777206,0.024247500000000005,0.8799628712871287
2022-08-12,0.15023599999999998,0.17123899999999997,0.021002999999999994,0.041739,0.006567500000000004,0.024978000000000028,0.18846249999999998,-0.003779499999999991,0.0161268006952171,0.02932279512099999,0.01319599442578289,19.53,20.34,20.35,19.12,19.53,20.34,20.35,19.12,91.01,0.0,19.839999999999996,21.384,0.0,19.839999999999996,21.384,0.038142090000000003,0.022015289304782904,2.3651368129893378,0.024061000000000027,0.8767997951868918
2022-08-15,0.162584,0.176368,0.01378399999999999,0.042712,0.005870000000000014,0.024680000000000007,0.1894815,-0.0006704999999999905,0.015873335767638778,0.031105671424,0.015232335656361222,19.95,20.74,21.16,19.81,19.95,20.74,21.16,19.81,88.73,0.0,19.832,21.095,0.0,19.832,21.095,0.039800249999999995,0.023926914232361218,2.50736521816299,0.023131999999999986,0.8840501253132833
2022-08-16,0.161705,0.1745505,0.01284550000000001,0.045152,0.0059655000000000125,0.02758350000000001,0.18888850000000001,0.0014925000000000077,0.01634927149744453,0.03046787705025,0.014118605552805471,19.69,20.23,20.39,19.5,19.69,20.23,20.39,19.5,88.05,0.0,19.762,20.671,0.0,19.762,20.671,0.03876961000000001,0.02242033850255548,2.3713356283831906,0.022349500000000022,0.8864931437277805
2022-08-17,0.1714695,0.18012050000000002,0.00865100000000002,0.04705199999999998,0.004854499999999984,0.026373499999999994,0.1946215,0.005849999999999966,0.015825961629589817,0.03244339452025,0.016617432890660186,19.9,19.74,20.63,19.41,19.9,19.74,20.63,19.41,87.47,0.0,19.826,20.466,0.0,19.826,20.466,0.03960099999999999,0.023775038370410173,2.502280804596288,0.018879499999999966,0.9051281407035178
2022-08-18,0.16004449999999998,0.1729635,0.012919000000000014,0.046046000000000004,0.005250499999999991,0.025118500000000016,0.189898,0.004015500000000005,0.01294949113332043,0.02991637233225,0.01696688119892957,19.56,20.51,20.61,19.43,19.56,20.51,20.61,19.43,86.46,0.0,19.722,20.278,0.0,19.722,20.278,0.03825936,0.025309868866679568,2.9545068301220394,0.022636500000000004,0.884271472392638
2022-08-19,0.1662225,0.1804385,0.014216000000000006,0.05061600000000002,0.004190499999999986,0.027974499999999985,0.197849,0.003194499999999989,0.012412252773182334,0.03255805228225,0.020145799509067662,20.6,20.16,21.27,20.08,20.6,20.16,21.27,20.08,89.77,0.0,20.044,20.223000000000003,0.0,20.044,20.223000000000003,0.04243600000000001,0.030023747226817672,3.4188797775442006,0.025561500000000015,0.8759150485436893
2022-08-22,0.20954699999999998,0.2114045,0.001857500000000012,0.06167599999999998,0.004608500000000015,0.033600500000000005,0.21879300000000002,0.005531000000000008,0.011668652419075113,0.044691862620249996,0.03302321020117488,23.8,22.41,24.62,22.39,23.8,22.41,24.62,22.39,94.75,0.0,21.672000000000004,20.473999999999997,0.0,21.672000000000004,20.473999999999997,0.05664400000000001,0.04497534758092489,4.854373749911539,0.026595500000000022,0.8882542016806722
2022-08-23,0.20938099999999998,0.209977,0.0005960000000000132,0.057032,0.0038539999999999963,0.03161800000000001,0.2159965,0.005423499999999998,0.010383570836922774,0.044090340528999995,0.03370676969207722,24.11,24.13,24.21,23.07,24.11,24.13,24.21,23.07,93.34,0.0,23.284000000000002,20.708000000000002,0.0,23.284000000000002,20.708000000000002,0.058129209999999994,0.04774563916307722,5.598190729657206,0.031122999999999984,0.8709124844462879
2022-08-24,0.19302,0.201034,0.008013999999999993,0.054918999999999996,0.0038365000000000204,0.029767000000000016,0.20822800000000002,-0.0008199999999999597,0.010221302816024486,0.040414669156,0.030193366339975512,22.82,24.37,24.86,22.73,22.82,24.37,24.86,22.73,86.45,0.0,23.532,21.016,0.0,23.532,21.016,0.05207524000000001,0.04185393718397552,5.094775190336682,0.027166000000000023,0.8809553023663452
2022-08-25,0.1806895,0.191748,0.011058499999999999,0.05183599999999999,0.004133999999999999,0.026814000000000004,0.1992815,-0.0035250000000000004,0.010325698307291025,0.036767295504,0.026441597196708973,21.78,22.41,23.13,21.77,21.78,22.41,23.13,21.77,83.32,0.0,22.662,21.174,0.0,22.662,21.174,0.04743684000000001,0.03711114169270898,4.594056361931921,0.02605200000000002,0.8803856749311294
2022-08-26,0.207956,0.2230285,0.015072499999999989,0.062346999999999986,0.004688999999999999,0.03601750000000001,0.2251475,-0.012953499999999979,0.010641755162749397,0.04974171181225,0.0390999566495006,25.56,22.07,25.9,21.67,25.56,22.07,25.9,21.67,91.66,0.0,23.5,21.777,0.0,23.5,21.777,0.06533135999999999,0.05468960483725059,6.139152705625772,0.0325715,0.8725684663536776
2022-08-29,0.221034,0.23145,0.01041599999999998,0.06298500000000001,0.004723500000000019,0.03597700000000004,0.228386,-0.013479999999999964,0.010339947275815865,0.05356910249999999,0.04322915522418413,26.21,26.86,27.67,25.47,26.21,26.86,27.67,25.47,91.57,0.0,25.064,22.403000000000002,0.0,25.064,22.403000000000002,0.06869641,0.058356462724184134,6.6437872619209815,0.03065000000000001,0.8830599008012209
2022-08-30,0.2266265,0.235836,0.009209499999999982,0.06323600000000001,0.0044610000000000205,0.034631999999999996,0.232431,-0.012614499999999973,0.01200064454254994,0.055618618896,0.04361797435345006,26.21,25.75,27.69,25.13,26.21,25.75,27.69,25.13,91.11,0.0,26.080000000000002,23.055,0.0,26.080000000000002,23.055,0.06869641,0.05669576545745006,5.724393365408616,0.02626400000000001,0.8997939717665013
2022-08-31,0.224756,0.2331185,0.008362499999999995,0.06170600000000001,0.004097499999999976,0.03417749999999997,0.23014600000000002,-0.011334999999999984,0.012529400147399561,0.05434423504225,0.04181483489485044,25.87,25.86,26.62,25.31,25.87,25.86,26.62,25.31,88.4,0.0,26.074,23.652,0.0,26.074,23.652,0.06692569,0.054396289852600435,5.341491947951732,0.02558149999999998,0.9011151913413221
2022-09-01,0.218092,0.22651,0.008417999999999981,0.061448999999999976,0.004847500000000005,0.03361800000000004,0.2258835,-0.009044499999999983,0.013404755924214836,0.0513067801,0.037902024175785164,25.56,26.88,27.45,25.25,25.56,26.88,27.45,25.25,87.74,0.0,25.814,24.252000000000002,0.0,25.814,24.252000000000002,0.06533135999999999,0.05192660407578516,4.873744838724222,0.029090000000000005,0.8861893583724569
2022-09-02,0.2226185,0.2318495,0.00923099999999999,0.06104599999999999,0.003761500000000001,0.03240350000000003,0.2317035,-0.009376999999999969,0.016644851991020743,0.05375419065024999,0.037109338659229246,25.47,25.51,26.28,23.19,25.47,25.51,26.28,23.19,89.19,0.0,25.586,24.738999999999997,0.0,25.586,24.738999999999997,0.06487209,0.048227238008979254,3.897426665914241,0.022850499999999996,0.9102846486062034
2022-09-06,0.25184,0.241211,-0.010629,0.06245299999999998,0.003968499999999986,0.03387499999999999,0.237826,0.0072440000000000004,0.017745879824484865,0.05818274652100001,0.04043686669651514,26.91,25.46,27.8,25.33,26.91,25.46,27.8,25.33,94.08,0.0,26.064,25.05,0.0,26.064,25.05,0.07241481000000001,0.05466893017551515,4.080654817693836,0.027888999999999997,0.8963619472315124
2022-09-07,0.2265325,0.223221,-0.003311499999999995,0.056425,0.004765500000000006,0.030874999999999986,0.224437,0.00452749999999999,0.017713937983057846,0.049827614841,0.032113676857942156,24.64,26.93,27.15,24.54,24.64,26.93,27.15,24.54,88.26,0.0,25.714,25.103,0.0,25.714,25.103,0.06071296,0.042999022016942154,3.4274117961837587,0.023179000000000005,0.9059293831168831
2022-09-08,0.2101075,0.2132775,0.003170000000000006,0.051308999999999994,0.005879999999999996,0.028651499999999996,0.218231,0.0017834999999999934,0.017741566566331912,0.045487292006250006,0.027745725439918094,23.61,24.7,25.9,23.56,23.61,24.7,25.9,23.56,85.57,0.0,24.682,25.182,0.0,24.682,25.182,0.05574321,0.03800164343366809,3.1419553505372875,0.022822499999999996,0.9033354510800509
2022-09-09,0.1997735,0.2064625,0.0066890000000000005,0.04750099999999999,0.005456000000000016,0.028061500000000017,0.2133345,0.00018300000000001648,0.017884076638942276,0.04262676390625,0.02474268726730772,22.79,23.49,23.57,22.64,22.79,23.49,23.57,22.64,84.09,0.0,23.488,25.282999999999998,0.0,23.488,25.282999999999998,0.05193841,0.03405433336105772,2.9041706233189015,0.021437499999999998,0.9059346204475647
2022-09-12,0.2338665,0.21627000000000002,-0.017596499999999987,0.04853100000000002,0.005476499999999995,0.028097999999999984,0.217089,0.018415499999999974,0.01777129628963129,0.046772712900000006,0.029001416610368716,23.87,23.58,24.23,23.16,23.87,23.58,24.23,23.16,84.53,0.0,23.386000000000003,25.113999999999997,0.0,23.386000000000003,25.113999999999997,0.05697769000000001,0.03920639371036872,3.2061639776521984,0.022430000000000005,0.9060326770004189
2022-09-13,0.25836400000000004,0.23896499999999998,-0.019399000000000055,0.059967999999999966,0.00475600000000001,0.034755000000000036,0.238232,0.01866600000000007,0.01926889259862065,0.05710427122499999,0.03783537862637934,27.27,23.67,28.15,23.53,27.27,23.67,28.15,23.53,93.89,0.0,25.014,25.22,0.0,25.014,25.22,0.07436529,0.05509639740137935,3.8593442575585994,0.033735000000000015,0.8762926292629263
2022-09-14,0.2470235,0.23535499999999998,-0.011668500000000026,0.06077199999999999,0.003984000000000015,0.033134,0.2356605,0.01197400000000004,0.01992245728745405,0.05539197602499999,0.03546951873754594,26.16,26.73,27.56,26.16,26.16,26.73,27.56,26.16,93.58,0.0,26.146000000000004,25.215,0.0,26.146000000000004,25.215,0.06843456,0.048512102712545954,3.435046139769913,0.02624500000000002,0.8996750764525994
2022-09-15,0.2478515,0.239481,-0.008370500000000003,0.057117999999999974,0.002010999999999985,0.028700000000000003,0.23888150000000002,0.007771000000000028,0.021743563604525982,0.057351149361,0.03560758575647402,26.27,26.1,26.93,25.42,26.27,26.1,26.93,25.42,92.61,0.0,26.426,25.255000000000003,0.0,26.426,25.255000000000003,0.06901128999999999,0.04726772639547401,3.173872105565764,0.02321899999999999,0.9116140083745717
2022-09-16,0.24922,0.241095,-0.008124999999999993,0.054279999999999995,0.0006410000000000027,0.02790799999999999,0.24008049999999997,0.007110499999999964,0.022636662586314145,0.058126799025,0.03549013643868586,26.3,27.47,28.45,26.14,26.3,27.47,28.45,26.14,92.42,0.0,26.26,25.329,0.0,26.26,25.329,0.06916900000000001,0.04653233741368586,3.0556182801354628,0.021905000000000008,0.9167110266159696
2022-09-19,0.2590535,0.2411595,-0.017893999999999993,0.051229,0.0002620000000000122,0.02505349999999998,0.2374785,0.014213000000000003,0.02232721613391825,0.05815790444025,0.03583068830633175,25.76,27.69,27.95,25.56,25.76,27.69,27.95,25.56,88.99,0.0,26.078000000000003,25.358,0.0,26.078000000000003,25.358,0.06635776,0.04403054386608175,2.9720570447290573,0.016440499999999997,0.9361781832298137
2022-09-20,0.2839985,0.25542600000000004,-0.028572499999999945,0.055350999999999984,0.0003464999999999163,0.027331999999999967,0.2474845,0.0206309999999999,0.022603147931646226,0.06524244147600002,0.04263929354435379,27.16,25.65,27.81,25.61,27.16,25.65,27.81,25.61,91.12,0.0,26.427999999999997,25.383000000000003,0.0,26.427999999999997,25.383000000000003,0.07376656000000001,0.051163412068353786,3.2635525026459207,0.016173999999999966,0.9404491899852726
2022-09-21,0.28236,0.263599,-0.018760999999999972,0.049611000000000016,0.0001335000000000086,0.02985899999999997,0.253935,0.009096999999999966,0.02518190093548029,0.06948443280100002,0.044302531865519724,27.99,28.03,30.18,25.55,27.99,28.03,30.18,25.55,92.05,0.0,27.212,25.718,0.0,27.212,25.718,0.07834400999999999,0.0531621090645197,3.111123747199578,0.016300999999999954,0.9417613433369062
2022-09-22,0.2559175,0.2546665,-0.0012510000000000021,0.04374699999999998,0.0010469999999999646,0.03201149999999997,0.24971300000000002,-0.0037024999999999975,0.02514297363985335,0.06485502622225,0.039712052582396656,27.35,28.16,28.38,26.71,27.35,28.16,28.38,26.71,89.18,0.0,27.568,26.092000000000002,0.0,27.568,26.092000000000002,0.07480225000000001,0.049659276360146665,2.975075703910904,0.018833500000000003,0.9311389396709323
2022-09-23,0.27813750000000004,0.272059,-0.006078500000000042,0.06116200000000002,0.0043219999999999925,0.03303299999999998,0.26271449999999996,-0.003265999999999991,0.02727317884007746,0.07401609948099999,0.04674292064092253,29.92,27.68,32.31,27.58,29.92,27.68,32.31,27.58,101.55,0.0,28.506,26.805,0.0,28.506,26.805,0.08952064000000001,0.06224746115992255,3.28236911894007,0.027141000000000026,0.909288101604278
2022-09-26,0.31500649999999997,0.2897245,-0.02528199999999997,0.062006000000000006,0.0037455000000000127,0.03909849999999998,0.275412,0.010969499999999965,0.026707637018051667,0.08394028590025,0.05723264888219834,32.26,31.74,32.88,29.83,32.26,31.74,32.88,29.83,109.09,0.0,30.342000000000002,27.644,0.0,30.342000000000002,27.644,0.10407076,0.07736312298194833,3.8966667073413745,0.0328755,0.8980920644761314
2022-09-27,0.3132745,0.293941,-0.019333500000000003,0.07070100000000001,0.00307449999999998,0.03730499999999998,0.278787,0.004179500000000003,0.029661321741357587,0.086401311481,0.05673998973964241,32.6,31.2,34.14,30.3,32.6,31.2,34.14,30.3,113.76,0.0,31.927999999999997,28.177000000000003,0.0,31.927999999999997,28.177000000000003,0.10627600000000001,0.07661467825864242,3.5829826103742537,0.032059000000000004,0.901659509202454
2022-09-28,0.28431300000000004,0.27325900000000003,-0.011054000000000008,0.06428500000000001,0.002805499999999961,0.03519899999999998,0.26388599999999995,0.0016809999999999325,0.03196228110146226,0.07467048108100002,0.042708199979537766,30.18,34.5,34.88,30.03,30.18,34.5,34.88,30.03,105.83,0.0,31.564,28.579,0.0,31.564,28.579,0.09108324000000001,0.05912095889853775,2.849710247865663,0.028540999999999983,0.9054307488402916
2022-09-29,0.29855,0.2839885,-0.014561500000000005,0.067166,0.0026975000000000193,0.0367885,0.2719755,0.002548500000000009,0.033737477374373,0.08064946813224999,0.04691199075787699,31.84,31.67,33.46,31.16,31.84,31.67,33.46,31.16,108.31,0.0,31.327999999999996,29.136000000000003,0.0,31.327999999999996,29.136000000000003,0.10137856,0.06764108262562701,3.0049241345177515,0.03441150000000004,0.8919236809045225
2022-09-30,0.28990150000000003,0.285343,-0.004558500000000021,0.06412799999999996,0.0029819999999999847,0.034711999999999965,0.274695,-0.00608949999999997,0.03764479020451499,0.081420627649,0.04377583744448501,31.62,31.61,33.25,29.39,31.62,31.61,33.25,29.39,106.19,0.0,31.419999999999998,29.668,0.0,31.419999999999998,29.668,0.09998244000000002,0.06233764979548503,2.655943610173406,0.030857000000000023,0.9024130297280202
2022-10-03,0.2786305,0.26862600000000003,-0.010004499999999972,0.06275299999999998,0.0031594999999999818,0.03164399999999995,0.2604125,0.0017909999999999315,0.040460500343700204,0.07215992787600002,0.03169942753229982,30.1,33.0,33.06,29.63,30.1,33.0,33.06,29.63,103.03,0.0,31.056,30.102000000000004,0.0,31.056,30.102000000000004,0.09060099999999999,0.05014049965629978,2.239245665040491,0.03237399999999996,0.8924451827242527
2022-10-04,0.2652195,0.2586925,-0.006527000000000005,0.06257600000000002,0.004186499999999982,0.0335085,0.251574,-0.000591499999999967,0.04256327372735185,0.06692180955624999,0.024358535828898138,29.07,29.52,29.62,28.56,29.07,29.52,29.62,28.56,96.83,0.0,29.992,30.293,0.0,29.992,30.293,0.08450649,0.04194321627264815,1.9854321014244438,0.03200750000000002,0.8898950808393532
2022-10-05,0.264049,0.2567025,-0.007346499999999978,0.06179900000000002,0.004628999999999994,0.033957499999999974,0.2519625,0.002606499999999956,0.04467799648096804,0.06589617350625,0.021218177025281962,28.55,29.36,30.11,28.5,28.55,29.36,30.11,28.5,92.79,0.0,29.068,30.349,0.0,29.068,30.349,0.08151025000000002,0.03683225351903198,1.8243935811831178,0.02879750000000003,0.8991330998248686
2022-10-06,0.2831035,0.270735,-0.012368500000000004,0.06181500000000001,0.004273499999999986,0.034743000000000024,0.2611285,0.0027619999999999867,0.04429025534385635,0.073297440225,0.02900718488114365,30.52,28.6,30.74,28.56,30.52,28.6,30.74,28.56,97.73,0.0,29.442,30.666000000000004,0.0,29.442,30.666000000000004,0.09314703999999999,0.04885678465614364,2.1031046056707985,0.03446499999999997,0.8870740498034076
2022-10-07,0.282941,0.2771385,-0.005802499999999988,0.059946,0.004127500000000006,0.0350085,0.2685455,-0.002790500000000029,0.047676038062488824,0.07680574818225,0.029129710119761176,31.36,30.37,32.02,29.88,31.36,30.37,32.02,29.88,103.37,0.0,30.462,30.810000000000002,0.0,30.462,30.810000000000002,0.09834496,0.05066892193751117,2.0627754317818856,0.03646149999999998,0.8837324617346939
2022-10-10,0.3038055,0.2907025,-0.013103000000000031,0.05880800000000003,0.003474500000000047,0.0324565,0.2788305,0.0012310000000000376,0.049308945972149916,0.08450794350624999,0.03519899753410007,32.45,32.93,33.99,32.05,32.45,32.93,33.99,32.05,107.11,0.0,31.628000000000004,30.829,0.0,31.628000000000004,30.829,0.10530025000000001,0.055991304027850096,2.1355201966692703,0.033797500000000036,0.8958474576271185
2022-10-11,0.3206075,0.299783,-0.020824499999999968,0.058647000000000005,0.0035754999999999537,0.031561000000000006,0.28397700000000003,0.005018499999999981,0.0516035135209969,0.08986984708900002,0.038266333568003116,33.63,33.56,34.43,32.45,33.63,33.56,34.43,32.45,105.26,0.0,32.704,30.932,0.0,32.704,30.932,0.11309769000000003,0.061494176479003126,2.191666463834518,0.03651700000000002,0.8914154029140647
2022-10-12,0.3275045,0.302298,-0.025206499999999965,0.054071000000000036,0.0022994999999999544,0.02931800000000001,0.28416149999999996,0.00706999999999991,0.04785064448440591,0.09138408080400001,0.0435334363195941,33.57,33.54,34.53,33.11,33.57,33.54,34.53,33.11,109.19,0.0,33.370000000000005,31.270999999999997,0.0,33.370000000000005,31.270999999999997,0.11269449,0.06484384551559408,2.3551300345960042,0.03340199999999999,0.9005004468275246
2022-10-13,0.29398500000000005,0.29208100000000004,-0.0019040000000000168,0.046470999999999985,0.0025414999999999743,0.02586199999999994,0.276902,-0.013275000000000037,0.05513671985986248,0.08531131056100003,0.030174590701137545,31.94,33.6,33.87,31.63,31.94,33.6,33.87,31.63,101.26,0.0,32.93,31.281,0.0,32.93,31.281,0.10201636000000001,0.046879640140137534,1.850243544760888,0.027318999999999982,0.9144677520350658
2022-10-14,0.2779045,0.2919755,0.014071,0.047603000000000006,0.002684999999999993,0.02514050000000001,0.27992,-0.026126499999999997,0.05456736837547819,0.08524969260025,0.030682324224771816,32.02,31.89,32.98,31.14,32.02,31.89,32.98,31.14,101.94,0.0,32.298,31.321000000000005,0.0,32.298,31.321000000000005,0.10252804000000003,0.04796067162452184,1.8789258681947854,0.02822450000000004,0.9118535290443471
2022-10-17,0.27970300000000003,0.287697,0.007993999999999946,0.04861199999999999,0.0019140000000000268,0.025319000000000036,0.273932,-0.021758999999999917,0.05621696004307618,0.08276956380899998,0.026552603765923805,31.37,32.27,32.59,30.7,31.37,32.27,32.59,30.7,97.32,0.0,31.744,31.448,0.0,31.744,31.448,0.09840769000000002,0.04219072995692384,1.7504982468741683,0.026003000000000054,0.9171087025820847
2022-10-18,0.27642100000000003,0.28291350000000004,0.006492500000000012,0.04655200000000004,0.002689499999999956,0.023419499999999982,0.270041,-0.019365000000000077,0.05514300030278851,0.08004004848225002,0.024897048179461513,30.5,31.1,31.93,30.42,30.5,31.1,31.93,30.42,92.3,0.0,31.151999999999997,31.591,0.0,31.151999999999997,31.591,0.093025,0.03788199969721149,1.686977485613815,0.022086499999999953,0.9275852459016395
2022-10-19,0.27498750000000005,0.285038,0.010050499999999962,0.048214000000000035,0.002893999999999952,0.02479300000000001,0.2718605,-0.02322799999999997,0.05430762817685493,0.081246661444,0.02693903326714507,30.76,30.94,31.9,30.76,30.76,30.94,31.9,30.76,90.69,0.0,30.778,31.812,0.0,30.778,31.812,0.09461776000000002,0.04031013182314509,1.7422554284984342,0.022562000000000026,0.9266514954486346
2022-10-20,0.2652555,0.2798905,0.014635000000000009,0.044287999999999994,0.002181500000000003,0.024045499999999997,0.26908849999999995,-0.025437000000000043,0.05580531073422222,0.07833869199025,0.022533381256027774,29.98,31.3,31.32,29.76,29.98,31.3,31.32,29.76,88.35,0.0,30.395999999999997,31.758,0.0,30.395999999999997,31.758,0.08988004000000001,0.03407472926577779,1.6106001170401456,0.019909500000000024,0.9335907271514342
2022-10-21,0.26554,0.279642,0.014102000000000003,0.04107099999999997,0.0023515000000000064,0.020757000000000025,0.2689785,-0.024765499999999996,0.053665069267543324,0.078199648164,0.02453457889645668,29.69,30.21,30.44,29.24,29.69,30.21,30.44,29.24,87.32,0.0,30.020000000000003,31.590999999999998,0.0,30.020000000000003,31.590999999999998,0.08814961,0.03448454073245668,1.6425882087384718,0.017257999999999996,0.9418726844055237
2022-10-24,0.2948775,0.281365,-0.013512500000000038,0.036424999999999985,0.002623500000000001,0.019098000000000004,0.26946400000000004,0.001611500000000099,0.052840438409261024,0.07916626322499999,0.026325824815738967,29.85,30.65,30.95,29.78,29.85,30.65,30.95,29.78,86.06,0.0,29.812,31.331,0.0,29.812,31.331,0.08910225,0.03626181159073897,1.6862511493542716,0.01713500000000001,0.9425963149078727
2022-10-25,0.2850015,0.268644,-0.016357500000000025,0.036605,0.002401500000000001,0.018299999999999983,0.259,0.006713500000000039,0.04903024913179129,0.072169598736,0.023139349604208707,28.46,29.8,30.0,28.22,28.46,29.8,30.0,28.22,82.21,0.0,29.262,30.814,0.0,29.262,30.814,0.08099716000000001,0.03196691086820872,1.6519834476525497,0.015956000000000026,0.9439353478566408
2022-10-26,0.2762795,0.26047549999999997,-0.01580400000000004,0.03770899999999999,0.002383000000000024,0.019985500000000045,0.2534965,0.008825000000000083,0.0492105872480815,0.06784748610024999,0.018636898852168488,27.28,28.44,28.52,27.27,27.28,28.44,28.52,27.27,80.42,0.0,28.266000000000002,30.185000000000002,0.0,28.266000000000002,30.185000000000002,0.07441983999999999,0.025209252751918487,1.512272951038626,0.012324500000000016,0.9548222140762462
2022-10-27,0.2738345,0.25752450000000005,-0.016309999999999936,0.03497100000000003,0.0019649999999999945,0.017915499999999973,0.250928,0.009713499999999875,0.04870041613357676,0.06631886810025002,0.017618451966673263,27.39,27.51,27.67,26.94,27.39,27.51,27.67,26.94,82.51,0.0,27.560000000000002,29.73,0.0,27.560000000000002,29.73,0.07502121000000002,0.02632079386642326,1.5404634283664005,0.016375499999999987,0.9402135815991238
2022-10-28,0.260425,0.2485085,-0.011916500000000024,0.03570899999999999,0.0005989999999999884,0.016052499999999997,0.24358249999999998,0.006990500000000011,0.044543568360625244,0.061756474572249996,0.017212906211624752,25.75,27.43,27.59,25.75,25.75,27.43,27.59,25.75,78.12,0.0,26.712,29.102999999999998,0.0,26.712,29.102999999999998,0.06630625,0.021762681639374754,1.488570683497645,0.008991500000000013,0.9650815533980582
2022-10-31,0.2784215,0.2458665,-0.032555,0.03447900000000004,0.0013520000000000199,0.017873499999999987,0.242168,0.028856500000000007,0.04300917941144624,0.06045033582224999,0.01744115641080375,25.88,26.91,27.07,25.84,25.88,26.91,27.07,25.84,78.86,0.0,26.130000000000003,28.553999999999995,0.0,26.130000000000003,28.553999999999995,0.06697743999999999,0.023968260588553746,1.5572824433421986,0.012933499999999987,0.9500251159196291
2022-11-01,0.282014,0.244339,-0.037674999999999986,0.033010999999999985,0.001486499999999974,0.016821999999999976,0.24126599999999998,0.034601999999999966,0.04044271801242954,0.059701546921,0.01925882890857046,25.81,25.96,26.35,25.66,25.81,25.96,26.35,25.66,80.24,0.0,25.826,28.084999999999997,0.0,25.826,28.084999999999997,0.06661560999999999,0.026172891987570453,1.6471595697283887,0.013760999999999995,0.9466834560247966
2022-11-02,0.273818,0.2447345,-0.029083500000000012,0.032662,0.0023995000000000266,0.019131499999999996,0.24609399999999998,0.030442999999999998,0.04666389739142348,0.059894975490249996,0.013231078098826517,25.86,26.04,26.62,25.39,25.86,26.04,26.62,25.39,80.93,0.0,25.844,27.595,0.0,25.844,27.595,0.06687396,0.020210062608576516,1.4330984709453565,0.013865500000000003,0.9463824439288476
2022-11-03,0.264511,0.24113600000000002,-0.02337499999999998,0.02772199999999997,0.0012529999999999764,0.012200999999999962,0.24431950000000002,0.026558499999999985,0.04016074096582672,0.05814657049600001,0.01798582953017329,25.3,25.98,26.87,25.1,25.3,25.98,26.87,25.1,79.17,0.0,25.625999999999998,27.127000000000002,0.0,25.625999999999998,27.127000000000002,0.064009,0.02384825903417328,1.593820195062289,0.011863999999999986,0.953106719367589
2022-11-04,0.2539635,0.23422199999999999,-0.019741500000000023,0.028379000000000015,0.001635500000000012,0.012050000000000005,0.2383305,0.023850000000000038,0.04189048992830121,0.05485994528399999,0.01296945535569878,24.55,25.63,25.71,24.0,24.55,25.63,25.71,24.0,79.24,0.0,25.112000000000002,26.613,0.0,25.112000000000002,26.613,0.06027025,0.018379760071698788,1.4387573433291698,0.01127800000000001,0.954061099796334
2022-11-07,0.260297,0.234342,-0.025955000000000006,0.026832999999999996,0.001740500000000006,0.012942000000000009,0.23561549999999998,0.02722849999999999,0.038305094116642104,0.054916172964,0.016611078847357894,24.35,25.67,25.67,24.34,24.35,25.67,25.67,24.34,79.95,0.0,24.62,26.063,0.0,24.62,26.063,0.05929225000000001,0.020987155883357908,1.5478946434500416,0.009158000000000027,0.9623901437371662
2022-11-08,0.2703805,0.241334,-0.02904650000000003,0.03217399999999998,0.0024869999999999892,0.01607900000000001,0.23983549999999998,0.027548000000000017,0.03795893346252248,0.058242099555999995,0.020283166093477516,25.54,24.71,26.16,24.24,25.54,24.71,26.16,24.24,84.6,0.0,24.866,25.770999999999997,0.0,24.866,25.770999999999997,0.06522916000000001,0.02727022653747753,1.7184139292112066,0.014066000000000023,0.944925606891151
2022-11-09,0.272161,0.246604,-0.025556999999999996,0.035845000000000016,0.0032785000000000175,0.019272999999999985,0.245292,0.024245000000000017,0.036730087783066794,0.06081353281599999,0.0240834450329332,26.09,25.34,26.35,25.02,26.09,25.34,26.35,25.02,90.11,0.0,25.522000000000002,25.651999999999997,0.0,25.522000000000002,25.651999999999997,0.06806881000000001,0.031338722216933214,1.8532166435872475,0.014296000000000031,0.9452050594097354
2022-11-10,0.230979,0.22628199999999998,-0.004697000000000007,0.027300999999999992,0.0016774999999999984,0.013226000000000016,0.227097,0.005512000000000017,0.033732108439385004,0.05120354352399999,0.01747143508461499,23.53,26.51,26.59,22.84,23.53,26.51,26.59,22.84,85.78,0.0,24.956,25.266,0.0,24.956,25.266,0.05536609000000001,0.021633981560615002,1.6413468520501835,0.009018000000000026,0.9616744581385465
2022-11-11,0.1967195,0.210011,0.013291500000000012,0.034853999999999996,0.0046700000000000075,0.018734,0.2179885,-0.005314000000000013,0.0327706716405153,0.044104620121,0.011333948480484697,22.52,23.89,23.91,22.37,22.52,23.89,23.91,22.37,85.89,0.0,23.637999999999998,24.943,0.0,23.637999999999998,24.943,0.050715039999999996,0.017944368359484694,1.5475740185104894,0.01518899999999998,0.9325532859680286
2022-11-14,0.2003015,0.2186345,0.018333000000000016,0.037383,0.003921999999999981,0.023755499999999985,0.221331,-0.015636500000000025,0.032299843759365975,0.04780104459025,0.015501200830884028,23.73,23.99,24.33,22.86,23.73,23.99,24.33,22.86,84.57,0.0,23.206,24.728,0.0,23.206,24.728,0.05631129000000001,0.024011446240634032,1.7433920244171905,0.0186655,0.9213421828908555
2022-11-15,0.1991405,0.217821,0.01868049999999999,0.043515,0.0055355000000000265,0.023274000000000017,0.2195805,-0.016920999999999964,0.03517517398763369,0.047445988040999997,0.01227081405336631,24.54,23.77,26.22,23.18,24.54,23.77,26.22,23.18,88.31,0.0,23.812,24.601000000000003,0.0,23.812,24.601000000000003,0.06022115999999999,0.0250459860123663,1.7120358813625645,0.027578999999999992,0.8876161369193154
2022-11-16,0.18757049999999997,0.2174725,0.02990200000000004,0.042163000000000006,0.0039889999999999926,0.0240745,0.2191835,-0.02819100000000005,0.031718505381915466,0.047294288256250004,0.015575782874334539,24.11,24.29,24.72,23.99,24.11,24.29,24.72,23.99,81.38,0.0,24.206,24.426,0.0,24.206,24.426,0.058129209999999994,0.026410704618084528,1.8326591779807753,0.023627499999999968,0.9020012442969724
2022-11-17,0.18212299999999998,0.2172245,0.03510150000000001,0.040691000000000005,0.002690999999999999,0.018985500000000016,0.21871000000000002,-0.03361599999999998,0.030873522173356132,0.047186483400249994,0.016312961226893862,23.93,24.05,25.18,23.81,23.93,24.05,25.18,23.81,81.16,0.0,24.124000000000002,24.288999999999998,0.0,24.124000000000002,24.288999999999998,0.057264489999999994,0.026390967826643862,1.8548091040101438,0.022075499999999998,0.9077496865858755
2022-11-18,0.17018850000000002,0.211763,0.041574499999999986,0.03954000000000002,0.002021999999999996,0.019310999999999995,0.21443600000000002,-0.03890149999999998,0.0316127067970824,0.044843568169,0.013230861371917604,23.12,24.03,24.12,22.98,23.12,24.03,24.12,22.98,77.68,0.0,23.642000000000003,24.146,0.0,23.642000000000003,24.146,0.053453440000000005,0.021840733202917607,1.6908846288649138,0.01943700000000001,0.9159299307958477
2022-11-21,0.17592049999999998,0.208322,0.03240150000000003,0.03850500000000001,0.001720499999999986,0.018293000000000004,0.210488,-0.030235500000000026,0.03160102820481835,0.043398055684,0.011797027479181647,22.36,24.05,24.12,22.3,22.36,24.05,24.12,22.3,77.11,0.0,22.978,23.947000000000003,0.0,22.978,23.947000000000003,0.04999696,0.018395931795181647,1.5821307989078892,0.015277999999999986,0.9316726296958856
2022-11-22,0.1688265,0.1982965,0.029469999999999996,0.03948300000000002,0.0016390000000000016,0.019334500000000004,0.202393,-0.025373499999999993,0.03100137518673098,0.03932150191224999,0.008320126725519014,21.29,22.59,22.71,21.28,21.29,22.59,22.71,21.28,77.81,0.0,22.084,23.522,0.0,22.084,23.522,0.04532640999999999,0.014325034813269012,1.4620773990503597,0.014603499999999991,0.9314067637388446
2022-11-23,0.152289,0.18870599999999998,0.03641699999999998,0.04136500000000001,0.0020344999999999946,0.019706,0.1959785,-0.029144499999999962,0.02427260009105054,0.03560995443599999,0.011337354344949452,20.35,21.49,21.78,20.32,20.35,21.49,21.78,20.32,81.72,0.0,21.128,22.948,0.0,21.128,22.948,0.041412250000000005,0.017139649908949464,1.7061315987844647,0.01479400000000003,0.9273022113022111
2022-11-25,0.15596700000000002,0.187971,0.03200399999999998,0.043122999999999995,0.0032424999999999815,0.02110400000000001,0.196803,-0.02317199999999997,0.022691164692666674,0.035333096841,0.012641932148333326,20.5,20.61,21.11,20.46,20.5,20.61,21.11,20.46,82.5,0.0,20.598000000000003,22.645,0.0,20.598000000000003,22.645,0.04202499999999999,0.01933383530733332,1.8520424389490076,0.01702899999999999,0.9169317073170732
2022-11-28,0.189495,0.206248,0.01675299999999999,0.04434199999999999,0.0018540000000000223,0.023032000000000025,0.2104815,-0.012519499999999989,0.018140206289922082,0.042538237503999994,0.024398031214077912,22.21,22.09,22.5,21.65,22.21,22.09,22.5,21.65,87.33,0.0,21.154000000000003,22.614,0.0,21.154000000000003,22.614,0.04932841000000001,0.031188203710077928,2.7192860550546634,0.015852000000000033,0.9286267447095902
2022-11-29,0.19993450000000001,0.2047005,0.0047659999999999925,0.040824,0.0015394999999999714,0.02045649999999999,0.2092375,-0.00022900000000000698,0.017772336609668343,0.04190229470025,0.02412995809058166,21.89,22.09,22.57,21.83,21.89,22.09,22.57,21.83,85.43,0.0,21.740000000000002,22.43,0.0,21.740000000000002,22.43,0.04791721,0.03014487339033166,2.696168267144598,0.014199500000000004,0.9351324805847419
2022-11-30,0.18832500000000002,0.19270199999999998,0.004376999999999964,0.03985799999999998,0.001611000000000029,0.014631000000000005,0.1992865,0.0022075000000000566,0.01762471389444269,0.037134060803999995,0.019509346909557305,20.58,21.7,22.63,20.31,20.58,21.7,22.63,20.31,81.79,0.0,21.43,22.034,0.0,21.43,22.034,0.04235363999999999,0.0247289261055573,2.40308241334656,0.013097999999999999,0.9363556851311954
2022-12-01,0.18958000000000003,0.185819,-0.0037610000000000143,0.03534100000000001,0.0034764999999999935,0.02061199999999999,0.195328,0.013270000000000004,0.017800054482302954,0.034528700761,0.016728646278697048,19.84,20.83,21.06,19.8,19.84,20.83,21.06,19.8,82.19,0.0,20.546,21.607000000000003,0.0,20.546,21.607000000000003,0.03936256,0.021562505517697044,2.211373006702579,0.012580999999999981,0.9365877016129033
2022-12-02,0.184426,0.17634450000000002,-0.008081499999999991,0.03534399999999999,0.0030454999999999788,0.020866499999999982,0.1907795,0.022516499999999967,0.0171416440971625,0.031097382680250005,0.013955738583087504,19.06,20.42,20.96,18.95,19.06,20.42,20.96,18.95,81.57,0.0,19.676,21.119999999999997,0.0,19.676,21.119999999999997,0.03632836,0.019186715902837496,2.1193042974222944,0.014255499999999977,0.9252072402938092
2022-12-05,0.23000500000000001,0.191488,-0.03851700000000002,0.041576,0.0021270000000000178,0.022786,0.20195950000000001,0.048988500000000046,0.017016374547768585,0.03666765414399999,0.01965127959623141,20.75,20.3,21.29,19.78,20.75,20.3,21.29,19.78,84.71,0.0,19.892,20.883,0.0,19.892,20.883,0.04305625,0.026039875452231413,2.5302833972731347,0.016012,0.9228337349397591
2022-12-06,0.2583035,0.2068685,-0.05143500000000001,0.04444300000000001,0.0009019999999999861,0.019961499999999993,0.213576,0.058142499999999986,0.017416305110054264,0.04279457629225,0.02537827118219574,22.17,20.69,22.6,20.38,22.17,20.69,22.6,20.38,86.59,0.0,20.98,20.864,0.0,20.98,20.864,0.04915089,0.03173458488994574,2.822119254882924,0.014831499999999997,0.9331010374379792
2022-12-07,0.261326,0.2118045,-0.049521499999999996,0.04506000000000002,0.000737500000000002,0.02265049999999999,0.218102,0.05581899999999998,0.01504083099429252,0.04486114622025,0.029820315225957482,22.68,22.32,23.01,22.18,22.68,22.32,23.01,22.18,87.18,0.0,22.09,21.003,0.0,22.09,21.003,0.05143824,0.03639740900570748,3.41990678703318,0.014995499999999995,0.9338822751322752
2022-12-08,0.2489675,0.205505,-0.043462500000000015,0.04397199999999998,0.0013819999999999943,0.021236000000000005,0.213235,0.05119250000000003,0.015473857052164345,0.042232305025,0.026758447972835657,22.29,22.81,23.28,22.06,22.29,22.81,23.28,22.06,84.9,0.0,22.422,21.197,0.0,22.422,21.197,0.04968440999999999,0.03421055294783565,3.2108613794548773,0.017394999999999994,0.9219605204127411
2022-12-09,0.24492,0.2087975,-0.0361225,0.040913000000000005,0.0011460000000000081,0.0197745,0.217982,0.045307000000000014,0.01597671229461599,0.043596396006249996,0.027619683711634008,22.83,22.55,23.21,22.18,22.83,22.55,23.21,22.18,87.26,0.0,22.584,21.43,0.0,22.584,21.43,0.05212088999999999,0.036144177705384,3.2623038481805966,0.019502499999999978,0.914575120455541
2022-12-12,0.2764535,0.223871,-0.05258250000000003,0.04133400000000001,0.0022199999999999998,0.02127800000000002,0.2233465,0.05205800000000005,0.01495929161258016,0.05011822464099999,0.03515893302841983,25.0,24.4,25.05,24.18,25.0,24.4,25.05,24.18,91.73,0.0,23.589999999999996,21.708999999999996,0.0,23.589999999999996,21.708999999999996,0.0625,0.04754070838741984,4.178005323957989,0.026129000000000013,0.895484
2022-12-13,0.22330149999999999,0.2004225,-0.022878999999999983,0.03487799999999999,0.0022395000000000054,0.019771499999999997,0.2065395,0.028995999999999966,0.018580986237822096,0.04016917850625,0.021588192268427904,22.55,25.24,25.84,21.46,22.55,25.24,25.84,21.46,88.74,0.0,23.586000000000002,21.775,0.0,23.586000000000002,21.775,0.05085025,0.032269263762177904,2.736681968823213,0.025077500000000003,0.8887915742793792
2022-12-14,0.1829065,0.18735649999999998,0.004449999999999982,0.030879000000000018,0.002063000000000037,0.025367500000000015,0.1996385,0.007832000000000033,0.021944533803325214,0.035102458092249995,0.013157924288924781,21.14,22.83,23.47,21.07,21.14,22.83,23.47,21.07,88.35,0.0,22.476,21.831,0.0,22.476,21.831,0.04468996,0.022745426196674787,2.0364962136141718,0.024043500000000023,0.8862653736991484
2022-12-15,0.18538,0.19840000000000002,0.013020000000000032,0.04100400000000001,0.0022739999999999982,0.022207999999999978,0.211239,-0.00018100000000004224,0.02329520278697791,0.03936256000000001,0.0160673572130221,22.83,21.52,23.67,21.25,22.83,21.52,23.67,21.25,92.26,0.0,22.098000000000003,22.13,0.0,22.098000000000003,22.13,0.05212088999999999,0.02882568721302208,2.2374087264497104,0.029899999999999954,0.8690319754708719
2022-12-16,0.1774305,0.2007385,0.023307999999999995,0.03953099999999998,0.0008730000000000127,0.01972950000000001,0.2145485,-0.009497999999999979,0.024863182535648513,0.040295945382249995,0.015432762846601483,22.62,23.26,23.83,22.09,22.62,23.26,23.83,22.09,89.15,0.0,22.407999999999998,22.486,0.0,22.407999999999998,22.486,0.05116644000000001,0.026303257464351495,2.0579199757166333,0.025461500000000026,0.8874381078691422
2022-12-19,0.17939650000000001,0.20459549999999999,0.02519899999999997,0.036606,0.0015165000000000317,0.020092500000000013,0.21625,-0.01354449999999996,0.02502711409092961,0.04185931862025,0.016832204529320386,22.42,22.63,22.86,21.61,22.42,22.63,22.86,21.61,87.54,0.0,22.582,22.653,0.0,22.582,22.653,0.05026564000000001,0.025238525909070397,2.008447311079203,0.019604500000000025,0.912557983942908
2022-12-20,0.17527500000000001,0.2002775,0.025002499999999983,0.036130999999999996,0.0009330000000000171,0.01762649999999999,0.2122945,-0.012985499999999983,0.025187477902094305,0.040111077006249996,0.01492359910415569,21.48,23.17,23.39,21.35,21.48,23.17,23.39,21.35,83.0,0.0,22.084000000000003,22.584,0.0,22.084000000000003,22.584,0.04613904,0.020951562097905694,1.8318245351656903,0.014522499999999994,0.9323905959031658
2022-12-21,0.156016,0.189355,0.03333900000000001,0.03470999999999999,0.0012190000000000256,0.015194000000000013,0.203498,-0.01919599999999999,0.022983198665808224,0.035855316025,0.012872117359191776,20.07,21.25,21.29,19.94,20.07,21.25,21.29,19.94,77.64,0.0,21.104000000000003,22.323,0.0,21.104000000000003,22.323,0.040280489999999995,0.01729729133419177,1.752605918162501,0.011344999999999994,0.9434728450423518
2022-12-22,0.17245749999999999,0.204859,0.03240150000000003,0.03905800000000001,0.0012240000000000029,0.018456,0.215505,-0.02175550000000004,0.028519015627443245,0.04196720988100001,0.013448194253556763,21.97,20.08,24.3,20.01,21.97,20.08,24.3,20.01,81.94,0.0,21.112000000000002,22.291,0.0,21.112000000000002,22.291,0.04826808999999999,0.019749074372556748,1.692487939645176,0.014840999999999965,0.9324487938097407
2022-12-23,0.1576495,0.1971155,0.039466,0.038691,0.0007059999999999844,0.016622500000000012,0.209866,-0.026715500000000003,0.028734266074085562,0.03885452034025,0.010120254266164436,20.87,22.17,22.64,20.78,20.87,22.17,22.64,20.78,78.84,0.0,21.15,22.095,0.0,21.15,22.095,0.04355569,0.014821423925914439,1.515810074553509,0.011584499999999998,0.9444920939147101
2022-12-27,0.182834,0.20643699999999998,0.023602999999999985,0.03625800000000001,0.0005470000000000197,0.016167000000000015,0.216838,-0.013201999999999964,0.028178073494007173,0.042616234968999994,0.01443816147499282,21.65,21.67,22.8,21.59,21.65,21.67,22.8,21.59,78.65,0.0,21.402,21.759999999999998,0.0,21.402,21.759999999999998,0.04687225,0.018694176505992824,1.6634299009110274,0.010063000000000016,0.9535196304849883
2022-12-28,0.196684,0.2121965,0.015512500000000012,0.035188,-0.00044950000000001933,0.015626499999999988,0.220328,-0.007381000000000026,0.027589460396426967,0.045027354612250006,0.01743789421582304,22.14,21.47,22.26,20.96,22.14,21.47,22.26,20.96,79.9,0.0,21.69,21.719,0.0,21.69,21.719,0.049017960000000006,0.02142849960357304,1.7766915081219994,0.009203500000000003,0.9584304426377597
2022-12-29,0.18799949999999999,0.20354,0.015540500000000013,0.037029000000000006,7.449999999997736e-05,0.015534999999999993,0.2138745,-0.005206000000000016,0.027442621616765528,0.0414285316,0.01398590998323447,21.44,22.25,22.31,21.36,21.44,22.25,22.31,21.36,77.28,0.0,21.762,21.749,0.0,21.762,21.749,0.045967360000000006,0.018524738383234478,1.6750353024551108,0.010860000000000009,0.9493470149253731
2022-12-30,0.19160100000000002,0.20371250000000002,0.012111499999999997,0.038688,-4.750000000000587e-05,0.014751499999999973,0.21443099999999998,-0.001393000000000033,0.027861820882919826,0.04149878265625001,0.013636961773330184,21.67,21.83,22.4,21.59,21.67,21.83,22.4,21.59,77.05,0.0,21.672000000000004,21.633000000000003,0.0,21.672000000000004,21.633000000000003,0.04695889,0.019097069117080177,1.6854207123550666,0.012987499999999985,0.9400669127826489
