date,actual_rv,predicted_rv,prev_rv,atm_iv_30d
2010-01-04,0.0099666220975193,0.008792419850905502,0.0106511128996478,0.1773615
2010-01-05,0.009795830126858,0.008088807940122785,0.0099666220975193,0.172328
2010-01-06,0.0094231182418166,0.007769884010182918,0.009795830126858,0.168769
2010-01-07,0.0092018061258427,0.008730621797028791,0.0094231182418166,0.1659709999999999
2010-02-05,0.0146178706279564,0.010734637370724276,0.0141001048525207,0.2305295
2010-02-08,0.0158479495749468,0.014838140237627914,0.0146178706279564,0.235823
2010-02-09,0.0166839746239873,0.013942988655127907,0.0158479495749468,0.227824
2010-02-10,0.0176382248115607,0.01441302116209411,0.0166839746239873,0.2262275
2010-02-11,0.0187579750377,0.01471247250072506,0.0176382248115607,0.214058
2010-03-05,0.0183304777740296,0.017894847356248064,0.0185476838342241,0.153379
2010-03-08,0.0182185973163938,0.017194665143413966,0.0183304777740296,0.157138
2010-03-09,0.0176305890460002,0.01617569245112058,0.0182185973163938,0.159742
2010-03-10,0.016983710525006,0.016235447240390746,0.0176305890460002,0.1624325
2010-03-11,0.0159496682537711,0.014509828295576503,0.016983710525006,0.1608585
2010-03-12,0.0146877295848535,0.013914286439698623,0.0159496682537711,0.1577954999999999
2010-03-15,0.0147429542549547,0.014640056418705565,0.0146877295848535,0.1596325
2010-03-16,0.0145952961121629,0.013386130339475232,0.0147429542549547,0.1526445
2010-03-17,0.0145266773840221,0.014054804717600813,0.0145952961121629,0.1463134999999999
2010-03-18,0.0149123651136453,0.013833347633018123,0.0145266773840221,0.143826
2010-03-19,0.0116785136590487,0.013635912944192717,0.0149123651136453,0.1461835
2010-03-22,0.0112510501563986,0.014273634818405025,0.0116785136590487,0.139927
2010-03-23,0.0101024662862179,0.01103485481284875,0.0112510501563986,0.1352364999999999
2010-03-24,0.0102574309395986,0.01084061983677126,0.0101024662862179,0.1454635
2010-03-25,0.009729718460575,0.009295875429045888,0.0102574309395986,0.1561905
2010-04-01,0.0084736589881579,0.005962697173156624,0.0088821222355076,0.156205
2010-04-05,0.0085339647683734,0.007160673176654749,0.0084736589881579,0.150206
2010-04-06,0.008572337684232,0.006444065097333113,0.0085339647683734,0.1454705
2010-04-07,0.0089988694976516,0.006704375801804215,0.008572337684232,0.148255
2010-04-08,0.0072088596547901,0.006451730510936955,0.0089988694976516,0.144807
2010-05-07,0.0626906171128609,0.06579671051228231,0.0620858282863916,0.3225415
2010-05-10,0.0643483716799197,0.06339418418530987,0.0626906171128609,0.23793
2010-05-11,0.0642354636644596,0.06295498672350158,0.0643483716799197,0.2376845
2010-05-12,0.0644756963342621,0.06317050724117405,0.0642354636644596,0.2152395
2010-05-13,0.0661729756957909,0.06290974738529265,0.0644756963342621,0.2244809999999999
2010-06-04,0.0829950583216522,0.08396810240410157,0.082260865394494,0.30762
2010-06-07,0.0842548667063446,0.0845378780646957,0.0829950583216522,0.312593
2010-06-08,0.0863737740997851,0.08405003272714892,0.0842548667063446,0.2853725
2010-06-09,0.0861979683775733,0.08540367527943249,0.0863737740997851,0.2914015
2010-06-10,0.0865767051701079,0.08656710623479619,0.0861979683775733,0.2598165
2010-06-11,0.0876412871560489,0.08402141837447939,0.0865767051701079,0.246167
2010-06-14,0.0874242380840487,0.08605109638751551,0.0876412871560489,0.250716
2010-06-15,0.0869299004535898,0.08600191431734472,0.0874242380840487,0.2227135
2010-06-16,0.0867037415543918,0.08527717899860715,0.0869299004535898,0.2261915
2010-06-17,0.0438208948742038,0.08445093653172515,0.0867037415543918,0.214971
2010-06-18,0.0402482602354945,0.08433171427224385,0.0438208948742038,0.198845
2010-06-21,0.0400446990370711,0.044483372820332545,0.0402482602354945,0.2152095
2010-06-22,0.0390204648889272,0.040508271032305476,0.0400446990370711,0.2350345
2010-06-23,0.0391842507683772,0.0398333245618677,0.0390204648889272,0.23347
2010-06-24,0.0396032686673704,0.04010829684428959,0.0391842507683772,0.2651895
2010-06-25,0.0381087893190691,0.0394788470085492,0.0396032686673704,0.24367
2010-06-28,0.0364692196399462,0.039514286454561114,0.0381087893190691,0.2492809999999999
2010-06-29,0.0354109698706459,0.040023537928168554,0.0364692196399462,0.302433
2010-06-30,0.0360670706140595,0.03790765432399327,0.0354109698706459,0.3027915
2010-07-01,0.0371291150233775,0.03462197388241951,0.0360670706140595,0.2917955
2010-07-02,0.0364478587913362,0.03312131539227496,0.0371291150233775,0.270764
2010-07-06,0.035914868531512,0.037961094123327016,0.0364478587913362,0.268557
2010-07-07,0.0296795080635021,0.03672342394149916,0.035914868531512,0.240119
2010-07-08,0.0271948897506379,0.03447005562649191,0.0296795080635021,0.2307695
2010-07-15,0.0279705189663155,0.0242656095932715,0.0282960797778263,0.2263485
2010-07-22,0.0259117072891404,0.026378373535417707,0.0255912091810835,0.218241
2010-07-29,0.0265612689248753,0.026366777412277664,0.0260187050855068,0.2059485
2010-08-05,0.0253787137462754,0.023428165161228837,0.0242038809436619,0.1960935
2010-08-06,0.0246449935308835,0.021765785470164483,0.0253787137462754,0.1946264999999999
2010-08-09,0.0251080012532554,0.02410494256262516,0.0246449935308835,0.1922694999999999
2010-08-10,0.0236179107894816,0.023737466689227535,0.0251080012532554,0.1962395
2010-08-11,0.0227326988335681,0.026314661795028664,0.0236179107894816,0.2242915
2010-08-12,0.0201358235036994,0.023589717818539798,0.0227326988335681,0.230194
2010-08-19,0.0197059340037327,0.021222350620462297,0.0192197685087654,0.232535
2010-08-26,0.0217149156370469,0.02315535194269322,0.0201689777937949,0.2445155
2010-09-02,0.018540551763592,0.018022566919269668,0.0190255768627985,0.2082185
2010-09-03,0.0184460496228869,0.015513895891818709,0.018540551763592,0.187342
2010-09-07,0.0183983289684327,0.016714856750469766,0.0184460496228869,0.2120515
2010-09-08,0.0184722845074355,0.015464116379118993,0.0183983289684327,0.2077025
2010-09-09,0.0168639997192105,0.014771784983878534,0.0184722845074355,0.2015275
2010-09-10,0.0157401460238958,0.013511614903947793,0.0168639997192105,0.1947559999999999
2010-09-13,0.0160149896704932,0.015708165499124228,0.0157401460238958,0.1876445
2010-09-14,0.0162004702488975,0.014637899133359368,0.0160149896704932,0.1900995
2010-09-15,0.0162419055592815,0.015246151359029687,0.0162004702488975,0.1935985
2010-09-16,0.0161927631216361,0.015665352586052554,0.0162419055592815,0.190462
2010-09-17,0.0149796146234929,0.015865070080655432,0.0161927631216361,0.186191
2010-09-20,0.0153092258281858,0.017278428158101832,0.0149796146234929,0.1778509999999999
2010-09-21,0.0148717120950446,0.016947990515254516,0.0153092258281858,0.189483
2010-09-22,0.0152452682470355,0.01581127363296764,0.0148717120950446,0.1899065
2010-09-23,0.0149154082465756,0.015121398136752517,0.0152452682470355,0.2032195
2010-09-30,0.0148042344135885,0.011781527895549287,0.0152325777620933,0.210928
2010-10-01,0.0148014106455904,0.011396320302678072,0.0148042344135885,0.204093
2010-10-04,0.0142189829046943,0.01258916912682612,0.0148014106455904,0.2144835
2010-10-05,0.0137646379819909,0.01193269876277285,0.0142189829046943,0.196643
2010-10-06,0.0128664611813364,0.011406246790123052,0.0137646379819909,0.1955565
2010-10-07,0.012477772600235,0.011501785046909026,0.0128664611813364,0.1968655
2010-10-14,0.0121183753521677,0.008802262893012863,0.0114501209569161,0.1879845
2010-10-21,0.0136555271210457,0.011094576244202122,0.0136828751835621,0.1726875
2010-10-28,0.0146122085381272,0.017360719810243362,0.0147820699636624,0.1849445
2010-11-04,0.014937341537214,0.014447988312463116,0.0148937941024746,0.1663595
2010-11-05,0.0150599384418556,0.012359545979402,0.014937341537214,0.1647165
2010-11-08,0.0145313241340448,0.013197239941261454,0.0150599384418556,0.1630945
2010-11-09,0.0150259777307059,0.013880280477964243,0.0145313241340448,0.1699594999999999
2010-11-10,0.014035921881637,0.011989658682107537,0.0150259777307059,0.161998
2010-11-11,0.0142231186307862,0.012684099262091152,0.014035921881637,0.1626065
2010-11-18,0.0143219895411535,0.009760406967238993,0.0142275148227929,0.164831
2010-11-24,0.0138326958686105,0.013586852035365943,0.0142425905004931,0.16636
2010-12-02,0.0130064643808739,0.014428013059818386,0.0138459816050196,0.167634
2010-12-03,0.0130244027224024,0.013088997939379649,0.0130064643808739,0.1534435
2010-12-06,0.0128141627730828,0.012562117491907512,0.0130244027224024,0.1557485
2010-12-07,0.0127396648036768,0.012974016689675433,0.0128141627730828,0.1580349999999999
2010-12-08,0.0121045523569656,0.012106786651345285,0.0127396648036768,0.1536905
2010-12-09,0.0116890563924028,0.011599351371443856,0.0121045523569656,0.1491585
2010-12-10,0.0117234870741684,0.010861744481006512,0.0116890563924028,0.15042
2010-12-13,0.0109101499269312,0.01147178987417815,0.0117234870741684,0.1581985
2010-12-14,0.0109829148668188,0.011028958944189069,0.0109101499269312,0.1582339999999999
2010-12-15,0.0103274105070098,0.010147563764260608,0.0109829148668188,0.1610075
2010-12-16,0.0104078570699545,0.009562906446479901,0.0103274105070098,0.153231
2010-12-17,0.0105421028718329,0.0074378655831379425,0.0104078570699545,0.141873
2010-12-20,0.010390985190021,0.008192434197641416,0.0105421028718329,0.1384635
2010-12-21,0.0097859456690332,0.008166430752957123,0.010390985190021,0.1393595
2010-12-22,0.0091186427887195,0.0066987239560098374,0.0097859456690332,0.132583
2010-12-23,0.0087684695617544,0.005995805709966703,0.0091186427887195,0.1408025
2010-12-30,0.0071433443409038,0.00610095099772387,0.0072715293975202,0.146109
2010-12-31,0.0072064274483966,0.004787869204930031,0.0071433443409038,0.1528925
2011-01-06,0.0068915427316327,0.005929955763415935,0.0061971376984892,0.1543645
2011-01-07,0.0071352080899752,0.004600110608913466,0.0068915427316327,0.1524655
2011-01-10,0.005944484180216,0.005999453872577609,0.0071352080899752,0.154278
2011-01-11,0.0054721930850078,0.005560710927506051,0.005944484180216,0.148946
2011-01-12,0.0053870102293536,0.004977588379420264,0.0054721930850078,0.143307
2011-01-13,0.0054576634210998,0.004292707676045844,0.0053870102293536,0.145781
2011-01-14,0.005381496360074,0.003224757789341774,0.0054576634210998,0.133984
2011-01-27,0.0060659758767467,0.0059626574481565706,0.0056917025582177,0.1317904999999999
2011-01-28,0.0058952987159733,0.009394664975573206,0.0060659758767467,0.1670734999999999
2011-02-03,0.0064810601655031,0.005510257780908419,0.0062493020011061,0.1426655
2011-02-04,0.0066221605573119,0.005107577380475011,0.0064810601655031,0.136703
2011-02-07,0.0066227421706454,0.0063995946214855624,0.0066221605573119,0.137451
2011-02-08,0.0068377475591102,0.00585592697278196,0.0066227421706454,0.1322745
2011-02-09,0.0071152194289408,0.005923115343253491,0.0068377475591102,0.135653
2011-02-10,0.0073187495616216,0.005778093842343235,0.0071152194289408,0.134879
2011-02-11,0.0073082585034185,0.006007571457322378,0.0073187495616216,0.1295255
2011-02-17,0.0064701067882986,0.006296496354133676,0.0065459649102659,0.134449
2011-02-24,0.007239948872395,0.009712046437294963,0.0072450774329312,0.1787925
2011-02-25,0.0072510322468855,0.008078266432882668,0.007239948872395,0.159968
2011-03-03,0.0079968924902416,0.007958959983641996,0.0077157523315437,0.157754
2011-03-04,0.0086658282606359,0.008043992775003953,0.0079968924902416,0.163929
2011-03-07,0.0091665387945603,0.010517831353646229,0.0086658282606359,0.1792145
2011-03-08,0.0091383263608656,0.01003788594611894,0.0091665387945603,0.1699915
2011-03-09,0.0091139184320935,0.010667551994392194,0.0091383263608656,0.172762
2011-03-10,0.0093903110376743,0.013227146385106841,0.0091139184320935,0.1939374999999999
2011-03-11,0.0095805846822855,0.010587611344637135,0.0093903110376743,0.1817949999999999
2011-03-14,0.0124636688636035,0.011747746819965817,0.0095805846822855,0.1862774999999999
2011-03-15,0.0137827741176755,0.01297431684410625,0.0124636688636035,0.2071725
2011-03-16,0.014191621791669,0.01763361963404774,0.0137827741176755,0.2519915
2011-03-17,0.0142732977457513,0.019118303716311177,0.014191621791669,0.2249415
2011-03-18,0.0142370610508039,0.01791882142414923,0.0142732977457513,0.2077285
2011-03-21,0.0140947772955022,0.016839998779459346,0.0142370610508039,0.1767185
2011-03-22,0.014651413302116,0.016248204663532446,0.0140947772955022,0.175729
2011-03-23,0.0146536256648674,0.015594051614494939,0.014651413302116,0.1667215
2011-03-24,0.0145412361481884,0.01563513761858536,0.0146536256648674,0.1569445
2011-03-25,0.0144824518948713,0.015545205264653344,0.0145412361481884,0.153601
2011-03-31,0.0148197137607708,0.013713540398608202,0.0147807311493395,0.1558295
2011-04-01,0.0148875002526967,0.012405083286836722,0.0148197137607708,0.153122
2011-04-04,0.0146759289776338,0.013754762377456396,0.0148875002526967,0.153833
2011-04-05,0.0140989426331341,0.013080149452357394,0.0146759289776338,0.148967
2011-04-06,0.0136257512322044,0.012124554437895077,0.0140989426331341,0.145956
2011-04-07,0.014083777091425,0.011848731741591245,0.0136257512322044,0.148681
2011-04-08,0.0143096555646838,0.012592407814540553,0.014083777091425,0.153561
2011-04-14,0.0140289512419872,0.013192925467916894,0.0146412177962266,0.1427749999999999
2011-04-21,0.0129596865014181,0.010747937738449558,0.0132428134924721,0.1196405
2011-04-28,0.007905191816795,0.007995610806437313,0.0083155562999669,0.121008
2011-04-29,0.0076011097209836,0.007212691306806022,0.007905191816795,0.1240335
2011-05-05,0.0088151680451142,0.010204335671524206,0.0080470180838742,0.161297
2011-05-06,0.0087838057321068,0.008970079969470444,0.0088151680451142,0.158359
2011-05-09,0.0087007758790814,0.008565013191121587,0.0087838057321068,0.149891
2011-05-10,0.0088989406020808,0.007649047784687352,0.0087007758790814,0.138924
2011-05-11,0.0094391673891361,0.009146289589804246,0.0088989406020808,0.1472615
2011-05-12,0.0098079992898188,0.008284300718800111,0.0094391673891361,0.1405235
2011-05-13,0.0102163445726738,0.010100222682349946,0.0098079992898188,0.1479115
2011-05-19,0.0103781547656358,0.010533441200466512,0.0106106107644404,0.1321315
2011-05-26,0.0100330775119692,0.009683972139181034,0.0104643294048148,0.1394935
2011-05-27,0.0098793641859768,0.009889742337601592,0.0100330775119692,0.137409
2011-06-02,0.0093801390436912,0.011663279104677692,0.009359942550523,0.160129
2011-06-03,0.0094832710066361,0.011168040996891383,0.0093801390436912,0.159074
2011-06-06,0.0099427068983614,0.011658693040858537,0.0094832710066361,0.1673555
2011-06-07,0.0099764702190044,0.011320656950519158,0.0099427068983614,0.165008
2011-06-08,0.0100974899724166,0.011745550833021676,0.0099764702190044,0.1672159999999999
2011-06-09,0.010329358396446,0.011179190148054581,0.0100974899724166,0.1590825
2011-06-10,0.0106156106599061,0.012209290836672586,0.010329358396446,0.169287
2011-06-13,0.0107874034801549,0.012486972357846762,0.0106156106599061,0.1724345
2011-06-14,0.0109101559267693,0.012270046008123332,0.0107874034801549,0.160447
2011-06-15,0.0111871977083286,0.013622516378019336,0.0109101559267693,0.18418
2011-06-16,0.0110459602915553,0.015281648295244536,0.0111871977083286,0.1931649999999999
2011-06-17,0.0103354013241581,0.014676872851520303,0.0110459602915553,0.1892885
2011-06-20,0.0103477921843607,0.01449514394724024,0.0103354013241581,0.1773235
2011-06-21,0.0104274037772724,0.013878803867769279,0.0103477921843607,0.1661705
2011-06-22,0.012477289529821,0.012784190649229598,0.0104274037772724,0.163574
2011-06-23,0.0119438844127709,0.01345154087737939,0.012477289529821,0.170876
2011-06-24,0.0119880457575581,0.01636214368528016,0.0119438844127709,0.189143
2011-06-30,0.0110663871346774,0.009775621501654671,0.0109553420295139,0.143367
2011-07-01,0.0110347355614716,0.010261272698043732,0.0110663871346774,0.1396605
2011-07-05,0.010884160524957,0.010718776782195676,0.0110347355614716,0.143555
2011-07-06,0.0108763351001506,0.010473134798710135,0.010884160524957,0.146104
2011-07-07,0.011318824962785,0.010638261803108173,0.0108763351001506,0.1409825
2011-07-08,0.0112690107068913,0.01034236470911623,0.011318824962785,0.143568
2011-07-14,0.0132575920825619,0.016400034406730303,0.0135405760658023,0.181985
2011-07-21,0.0135874115613434,0.015166824936888278,0.0137348697083501,0.1555245
2011-07-22,0.0136982357186,0.01425254139560991,0.0135874115613434,0.1531465
2011-07-28,0.0140402169682842,0.020751778145177265,0.0136456966013731,0.2124065
2011-07-29,0.0161517857158776,0.023484011741967098,0.0140402169682842,0.228775
2011-08-04,0.0238249271234081,0.03258099253180627,0.0184029823541023,0.2733425
2011-08-05,0.0237472868293312,0.029655433637327987,0.0238249271234081,0.2766695
2011-08-08,0.0322231268339195,0.045726673110203446,0.0237472868293312,0.3863675
2011-08-09,0.0331814721334699,0.03387277189470797,0.0322231268339195,0.296208
2011-08-10,0.0385491215274089,0.05260843781297862,0.0331814721334699,0.3703655
2011-08-11,0.0395556954881946,0.04689047589449669,0.0385491215274089,0.3301095
2011-08-12,0.0391738848010199,0.045119417587917696,0.0395556954881946,0.3158855
2011-08-18,0.0477500345856754,0.05421045675318492,0.0456460660355079,0.3609325
2011-08-25,0.05877473382151,0.06042667002207193,0.0523553593812256,0.346526
2011-08-26,0.0578698273275016,0.056375548703627765,0.05877473382151,0.310293
2011-09-01,0.0623968041864728,0.059722237873913356,0.0619804497772015,0.2838455
2011-09-02,0.0673543609617231,0.058679617931324715,0.0623968041864728,0.2988855
2011-09-06,0.0672329950301388,0.06295308719834425,0.0673543609617231,0.327728
2011-09-07,0.0679566733549121,0.06422604538583063,0.0672329950301388,0.294307
2011-09-08,0.0683898838643939,0.06503735083491775,0.0679566733549121,0.304913
2011-09-09,0.0702601974415972,0.06859483078024806,0.0683898838643939,0.3543835
2011-09-12,0.0684331201385735,0.06930877814067511,0.0702601974415972,0.3418105
2011-09-13,0.0724657955329174,0.06927437728548634,0.0684331201385735,0.3262315
2011-09-14,0.0696872035955922,0.06687200662600792,0.0724657955329174,0.30886
2011-09-15,0.0700690880274482,0.07005501474184586,0.0696872035955922,0.2866005
2011-09-16,0.0645612127243503,0.06803142631714848,0.0700690880274482,0.273447
2011-09-19,0.0661471089313718,0.0698608907827705,0.0645612127243503,0.289543
2011-09-20,0.0579507557418048,0.06520638859984546,0.0661471089313718,0.2892175
2011-09-21,0.0620560086610306,0.06626146796894852,0.0579507557418048,0.3191279999999999
2011-09-22,0.0577655452217227,0.06307609783775923,0.0620560086610306,0.3677955
2011-09-23,0.0580815151175939,0.0660421984588813,0.0577655452217227,0.369148
2011-09-29,0.060842664407407,0.06396754710350933,0.0644209958407813,0.3511385
2011-09-30,0.0599724592345784,0.06565895787835464,0.060842664407407,0.3866505
2011-10-06,0.0652935160740554,0.06439661427156115,0.0673386362639906,0.3252405
2011-10-07,0.0587546712760704,0.06316111428608878,0.0652935160740554,0.3292055
2011-10-10,0.0591737615880392,0.06056856736432992,0.0587546712760704,0.298126
2011-10-11,0.0591521288402676,0.05389608673734414,0.0591737615880392,0.291169
2011-10-12,0.0590432945666925,0.0541515672512564,0.0591521288402676,0.2687079999999999
2011-10-13,0.0575701196964198,0.05218518727621274,0.0590432945666925,0.268314
2011-10-14,0.0572299453558112,0.05178947422489088,0.0575701196964198,0.2444374999999999
2011-10-20,0.0555101072743546,0.058233177396114645,0.0567640372453516,0.294533
2011-10-27,0.0514502159734303,0.04882274355193293,0.0516827412857485,0.222675
2011-10-28,0.0490257766261714,0.04894334216024869,0.0514502159734303,0.211425
2011-11-03,0.0439437521593639,0.04657447824247844,0.0434402390919792,0.2558645
2011-11-04,0.0439219387632691,0.04209742407781606,0.0439437521593639,0.261683
2011-11-07,0.0407347019774049,0.042188183408822216,0.0439219387632691,0.2543535
2011-11-08,0.0393726155306612,0.0395247348009161,0.0407347019774049,0.236299
2011-11-09,0.0362427110329029,0.043926358423006996,0.0393726155306612,0.3056435
2011-11-10,0.0366731046122098,0.03898398105507138,0.0362427110329029,0.2791945
2011-11-11,0.0350278554210203,0.033093368330551126,0.0366731046122098,0.2547975
2011-11-17,0.0250999157563876,0.027724928493931322,0.0257678518122958,0.3072955
2011-11-23,0.0250635483287916,0.02975449614210922,0.0253566082160541,0.310613
2011-11-25,0.0261683581170794,0.029171544067063952,0.0250635483287916,0.3137095
2011-12-01,0.0221633768017072,0.024893984864442283,0.0225010142321632,0.244491
2011-12-02,0.0232075564435237,0.02490446835605942,0.0221633768017072,0.2435415
2011-12-05,0.0234550105412671,0.02526896843842307,0.0232075564435237,0.2458755
2011-12-06,0.0245560306230186,0.02561034109071491,0.0234550105412671,0.2481095
2011-12-07,0.0236739925664761,0.027642738582926332,0.0245560306230186,0.256422
2011-12-08,0.0220443461058246,0.02930854878641419,0.0236739925664761,0.2761749999999999
2011-12-09,0.023120127903595,0.024447098629640236,0.0220443461058246,0.2365265
2011-12-12,0.0254260509150447,0.02345229480806141,0.023120127903595,0.2439705
2011-12-13,0.0250741490194136,0.02409725749987767,0.0254260509150447,0.241296
2011-12-14,0.0252477355400454,0.025780692041461432,0.0250741490194136,0.243208
2011-12-15,0.0254566230646912,0.02558327815816249,0.0252477355400454,0.230985
2011-12-16,0.0245897089653634,0.02483174048873463,0.0254566230646912,0.224109
2011-12-19,0.0235083613758709,0.02508419298179787,0.0245897089653634,0.230465
2011-12-20,0.0236384428069505,0.02461330309745556,0.0235083613758709,0.2073715
2011-12-21,0.023060507297367,0.023606482065754046,0.0236384428069505,0.195653
2011-12-22,0.0223482905861562,0.022964462803394148,0.023060507297367,0.191789
2011-12-23,0.022037492563211,0.01965672595129818,0.0223482905861562,0.183611
2011-12-29,0.0204553704627427,0.019778631312186754,0.0207747746360972,0.197438
2011-12-30,0.0202903507411465,0.01703174006398789,0.0204553704627427,0.2037335
2012-01-05,0.0190160155551317,0.01773083382607201,0.019452618144859,0.194551
2012-01-06,0.0191474246544709,0.016697570869732222,0.0190160155551317,0.18931
2012-01-09,0.0185215259192285,0.016169710286916043,0.0191474246544709,0.189201
2012-01-10,0.017661635699973,0.016573754239699694,0.0185215259192285,0.1846964999999999
2012-01-11,0.0174540197275383,0.015284829900897186,0.017661635699973,0.1863155
2012-01-12,0.0184221869288314,0.013716346102776118,0.0174540197275383,0.1829275
2012-01-13,0.0186810991305957,0.013432438818422137,0.0184221869288314,0.188227
2012-01-19,0.0162887247483407,0.016101127206324183,0.0166006515795428,0.1657435
2012-01-26,0.0127881010648118,0.014569803000923861,0.0149385835304628,0.158303
2012-01-27,0.0135343003415095,0.013688707513596882,0.0127881010648118,0.1568695
2012-02-02,0.0119417272445619,0.011556688166921458,0.0122139133329949,0.1607595
2012-02-03,0.0112121975870816,0.010886800772856687,0.0119417272445619,0.1512325
2012-02-06,0.0116241286654392,0.011051744074643419,0.0112121975870816,0.155944
2012-02-07,0.0118269538768108,0.010119082954781845,0.0116241286654392,0.154408
2012-02-08,0.0119206196518098,0.010147797969219278,0.0118269538768108,0.157032
2012-02-09,0.0121327684259117,0.009865859474497425,0.0119206196518098,0.158189
2012-02-10,0.0121697178176506,0.011333411963599702,0.0121327684259117,0.1735835
2012-02-16,0.0107721563422582,0.01075558832348197,0.0117506140243777,0.1582995
2012-02-23,0.0105214821838829,0.009791556362961317,0.0106915370863814,0.141684
2012-02-24,0.0108855152096139,0.009243765157844731,0.0105214821838829,0.141362
2012-03-01,0.0096869869340824,0.009101663394254288,0.0096028259825041,0.141637
2012-03-02,0.0097717025948939,0.008347179685035695,0.0096869869340824,0.1412945
2012-03-05,0.0097628974709289,0.00884034335991334,0.0097717025948939,0.145913
2012-03-06,0.0094640799207182,0.010257535170992146,0.0097628974709289,0.168916
2012-03-07,0.0089141824669433,0.009586404368524173,0.0094640799207182,0.158229
2012-03-08,0.0082555549383047,0.00938490690534017,0.0089141824669433,0.1472175
2012-03-09,0.0081769461126967,0.007600884472364837,0.0082555549383047,0.1446299999999999
2012-03-12,0.0072319454381693,0.008084492844775457,0.0081769461126967,0.140712
2012-03-13,0.0068854068085941,0.008579208302885909,0.0072319454381693,0.1360625
2012-03-14,0.0063889181460037,0.007562312239236566,0.0068854068085941,0.1432195
2012-03-15,0.0062885831224032,0.006366048812975401,0.0063889181460037,0.135217
2012-03-16,0.0064798505922006,0.005673817724293113,0.0062885831224032,0.127672
2012-03-19,0.0066621959600329,0.006321037479395199,0.0064798505922006,0.129489
2012-03-20,0.0062680327913305,0.006835331080269978,0.0066621959600329,0.131495
2012-03-21,0.0063079472313355,0.007194716232796123,0.0062680327913305,0.1291545
2012-03-22,0.0063996470643953,0.007340013484067126,0.0063079472313355,0.1360795
2012-03-23,0.006063483514601,0.006879353089841396,0.0063996470643953,0.128329
2012-03-29,0.0064142686986757,0.006637020829421719,0.0064618307582732,0.129108
2012-03-30,0.0067882819652553,0.005913612921077067,0.0064142686986757,0.1309685
2012-04-05,0.0075543727950988,0.006509299998220565,0.0072988532079582,0.148258
2012-04-09,0.007057386997736,0.007624410785749491,0.0075543727950988,0.162636
2012-04-10,0.0074134356753757,0.008828477723431125,0.007057386997736,0.1833989999999999
2012-04-11,0.0070690364051544,0.0072924224063971865,0.0074134356753757,0.1778555
2012-04-12,0.0070062427515389,0.006923866721437976,0.0070690364051544,0.1562595
2012-04-13,0.0073994066118314,0.007518570198437224,0.0070062427515389,0.174955
2012-04-19,0.0078898029829515,0.008327628315623503,0.0076867450105118,0.162542
2012-04-26,0.0087465219076318,0.008497412460667594,0.0086416297447041,0.1400285
2012-04-27,0.0088655977592606,0.00821213541875948,0.0087465219076318,0.139366
2012-05-03,0.0094316854530635,0.009959996792011677,0.0095604052834521,0.155837
2012-05-04,0.0093339353046737,0.010205562025733417,0.0094316854530635,0.1674985
2012-05-07,0.0108877244120044,0.010322029937589544,0.0093339353046737,0.1680694999999999
2012-05-08,0.0118841601635995,0.01054893843098548,0.0108877244120044,0.168571
2012-05-09,0.0117046215646787,0.012564908639454038,0.0118841601635995,0.1791025
2012-05-10,0.0116187725698802,0.012788760932844003,0.0117046215646787,0.173763
2012-05-11,0.0116088252532199,0.01322291804962325,0.0116187725698802,0.179263
2012-05-17,0.0124667122075484,0.015342331977706604,0.011825440578035,0.2114005
2012-05-24,0.0152430312804008,0.01461823472024108,0.0150569808310241,0.195745
2012-05-25,0.0149209200000564,0.014074733955331379,0.0152430312804008,0.1967725
2012-05-31,0.0153951577624004,0.015657697798851157,0.016017146483923,0.212084
2012-06-01,0.015769069455496,0.01744999228776594,0.0153951577624004,0.241891
2012-06-04,0.0153637993603934,0.01609147001626003,0.015769069455496,0.2345125
2012-06-05,0.0152222799745786,0.016089158983750112,0.0153637993603934,0.2266325
2012-06-06,0.0160753862901541,0.014263387958261903,0.0152222799745786,0.2048905
2012-06-07,0.0164226311125424,0.01478685369530014,0.0160753862901541,0.1986175
2012-06-08,0.0176072204087076,0.015936779324670365,0.0164226311125424,0.192582
2012-06-11,0.0176991175054271,0.02044933034143623,0.0176072204087076,0.216329
2012-06-12,0.0173852954047499,0.02078865325232406,0.0176991175054271,0.207504
2012-06-13,0.0174320156919933,0.021123496967758653,0.0173852954047499,0.224191
2012-06-14,0.0172582522002773,0.020755091711444115,0.0174320156919933,0.2092725
2012-06-15,0.0176161889621724,0.020192959418856685,0.0172582522002773,0.1876789999999999
2012-06-18,0.0178595756701756,0.01801191616326565,0.0176161889621724,0.1687585
2012-06-19,0.0168868023529929,0.01833170026311053,0.0178595756701756,0.1618275
2012-06-20,0.016397916843655,0.01827078281059668,0.0168868023529929,0.1562265
2012-06-21,0.0161508955747136,0.018539027096824548,0.016397916843655,0.184308
2012-06-22,0.016092587729855,0.016236413159880884,0.0161508955747136,0.161671
2012-06-25,0.0163545690338562,0.01689630634775637,0.016092587729855,0.1834205
2012-06-26,0.0159744300997584,0.016291497703408826,0.0163545690338562,0.1790665
2012-06-27,0.0164740110101645,0.015607275620610688,0.0159744300997584,0.177634
2012-06-28,0.0163159972361732,0.01555226928326689,0.0164740110101645,0.178971
2012-06-29,0.0158124064389834,0.015052967902425093,0.0163159972361732,0.1518695
2012-07-02,0.0159086742548662,0.015251414721196396,0.0158124064389834,0.1477525
2012-07-03,0.0152310880615373,0.014740149385457021,0.0159086742548662,0.146317
2012-07-05,0.0136293534308059,0.015050441385289229,0.0152310880615373,0.1551745
2012-07-06,0.013349560792832,0.013514918298806945,0.0136293534308059,0.153694
2012-07-09,0.0140272691587775,0.013219406500936802,0.013349560792832,0.162692
2012-07-10,0.0142096705400585,0.01296065354749253,0.0140272691587775,0.169125
2012-07-11,0.0146587197011307,0.013691422951754153,0.0142096705400585,0.1627819999999999
2012-07-12,0.0136522573463346,0.014058985349770188,0.0146587197011307,0.1663695
2012-07-13,0.0137222592082686,0.012821937219360324,0.0136522573463346,0.150224
2012-07-16,0.0137668829912274,0.013236887945607744,0.0137222592082686,0.1567685
2012-07-17,0.0138654134968871,0.01322194873692173,0.0137668829912274,0.1483725
2012-07-18,0.0140346712583723,0.012774262753765316,0.0138654134968871,0.1428964999999999
2012-07-19,0.0131546301807014,0.012869094900069645,0.0140346712583723,0.1411365
2012-07-20,0.0140053377603495,0.013751751443878215,0.0131546301807014,0.1431549999999999
2012-07-23,0.0136248625236434,0.013966134068742222,0.0140053377603495,0.1619565
2012-07-24,0.0137437015035894,0.015269135821385778,0.0136248625236434,0.1783025
2012-07-25,0.0136175834477071,0.014906114532390251,0.0137437015035894,0.172877
2012-07-26,0.0135670662569447,0.014565911560190836,0.0136175834477071,0.1543479999999999
2012-07-27,0.0137768417114532,0.013783986094314554,0.0135670662569447,0.1480075
2012-07-30,0.0133684132823642,0.014460698135282161,0.0137768417114532,0.162157
2012-07-31,0.0131993606041268,0.01536673766931956,0.0133684132823642,0.1678855
2012-08-01,0.0135719546268018,0.015491601157813704,0.0131993606041268,0.168698
2012-08-02,0.0133791247146467,0.013363933132046618,0.0135719546268018,0.156729
2012-08-03,0.013421778669147,0.012247005092629926,0.0133791247146467,0.141986
2012-08-06,0.0131827405824706,0.01258023370913107,0.013421778669147,0.144689
2012-08-07,0.0129533762813317,0.012532829156673815,0.0131827405824706,0.1441845
2012-08-08,0.012896456260146,0.011800400387324793,0.0129533762813317,0.1381365
2012-08-09,0.0118233244633189,0.011270747632719038,0.012896456260146,0.1341545
2012-08-10,0.0120702524525428,0.010953988319176943,0.0118233244633189,0.1311815
2012-08-13,0.0119597854154376,0.01052925088144565,0.0120702524525428,0.1337654999999999
2012-08-14,0.011891534595927,0.010429555048367047,0.0119597854154376,0.1399415
2012-08-15,0.0118331817385697,0.009901663524894199,0.011891534595927,0.1390225
2012-08-16,0.0112765201885478,0.009958626572594047,0.0118331817385697,0.1328245
2012-08-17,0.0112042029326955,0.009600069129413004,0.0112765201885478,0.1238845
2012-08-20,0.0108591073607076,0.009634160766063122,0.0112042029326955,0.1248509999999999
2012-08-21,0.010698051911842,0.010133049064654634,0.0108591073607076,0.1307685
2012-08-22,0.0100822212072895,0.009542750647613597,0.010698051911842,0.133408
2012-08-23,0.010319194577478,0.009299546560318245,0.0100822212072895,0.1417515
2012-08-24,0.0102509806201152,0.009010215986687387,0.010319194577478,0.134367
2012-08-27,0.0095599910245251,0.009916707839719003,0.0102509806201152,0.1427765
2012-08-28,0.0092553829426537,0.010053731308189675,0.0095599910245251,0.144464
2012-08-29,0.0092243052681772,0.009125815137848558,0.0092553829426537,0.148662
2012-08-30,0.0095892315919614,0.009381136300283865,0.0092243052681772,0.1571175
2012-08-31,0.0085115315455747,0.00856032299335334,0.0095892315919614,0.153167
2012-09-04,0.0076653112166156,0.010074947057425444,0.0085115315455747,0.1602765
2012-09-05,0.0072988012581296,0.009708996658047968,0.0076653112166156,0.1602645
2012-09-06,0.0069619493174421,0.007608326482533755,0.0072988012581296,0.1391265
2012-09-07,0.0065846391351511,0.0066942655385790785,0.0069619493174421,0.1264505
2012-09-10,0.0064910664156021,0.007284802206383702,0.0065846391351511,0.142128
2012-09-11,0.0064893204045875,0.0071328928097009955,0.0064910664156021,0.1420085
2012-09-12,0.0067208026634168,0.007063012131905664,0.0064893204045875,0.139449
2012-09-13,0.0062529079188717,0.006657323126128087,0.0067208026634168,0.126657
2012-09-14,0.0059715034087061,0.006466544093565934,0.0062529079188717,0.1306505
2012-09-17,0.0058377382302926,0.0059665716325371446,0.0059715034087061,0.128526
2012-09-18,0.0056354317902732,0.00524933839378906,0.0058377382302926,0.122208
2012-09-19,0.0059303040337957,0.005232686728753735,0.0056354317902732,0.1183319999999999
2012-09-20,0.0060062343446534,0.004826845291754558,0.0059303040337957,0.119283
2012-09-21,0.0058608920865821,0.005388195788193485,0.0060062343446534,0.1124005
2012-09-24,0.0061527723534074,0.005630831860767571,0.0058608920865821,0.1159294999999999
2012-09-25,0.0060787172530754,0.006131522720936075,0.0061527723534074,0.1298365
2012-09-26,0.006216882224075,0.006983029369359999,0.0060787172530754,0.1404515
2012-09-27,0.0062891075682883,0.006193488610431789,0.006216882224075,0.124641
2012-09-28,0.0070862756702528,0.006687873024410731,0.0062891075682883,0.1312975
2012-10-01,0.0072554460141631,0.006802678885073674,0.0070862756702528,0.137288
2012-10-02,0.0069602371425473,0.007179508624434713,0.0072554460141631,0.134072
2012-10-03,0.006830635531761,0.007113731480173288,0.0069602371425473,0.1293315
2012-10-04,0.0071898343945434,0.006773705546123061,0.006830635531761,0.1270115
2012-10-05,0.0069423271691671,0.005785080926786743,0.0071898343945434,0.1242505
2012-10-08,0.0068273229324393,0.006876101865225796,0.0069423271691671,0.130855
2012-10-09,0.0068198500095403,0.0069877484443675725,0.0068273229324393,0.142137
2012-10-10,0.0072042415956201,0.007072950833365083,0.0068198500095403,0.1439245
2012-10-11,0.0073827029776081,0.0065210123468435015,0.0072042415956201,0.1378245
2012-10-12,0.0071275494694012,0.007234397686398747,0.0073827029776081,0.140423
2012-10-15,0.0067541382334689,0.007320767009028169,0.0071275494694012,0.1350724999999999
2012-10-16,0.006698048933915,0.006700661142088251,0.0067541382334689,0.132369
2012-10-17,0.0069340647265507,0.006102998397701093,0.006698048933915,0.129763
2012-10-18,0.0072895634113118,0.006148341880250218,0.0069340647265507,0.127977
2012-10-19,0.0078090034140599,0.0074852936123060605,0.0072895634113118,0.1401454999999999
2012-10-22,0.0082702353106346,0.00841563778973074,0.0078090034140599,0.1430695
2012-10-23,0.0085693701064047,0.01043701774422245,0.0082702353106346,0.1603115
2012-10-24,0.0085825080564127,0.010481550299118084,0.0085693701064047,0.1612785
2012-10-25,0.0085357252863841,0.01043321342717337,0.0085825080564127,0.158368
2012-10-26,0.0087668185118574,0.009918806780346876,0.0085357252863841,0.1548419999999999
2012-10-31,0.008751519522114,0.01095515897810586,0.0087668185118574,0.1592575
2012-11-01,0.0092721445693791,0.010717032425261945,0.008751519522114,0.14415
2012-11-02,0.0091115882620968,0.0108189744807612,0.0092721445693791,0.151734
2012-11-05,0.0092581939155226,0.011802006766580782,0.0091115882620968,0.1601125
2012-11-06,0.0101956322881892,0.011656291920323747,0.0092581939155226,0.155192
2012-11-07,0.010342728565234,0.011172973473413114,0.0101956322881892,0.1682045
2012-11-08,0.011052710839985,0.010795569642551583,0.010342728565234,0.1674435
2012-11-09,0.0108461460251448,0.01107840687500844,0.011052710839985,0.1701015
2012-11-12,0.0112805086222748,0.011045128047557973,0.0108461460251448,0.159078
2012-11-13,0.0113639736254963,0.010926538347819967,0.0112805086222748,0.1581044999999999
2012-11-14,0.0114022586785469,0.012407297934790472,0.0113639736254963,0.171003
2012-11-15,0.0119938332237397,0.01268614861470703,0.0114022586785469,0.1697245
2012-11-16,0.0119111040924798,0.012513304286717281,0.0119938332237397,0.1564955
2012-11-19,0.0119527900648484,0.012583637629271317,0.0119111040924798,0.1399435
2012-11-20,0.0118981450533729,0.012755595326209693,0.0119527900648484,0.137457
2012-11-21,0.0118811497973082,0.012540079932408833,0.0118981450533729,0.1388579999999999
2012-11-23,0.0121757550887151,0.012331666421062325,0.0118811497973082,0.132785
2012-11-26,0.0118268198379042,0.012844473883468457,0.0121757550887151,0.1368059999999999
2012-11-27,0.0129398109383783,0.012980877339841858,0.0118268198379042,0.140758
2012-11-28,0.0129795047806604,0.0125136794906705,0.0129398109383783,0.137293
2012-11-29,0.0130589550628504,0.013483517710051816,0.0129795047806604,0.133706
2012-11-30,0.0134659229638429,0.013372655383458578,0.0130589550628504,0.1404115
2012-12-03,0.0134084490524738,0.013956324449399801,0.0134659229638429,0.1482554999999999
2012-12-04,0.0136762249681456,0.013943164492900093,0.0134084490524738,0.155383
2012-12-05,0.0132397000093132,0.013387088401399953,0.0136762249681456,0.1515015
2012-12-06,0.0127830494871022,0.013302225556723637,0.0132397000093132,0.1523515
2012-12-07,0.0124922563946578,0.012452760063367204,0.0127830494871022,0.146203
2012-12-10,0.0123672234655583,0.01192836747588543,0.0124922563946578,0.1473114999999999
2012-12-11,0.012374552042414,0.011868983085610244,0.0123672234655583,0.1431885
2012-12-12,0.0123477177464671,0.011746291320271562,0.012374552042414,0.1437605
2012-12-13,0.0123509321252461,0.01151526779643727,0.0123477177464671,0.147812
2012-12-14,0.0117410231216265,0.011927540340975509,0.0123509321252461,0.1528895
2012-12-17,0.0115350803858176,0.0124362372274823,0.0117410231216265,0.146434
2012-12-18,0.0112503611079509,0.012086051053911789,0.0115350803858176,0.137229
2012-12-19,0.0102835570539031,0.012398198429641707,0.0112503611079509,0.150957
2012-12-20,0.0102522477199169,0.011711445284545836,0.0102835570539031,0.152061
2012-12-21,0.0094614234476956,0.010801846005279558,0.0102522477199169,0.1520085
2012-12-24,0.0097156405984691,0.011847191617392758,0.0094614234476956,0.156332
2012-12-26,0.0103435468478274,0.0119242890479327,0.0097156405984691,0.1650045
2012-12-27,0.0094988826298037,0.012627885467411691,0.0103435468478274,0.1681765
2012-12-28,0.0097179488083443,0.014919808004697326,0.0094988826298037,0.1899425
2012-12-31,0.0088719798524766,0.012080289081522255,0.0097179488083443,0.1628845
2013-01-02,0.0090494957363037,0.008706705829394198,0.0088719798524766,0.1250445
2013-01-03,0.0086216313046073,0.008337316992196423,0.0090494957363037,0.127228
2013-01-04,0.0087944448357365,0.007763668372987035,0.0086216313046073,0.120314
2013-01-07,0.0090175889576547,0.007329591007937269,0.0087944448357365,0.120402
2013-01-08,0.0087065009516513,0.0073756636179709775,0.0090175889576547,0.1207314999999999
2013-01-09,0.0085657810226541,0.007521363527867024,0.0087065009516513,0.1209695
2013-01-10,0.0072167626822957,0.006949947161793899,0.0085657810226541,0.1190475
2013-01-11,0.0071606080032452,0.00698672376463997,0.0072167626822957,0.118416
2013-01-14,0.0072865398067896,0.0062265537401188405,0.0071606080032452,0.1219244999999999
2013-01-15,0.0069137890010413,0.0062109662209545065,0.0072865398067896,0.117432
2013-01-16,0.0069377599602437,0.006392382389535066,0.0069137890010413,0.117202
2013-01-17,0.0064973237924458,0.006471096242819871,0.0069377599602437,0.1184564999999999
2013-01-18,0.0065877259470061,0.006068903675953877,0.0064973237924458,0.1057435
2013-01-22,0.0065022075056758,0.005852579399119533,0.0065877259470061,0.1052325
2013-01-23,0.0067427480103714,0.0060436137153155114,0.0065022075056758,0.104405
2013-01-24,0.0063362314776306,0.005863328122490057,0.0067427480103714,0.1067095
2013-01-25,0.0059827193892875,0.0062777105607995445,0.0063362314776306,0.1070395
2013-01-28,0.0057891929544541,0.006522030865006408,0.0059827193892875,0.1136085
2013-01-29,0.0058503015871149,0.006415074277103961,0.0057891929544541,0.1103105
2013-01-30,0.0059051145507127,0.00641184945681313,0.0058503015871149,0.120367
2013-01-31,0.0058940423780988,0.0062992430912096505,0.0059051145507127,0.1220765
2013-02-01,0.0058942251658174,0.004969813380274114,0.0058940423780988,0.1088475
2013-02-04,0.0060221029606007,0.006274955448369035,0.0058942251658174,0.125618
2013-02-05,0.0055479612157208,0.005594530442053783,0.0060221029606007,0.115252
2013-02-06,0.0060639536694495,0.005289501220962136,0.0055479612157208,0.11418
2013-02-07,0.005822125626962,0.004842429349405517,0.0060639536694495,0.1147285
2013-02-08,0.0045784848863345,0.005179681790129544,0.005822125626962,0.110102
2013-02-11,0.0045932169363836,0.005152120561291485,0.0045784848863345,0.1100595
2013-02-12,0.0041615057640997,0.0038364766885238127,0.0045932169363836,0.108603
2013-02-13,0.0043474188287008,0.0037685565417530376,0.0041615057640997,0.11056
2013-02-14,0.0043652697266998,0.0031064417470024475,0.0043474188287008,0.1086735
2013-02-15,0.0043048057133438,0.0036177695125469388,0.0043652697266998,0.1060815
2013-02-19,0.0041388817334813,0.00374747409476775,0.0043048057133438,0.1031265
2013-02-20,0.0041949014577614,0.005381176534735188,0.0041388817334813,0.1245385
2013-02-21,0.0040863126417595,0.005663034143921157,0.0041949014577614,0.1345615
2013-02-22,0.0055045314064239,0.005286670691036197,0.0040863126417595,0.123424
2013-02-25,0.0054239171773116,0.007897796414155205,0.0055045314064239,0.171425
2013-02-26,0.0058096822620512,0.007039726967860593,0.0054239171773116,0.146813
2013-02-27,0.0059319984377177,0.006315976893993158,0.0058096822620512,0.126675
2013-02-28,0.0066799853165377,0.006702485912548337,0.0059319984377177,0.1279795
2013-03-01,0.0067577656709766,0.0061695664808462496,0.0066799853165377,0.127906
2013-03-04,0.0067959656557767,0.006478351144926297,0.0067577656709766,0.116901
2013-03-05,0.006679686225221,0.0063548973510411735,0.0067959656557767,0.1130134999999999
2013-03-06,0.0066358032436142,0.0061305722673966855,0.006679686225221,0.1136765
2013-03-07,0.0063953395340647,0.005983999630343847,0.0066358032436142,0.1096705
2013-03-08,0.0065041165182205,0.005716844589541591,0.0063953395340647,0.104892
2013-03-11,0.0065319166657374,0.0058510363981263795,0.0065041165182205,0.103313
2013-03-12,0.0065227377743004,0.0066445861687930464,0.0065319166657374,0.106889
2013-03-13,0.0064103078182568,0.00630802679528902,0.0065227377743004,0.1040635
2013-03-14,0.0064657637648319,0.005956395083397806,0.0064103078182568,0.097983
2013-03-15,0.0067703682268842,0.005628834515132155,0.0064657637648319,0.097455
2013-03-18,0.0073488043056988,0.006969392967246725,0.0067703682268842,0.116291
2013-03-19,0.0072187251088701,0.007575788356315272,0.0073488043056988,0.122808
2013-03-20,0.0071563890763213,0.007842845218549468,0.0072187251088701,0.1087605
2013-03-21,0.0066300547413382,0.008359488295500723,0.0071563890763213,0.1227135
2013-03-22,0.0071878171818573,0.00797822169499091,0.0066300547413382,0.1210884999999999
2013-03-25,0.0071399086729727,0.007165559574509418,0.0071878171818573,0.120676
2013-03-26,0.0075161088443805,0.006592013261235766,0.0071399086729727,0.109205
2013-03-27,0.007454062079728,0.006773752155524466,0.0075161088443805,0.1132614999999999
2013-03-28,0.007443010853502,0.006548755706898092,0.007454062079728,0.107905
2013-04-01,0.0073811784790101,0.00747477170751568,0.007443010853502,0.1183265
2013-04-02,0.0077314542751952,0.006931317345390573,0.0073811784790101,0.111046
2013-04-03,0.007803869100752,0.008075430315514043,0.0077314542751952,0.1244045
2013-04-04,0.0085131462529726,0.007942174186937434,0.007803869100752,0.122459
2013-04-05,0.008743941818929,0.007890866798234135,0.0085131462529726,0.1222255
2013-04-08,0.0075697037209099,0.008489529914249488,0.008743941818929,0.117267
2013-04-09,0.0076615365192144,0.008365493307946819,0.0075697037209099,0.113016
2013-04-10,0.007316140142976,0.007051975703698914,0.0076615365192144,0.108156
2013-04-11,0.007348220948705,0.00676383851153025,0.007316140142976,0.107243
2013-04-12,0.0065094406490286,0.0065468485049239925,0.007348220948705,0.1059475
2013-04-15,0.0062903056519305,0.009651327755020166,0.0065094406490286,0.1463255
2013-04-16,0.0069458421390176,0.006867448245092108,0.0062903056519305,0.119127
2013-04-17,0.0072733616479933,0.008370898516216467,0.0069458421390176,0.143394
2013-04-18,0.0074055405443306,0.008994893518073952,0.0072733616479933,0.1529575
2013-04-19,0.0077896828370819,0.007825793431600125,0.0074055405443306,0.1284179999999999
2013-04-22,0.0077177304778869,0.008131012257293773,0.0077896828370819,0.1250215
2013-04-23,0.0076812343490642,0.007830155967000117,0.0077177304778869,0.1154495
2013-04-24,0.0079050917383533,0.007875185963719385,0.0076812343490642,0.1189035
2013-04-25,0.0080292886742889,0.007676292764304791,0.0079050917383533,0.120678
2013-04-26,0.0080412180804593,0.007576230963774286,0.0080292886742889,0.1182105
2013-04-29,0.0079222299073823,0.008100644353017529,0.0080412180804593,0.119694
2013-04-30,0.0073742039718071,0.008145604458490018,0.0079222299073823,0.1167769999999999
2013-05-01,0.0072965754277362,0.008842434711577349,0.0073742039718071,0.1286045
2013-05-02,0.0074493398330216,0.007578403589583924,0.0072965754277362,0.117885
2013-05-03,0.0074554915938064,0.006743826912025231,0.0074493398330216,0.1103379999999999
2013-05-06,0.0069144039900813,0.006826982894842723,0.0074554915938064,0.1093265
2013-05-07,0.0070118893181924,0.006838300639068217,0.0069144039900813,0.1094565
2013-05-08,0.0067314204053602,0.006075285697320559,0.0070118893181924,0.108375
2013-05-09,0.0067486658640817,0.00639358942090866,0.0067314204053602,0.113884
2013-05-10,0.0067188637808812,0.005763164728079615,0.0067486658640817,0.107152
2013-05-13,0.0066261836424983,0.006890715408027645,0.0067188637808812,0.115506
2013-05-14,0.0064697273200298,0.00686191585918932,0.0066261836424983,0.1155615
2013-05-15,0.0064882445629081,0.006935129755944305,0.0064697273200298,0.1150905
2013-05-16,0.0054990316540964,0.006468232422468873,0.0064882445629081,0.117214
2013-05-17,0.0054254407461566,0.006430173798621704,0.0054990316540964,0.111074
2013-05-20,0.0053944459057602,0.0057346874350837004,0.0054254407461566,0.116274
2013-05-21,0.0074068260306788,0.005812859719221242,0.0053944459057602,0.1205035
2013-05-22,0.0080520999159939,0.0063022923491138985,0.0074068260306788,0.1271475
2013-05-23,0.008046035025152,0.007751268316031679,0.0080520999159939,0.1268254999999999
2013-05-24,0.0089609178532388,0.008183411436773137,0.008046035025152,0.1275775
2013-05-28,0.0093252601357908,0.00941390366408634,0.0089609178532388,0.1270905
2013-05-29,0.0087335115196065,0.010280541249233166,0.0093252601357908,0.133119
2013-05-30,0.0089108290418785,0.010024448640837482,0.0087335115196065,0.1291864999999999
2013-05-31,0.0092589847487961,0.009798813504463006,0.0089108290418785,0.143927
2013-06-03,0.009493090150631,0.010159710485770912,0.0092589847487961,0.144496
2013-06-04,0.0095920511482488,0.010650268275189962,0.009493090150631,0.148944
2013-06-05,0.0103774684819667,0.011450226294419896,0.0095920511482488,0.1594964999999999
2013-06-06,0.0100965719200912,0.01101479313474607,0.0103774684819667,0.15244
2013-06-07,0.0101027843945485,0.00999945299297833,0.0100965719200912,0.134538
2013-06-10,0.0101841062761874,0.010234031844840806,0.0101027843945485,0.1393025
2013-06-11,0.010641134293709,0.01101228822733262,0.0101841062761874,0.154217
2013-06-12,0.011182251286779,0.011593862344534425,0.010641134293709,0.1680324999999999
2013-06-13,0.0114641288697371,0.010886767758354565,0.011182251286779,0.1484915
2013-06-14,0.0115692230505141,0.011606708322632518,0.0114641288697371,0.154186
2013-06-17,0.011633982134251,0.01249951918878098,0.0115692230505141,0.1535575
2013-06-18,0.0116515492752652,0.01291954070587715,0.011633982134251,0.1492415
2013-06-19,0.0120612255233862,0.013139205824378351,0.0116515492752652,0.1492915
2013-06-20,0.012665498937062,0.015160121298721919,0.0120612255233862,0.1895935
2013-06-21,0.0138067692333898,0.014224025955138012,0.012665498937062,0.170273
2013-06-24,0.0139881593922358,0.01531327237196637,0.0138067692333898,0.1840505
2013-06-25,0.0141173748530764,0.01497671543501266,0.0139881593922358,0.170116
2013-06-26,0.0142251475889648,0.014566189535482174,0.0141173748530764,0.1560355
2013-06-27,0.0144174076974714,0.014104062613422464,0.0142251475889648,0.1532055
2013-06-28,0.0150453776276883,0.01420672991396579,0.0144174076974714,0.1532224999999999
2013-07-01,0.0153894374711033,0.014525968245863259,0.0150453776276883,0.1494694999999999
2013-07-02,0.0154973369172555,0.014772476262614674,0.0153894374711033,0.14972
2013-07-03,0.0136174343282669,0.015524121405187533,0.0154973369172555,0.150582
2013-07-05,0.0129461302842651,0.014257934139542693,0.0136174343282669,0.1367384999999999
2013-07-08,0.0126213851936686,0.013157044441721187,0.0129461302842651,0.1335049999999999
2013-07-09,0.0118594925732177,0.012080433046227485,0.0126213851936686,0.129042
2013-07-10,0.0115270372801829,0.011894524107685357,0.0118594925732177,0.129209
2013-07-11,0.0112934332201807,0.011030328140534923,0.0115270372801829,0.1253765
2013-07-12,0.0107483047040693,0.01032944530290731,0.0112934332201807,0.1231105
2013-07-15,0.0104113002924319,0.010472848516352346,0.0107483047040693,0.1248265
2013-07-16,0.0097954140543468,0.010341058445582627,0.0104113002924319,0.130775
2013-07-17,0.0097834419303652,0.009692669316203006,0.0097954140543468,0.1237485
2013-07-18,0.0089571890101739,0.00896717829303749,0.0097834419303652,0.122254
2013-07-19,0.0089689109553151,0.009034164396580491,0.0089571890101739,0.1141945
2013-07-22,0.0088961755861431,0.008576358046803362,0.0089689109553151,0.1096235
2013-07-23,0.0088893577751101,0.00893894886840256,0.0088961755861431,0.1125315
2013-07-24,0.0083388999593181,0.009173596817842626,0.0088893577751101,0.1169014999999999
2013-07-25,0.0082459450197419,0.008717729775616748,0.0083388999593181,0.115253
2013-07-26,0.008007975375021,0.007966655635595603,0.0082459450197419,0.1127799999999999
2013-07-29,0.0078002088294076,0.00825524034401839,0.008007975375021,0.1188164999999999
2013-07-30,0.0080982288597094,0.00836047529077107,0.0078002088294076,0.1178444999999999
2013-07-31,0.0081039107943524,0.008158499132271336,0.0080982288597094,0.12028
2013-08-01,0.0077300549799536,0.007836275255572251,0.0081039107943524,0.1160435
2013-08-02,0.0070093123386179,0.006800003055165763,0.0077300549799536,0.106213
2013-08-05,0.0059222524312832,0.006492442557546919,0.0070093123386179,0.1040675
2013-08-06,0.0057779241221397,0.006174411795913652,0.0059222524312832,0.1121505
2013-08-07,0.0057943119944223,0.005179372224876702,0.0057779241221397,0.1133619999999999
2013-08-08,0.0057303392846446,0.004775586657993335,0.0057943119944223,0.111647
2013-08-09,0.0055179251961694,0.005206875288061848,0.0057303392846446,0.1157795
2013-08-12,0.0052110485363891,0.005645711882126685,0.0055179251961694,0.1199435
2013-08-13,0.0047715084002206,0.005184392509136,0.0052110485363891,0.114439
2013-08-14,0.0046167052738275,0.005172446894775029,0.0047715084002206,0.117849
2013-08-15,0.0045336608371787,0.0061020662949049405,0.0046167052738275,0.1333875
2013-08-16,0.0045602528273431,0.005659764019435402,0.0045336608371787,0.1306045
2013-08-19,0.0047539149186238,0.005604450212257018,0.0045602528273431,0.1374505
2013-08-20,0.0049851181791856,0.005019114168068859,0.0047539149186238,0.133322
2013-08-21,0.0050073681209228,0.005419355222480032,0.0049851181791856,0.140349
2013-08-22,0.0050942764865069,0.00459673472797003,0.0050073681209228,0.1324365
2013-08-23,0.0052621465477372,0.004243919341421983,0.0050942764865069,0.1252245
2013-08-26,0.0052012066381356,0.00513816645993731,0.0052621465477372,0.1334785
2013-08-27,0.0054021900132376,0.005928802116810641,0.0052012066381356,0.151436
2013-08-28,0.0056608578706115,0.005540304137832887,0.0054021900132376,0.1477284999999999
2013-08-29,0.0058065907231092,0.00564041018979574,0.0056608578706115,0.153093
2013-08-30,0.0063384496561477,0.006213124987920923,0.0058065907231092,0.1567165
2013-09-03,0.006561602158855,0.006561061025239748,0.0063384496561477,0.1535525
2013-09-04,0.0064179993543273,0.006371363131765749,0.006561602158855,0.145371
2013-09-05,0.0072253309856303,0.006551745162751043,0.0064179993543273,0.1424625
2013-09-06,0.0067323679390643,0.006539155693687813,0.0072253309856303,0.1431009999999999
2013-09-09,0.0066385299813746,0.007509622560489201,0.0067323679390643,0.139078
2013-09-10,0.0065413267218345,0.006504864968167122,0.0066385299813746,0.129469
2013-09-11,0.0061834360659519,0.006091174621672347,0.0065413267218345,0.1226185
2013-09-12,0.0061873526302454,0.0061457192669087495,0.0061834360659519,0.127466
2013-09-13,0.0063295705559822,0.005748505567372806,0.0061873526302454,0.1250245
2013-09-16,0.0062930411373423,0.006402066136090401,0.0063295705559822,0.12766
2013-09-17,0.0067980303616189,0.006801431447448304,0.0062930411373423,0.1281935
2013-09-18,0.006711075606749,0.006445456257932143,0.0067980303616189,0.122747
2013-09-19,0.0066854691906619,0.0060641724830446525,0.006711075606749,0.1185555
2013-09-20,0.0066449819600086,0.0060334974469131615,0.0066854691906619,0.1173285
2013-09-23,0.0067408504244348,0.006753855709159883,0.0066449819600086,0.125272
2013-09-24,0.0065318076401284,0.006895903303443238,0.0067408504244348,0.1255765
2013-09-25,0.006630958297095,0.006973348787901762,0.0065318076401284,0.1221615
2013-09-26,0.0065716948161278,0.006848017494911714,0.006630958297095,0.1237645
2013-09-27,0.0066700738958416,0.007415584440657139,0.0065716948161278,0.1328875
2013-09-30,0.0065827882440331,0.00806829127283605,0.0066700738958416,0.148125
2013-10-01,0.0067862621347782,0.00690058321630059,0.0065827882440331,0.1379449999999999
2013-10-02,0.0069365469848759,0.00667603591152547,0.0067862621347782,0.142923
2013-10-03,0.006934217224023,0.007387542476200392,0.0069365469848759,0.155449
2013-10-04,0.0068310914891399,0.00708545964219634,0.006934217224023,0.147623
2013-10-07,0.0066742431839037,0.008308185422229428,0.0068310914891399,0.169866
2013-10-08,0.0069918717546053,0.008558266844910043,0.0066742431839037,0.185855
2013-10-09,0.0067129100025035,0.00788065645387383,0.0069918717546053,0.178478
2013-10-10,0.0064401912249315,0.007625394205748589,0.0067129100025035,0.1480185
2013-10-11,0.0066794559753976,0.007216691031698877,0.0064401912249315,0.136314
2013-10-14,0.0062502847158298,0.00815592490853444,0.0066794559753976,0.1380235
2013-10-15,0.0059800711191288,0.010116546663491474,0.0062502847158298,0.157847
2013-10-16,0.0062429834230089,0.00696506849790406,0.0059800711191288,0.1253415
2013-10-17,0.0053121120796947,0.005635404826263363,0.0062429834230089,0.114125
2013-10-18,0.0053520458921999,0.0056877365990901756,0.0053121120796947,0.1065059999999999
2013-10-21,0.0055124641308039,0.004963033584077216,0.0053520458921999,0.107653
2013-10-22,0.0056309257942504,0.005008317812687287,0.0055124641308039,0.1099865
2013-10-23,0.0056537458306313,0.005177526254586909,0.0056309257942504,0.110203
2013-10-24,0.0056690898619543,0.005198361182700832,0.0056537458306313,0.1085595
2013-10-25,0.0054504058097144,0.005119181521264591,0.0056690898619543,0.1069255
2013-10-28,0.0054367052778309,0.005563167156458014,0.0054504058097144,0.108974
2013-10-29,0.0051237730579612,0.0053926921288123195,0.0054367052778309,0.110701
2013-10-30,0.0052151097948687,0.00557249210412071,0.0051237730579612,0.1139465
2013-10-31,0.005276229268538,0.005010948366583702,0.0052151097948687,0.113602
2013-11-01,0.0051230509808104,0.004830632736077731,0.005276229268538,0.1083345
2013-11-04,0.0051265081707592,0.004837216136371062,0.0051230509808104,0.1068139999999999
2013-11-05,0.0051003949808975,0.005046531717432325,0.0051265081707592,0.1105405
2013-11-06,0.0052814420425912,0.004888370018621645,0.0051003949808975,0.107415
2013-11-07,0.0052234505746149,0.0052847628084592285,0.0052814420425912,0.119282
2013-11-08,0.0050211041631129,0.004879532188255639,0.0052234505746149,0.109094
2013-11-11,0.005073807270181,0.005231079681240463,0.0050211041631129,0.1111115
2013-11-12,0.0048263210728919,0.005266367896610093,0.005073807270181,0.112373
2013-11-13,0.0043722207943823,0.005073021342370223,0.0048263210728919,0.1085365
2013-11-14,0.0042600426437442,0.004200194165236957,0.0043722207943823,0.105338
2013-11-15,0.0044056836062343,0.003418735280309372,0.0042600426437442,0.102371
2013-11-18,0.0044865653128386,0.0035122771811719536,0.0044056836062343,0.108138
2013-11-19,0.0044298719348372,0.003681332799896901,0.0044865653128386,0.1109245
2013-11-20,0.0044765382088604,0.0037733550356871294,0.0044298719348372,0.1091495
2013-11-21,0.0044245357244087,0.003351822111351044,0.0044765382088604,0.106195
2013-11-22,0.0040444332984326,0.0035746756014838205,0.0044245357244087,0.1002175
2013-11-25,0.0039608716072813,0.0038736885789688244,0.0040444332984326,0.103735
2013-11-26,0.0039685196011388,0.0035725873798919117,0.0039608716072813,0.1045585
2013-11-27,0.0037491952526181,0.003444852184911605,0.0039685196011388,0.104159
2013-11-29,0.0038348557694025,0.004046960896834595,0.0037491952526181,0.1100945
2013-12-02,0.0039962667661525,0.004265298892685447,0.0038348557694025,0.1143855
2013-12-03,0.004461920269229,0.004384338385032306,0.0039962667661525,0.11584
2013-12-04,0.0043119950706107,0.004682437152236239,0.004461920269229,0.1173655
2013-12-05,0.0042866326121808,0.0054054008350318955,0.0043119950706107,0.1241395
2013-12-06,0.004257974404142,0.004335470513906373,0.0042866326121808,0.110238
2013-12-09,0.0042206372648398,0.004707773341056799,0.004257974404142,0.1114925
2013-12-10,0.004355644522236,0.005026183159478923,0.0042206372648398,0.114949
2013-12-11,0.0041212137400009,0.005919428297867839,0.004355644522236,0.1282775
2013-12-12,0.0040193136331065,0.006087616347083588,0.0041212137400009,0.130827
2013-12-13,0.0040175461784781,0.006057854588750598,0.0040193136331065,0.132121
2013-12-16,0.0040767590421315,0.005489104685071588,0.0040175461784781,0.135209
2013-12-17,0.0054211189526996,0.005618631551039262,0.0040767590421315,0.1348305
2013-12-18,0.0055040128039329,0.004530778096837586,0.0054211189526996,0.1138805
2013-12-19,0.0053471991456811,0.0049827427936575165,0.0055040128039329,0.1123925
2013-12-20,0.005320703918873,0.004892653292359477,0.0053471991456811,0.107066
2013-12-23,0.0052834053530754,0.004520630967038197,0.005320703918873,0.102439
2013-12-24,0.0051694618917219,0.0045382600207743255,0.0052834053530754,0.09889
2013-12-26,0.0049841043295641,0.004490501542165171,0.0051694618917219,0.098617
2013-12-27,0.0049125224036157,0.004532867737658711,0.0049841043295641,0.0991595
2013-12-30,0.0049328291057731,0.004918781204317147,0.0049125224036157,0.1095485
2013-12-31,0.0049264682470155,0.00512542368964726,0.0049328291057731,0.114988
2014-01-02,0.0048909765881674,0.009716861235202644,0.0049264682470155,0.1188845
2014-01-03,0.0047161242866256,0.009712213849525236,0.0048909765881674,0.116403
2014-01-06,0.0047324206395477,0.00968628284975245,0.0047161242866256,0.1147654999999999
2014-01-07,0.0047773444640708,0.009558531847440698,0.0047324206395477,0.1095295
2014-01-08,0.0049437104167726,0.009570438327375289,0.0047773444640708,0.1087395
2014-01-09,0.0050466632568003,0.009603260678353216,0.0049437104167726,0.10742
2014-01-10,0.005397354240602,0.009724811364393933,0.0050466632568003,0.102022
2014-01-13,0.005295714167113,0.009800031011995976,0.005397354240602,0.1183009999999999
2014-01-14,0.0052294143063586,0.01005625368843385,0.005295714167113,0.107104
2014-01-15,0.005101925100052,0.00998199317742676,0.0052294143063586,0.1051525
2014-01-16,0.0045834038282109,0.009933553016274637,0.005101925100052,0.106454
2014-01-17,0.0049009507400247,0.009840406550680617,0.0045834038282109,0.1056655
2014-01-21,0.0049058800034392,0.00946156331205256,0.0049009507400247,0.106024
2014-01-22,0.0053325207631475,0.009693570188184624,0.0049058800034392,0.105483
2014-01-23,0.0053054092360634,0.009697171618284818,0.0053325207631475,0.11519
2014-01-24,0.0057717277164512,0.010008884899718256,0.0053054092360634,0.1441299999999999
2014-01-27,0.0058249992653818,0.00998907661164509,0.0057717277164512,0.1443045
2014-01-28,0.0059356275134624,0.0103297793232522,0.0058249992653818,0.135834
2014-01-29,0.0059741391945854,0.010368700708390254,0.0059356275134624,0.1502465
2014-01-30,0.0064699723108268,0.0104495281807865,0.0059741391945854,0.1413325
2014-01-31,0.005426409823171,0.01047766567638016,0.0064699723108268,0.1569455
2014-02-03,0.0054012654999239,0.01083993244107617,0.005426409823171,0.182155
2014-02-04,0.0058265102245034,0.010077482346925681,0.0054012654999239,0.159543
2014-02-05,0.0058319258921517,0.01005911134197497,0.0058265102245034,0.1668994999999999
2014-02-06,0.0058900851865322,0.010369804648919113,0.0058319258921517,0.1477165
2014-02-07,0.0059663000631389,0.010373761456831604,0.0058900851865322,0.1291435
2014-02-10,0.0061619837988757,0.010416253938116314,0.0059663000631389,0.1295569999999999
2014-02-11,0.0062962815568663,0.010471938231612703,0.0061619837988757,0.120984
2014-02-12,0.0065855646404304,0.010614909145670178,0.0062962815568663,0.121667
2014-02-13,0.0065865609363986,0.010713030091406879,0.0065855646404304,0.118123
2014-02-14,0.00655505724215,0.010924386782461437,0.0065865609363986,0.1140685
2014-02-18,0.0068158047499419,0.010925114698579293,0.00655505724215,0.1175575
2014-02-19,0.0070319410252289,0.010902097394939058,0.0068158047499419,0.1289435
2014-02-20,0.0070523820442663,0.01109260535609817,0.0070319410252289,0.119792
2014-02-21,0.0074293211550255,0.011250519352999392,0.0070523820442663,0.118018
2014-02-24,0.0074259919592741,0.011265454018698814,0.0074293211550255,0.1161415
2014-02-25,0.0072376317901696,0.011540854163766262,0.0074259919592741,0.118869
2014-02-26,0.0073486987080799,0.01153842177888838,0.0072376317901696,0.119252
2014-02-27,0.0077635551447701,0.011400801626413815,0.0073486987080799,0.116311
2014-02-28,0.0083061509256151,0.011481949600799077,0.0077635551447701,0.1162935
2014-03-03,0.0083463490624476,0.01178505299226336,0.0083061509256151,0.1353285
2014-03-04,0.0080229215584519,0.012181485605628225,0.0083463490624476,0.117955
2014-03-05,0.0080651857216645,0.012210855263483084,0.0080229215584519,0.1165605
2014-03-06,0.007804286918474,0.011974551895175621,0.0080651857216645,0.1177275
2014-03-07,0.0080669538513502,0.012005431038113218,0.007804286918474,0.1183005
2014-03-10,0.0077353897204966,0.011814812537151964,0.0080669538513502,0.1195769999999999
2014-03-11,0.0079713932085417,0.012006722873208173,0.0077353897204966,0.1233315
2014-03-12,0.0084353480822428,0.011764474703331801,0.0079713932085417,0.122089
2014-03-13,0.0084029665347424,0.011936904130230843,0.0084353480822428,0.139051
2014-03-14,0.0079687861424241,0.012275879937927428,0.0084029665347424,0.1503729999999999
2014-03-17,0.0075132071680808,0.012252221255067067,0.0079687861424241,0.1333055
2014-03-18,0.0079852162376893,0.01193499934941481,0.0075132071680808,0.1238535
2014-03-19,0.0076508972605455,0.011602143161127213,0.0079852162376893,0.125862
2014-03-20,0.0080895359755367,0.011947003544496595,0.0076508972605455,0.1198745
2014-03-21,0.0085881659268559,0.011702742622304784,0.0080895359755367,0.120867
2014-03-24,0.0087651298961814,0.012023221878218207,0.0085881659268559,0.1251415
2014-03-25,0.0090370546712869,0.01238753207317701,0.0087651298961814,0.1195535
2014-03-26,0.0091094266899528,0.012516825907201804,0.0090370546712869,0.127607
2014-03-27,0.0091612357941634,0.012715500229854751,0.0091094266899528,0.1267595
2014-03-28,0.009077463780751,0.012768376845388939,0.0091612357941634,0.124728
2014-03-31,0.0090088896901832,0.01280622973570503,0.009077463780751,0.118876
2014-04-01,0.0086388590561032,0.012745024029032938,0.0090088896901832,0.1120465
2014-04-02,0.0085145797089536,0.012694922264712957,0.0086388590561032,0.111939
2014-04-03,0.0090341967715646,0.012424569607224644,0.0085145797089536,0.1157895
2014-04-04,0.0086390764264751,0.01233376833652352,0.0090341967715646,0.123289
2014-04-07,0.0088028629538933,0.012713412184396892,0.0086390764264751,0.1365225
2014-04-08,0.0086439936520108,0.012424728422880135,0.0088028629538933,0.130094
2014-04-09,0.0087664720057911,0.012544394523116363,0.0086439936520108,0.118374
2014-04-10,0.0085592338691358,0.012428321057836833,0.0087664720057911,0.1396585
2014-04-11,0.0081436551669198,0.012517806482500725,0.0085592338691358,0.153978
2014-04-14,0.009043959698201,0.012366393664702581,0.0081436551669198,0.144116
2014-04-15,0.0090088293517785,0.012062762569890714,0.009043959698201,0.138536
2014-04-16,0.0091081070954508,0.012720545196958344,0.0090088293517785,0.1242565
2014-04-17,0.0089542914627276,0.012694878180124936,0.0091081070954508,0.11602
2014-04-21,0.0088479027096905,0.012767412720131283,0.0089542914627276,0.116738
2014-04-22,0.0085982824095928,0.0126550315785716,0.0088479027096905,0.112589
2014-04-23,0.0084642250674899,0.012577301576076106,0.0085982824095928,0.1159685
2014-04-24,0.007964595978391,0.012394923401733239,0.0084642250674899,0.116919
2014-04-25,0.0086147864793963,0.012296978109221313,0.007964595978391,0.123678
2014-04-28,0.008503082544441,0.011931937921853611,0.0086147864793963,0.1198675
2014-04-29,0.008591669328448,0.012406981644267245,0.008503082544441,0.1169244999999999
2014-04-30,0.008109680392108,0.01232536825098117,0.008591669328448,0.1143895
2014-05-01,0.008019241780136,0.012390091736738452,0.008109680392108,0.112439
2014-05-02,0.0080995046203047,0.012037939839521986,0.008019241780136,0.1089084999999999
2014-05-05,0.0075427153746051,0.011971863366834867,0.0080995046203047,0.11112
2014-05-06,0.0076769000450435,0.012030505193047764,0.0075427153746051,0.1194445
2014-05-07,0.0076502989290835,0.011623702516804325,0.0076769000450435,0.115842
2014-05-08,0.0076521009291723,0.011721740838246036,0.0076502989290835,0.1171055
2014-05-09,0.0073091608920633,0.011702305467956167,0.0076521009291723,0.11009
2014-05-12,0.0072617146951789,0.011703622049525183,0.0073091608920633,0.106831
2014-05-13,0.0073264911441835,0.011453062388101273,0.0072617146951789,0.1079685
2014-05-14,0.0077698278735973,0.011418397135459953,0.0073264911441835,0.1087855
2014-05-15,0.0078217159738117,0.011465724257914532,0.0077698278735973,0.1169129999999999
2014-05-16,0.0073179138517303,0.011789635988242474,0.0078217159738117,0.109208
2014-05-19,0.0073037627816569,0.011827546594805794,0.0073179138517303,0.1077655
2014-05-20,0.0069766655881586,0.01145945749620562,0.0073037627816569,0.1124844999999999
2014-05-21,0.0070723135836138,0.011449118407902407,0.0069766655881586,0.105213
2014-05-22,0.00683529376017,0.01121013388236684,0.0070723135836138,0.1058215
2014-05-23,0.006573960348291,0.011280016447141604,0.00683529376017,0.100706
2014-05-27,0.006395165660023,0.01110684446286857,0.006573960348291,0.1008645
2014-05-28,0.0053624984441827,0.010915908427078893,0.006395165660023,0.1019495
2014-05-29,0.00542467640438,0.010785277028848232,0.0053624984441827,0.099927
2014-05-30,0.0054004655927794,0.010030787263973459,0.00542467640438,0.0964464999999999
2014-06-02,0.0054024734134204,0.01007621587238675,0.0054004655927794,0.099499
2014-06-03,0.0053497558421183,0.010058526911924206,0.0054024734134204,0.1019765
2014-06-04,0.0055852970295809,0.010059993870592114,0.0053497558421183,0.103818
2014-06-05,0.0053237685115063,0.01002147723389989,0.0055852970295809,0.1008594999999999
2014-06-06,0.0052412585466239,0.010193568893653387,0.0053237685115063,0.0926505
2014-06-09,0.0044424450043276,0.010002490308913394,0.0052412585466239,0.0955395
2014-06-10,0.0044680551322042,0.009942206683124722,0.0044424450043276,0.093891
2014-06-11,0.0044969633189162,0.009358575642591014,0.0044680551322042,0.0982079999999999
2014-06-12,0.004439240841245,0.009377286974822381,0.0044969633189162,0.1057205
2014-06-13,0.0043598846567911,0.009398407942604386,0.004439240841245,0.1030985
2014-06-16,0.0038981648412917,0.009356234609377479,0.0043598846567911,0.106834
2014-06-17,0.004058450328744,0.009298255206108379,0.0038981648412917,0.1025975
2014-06-18,0.0037402059863248,0.008960912381924018,0.004058450328744,0.0900905
2014-06-19,0.003288381693267,0.009078020544055725,0.0037402059863248,0.0871065
2014-06-20,0.0030958083640066,0.008845504109524388,0.003288381693267,0.085341
2014-06-23,0.0033719143655835,0.00851539117536244,0.0030958083640066,0.088093
2014-06-24,0.0033903625410481,0.008374692793845022,0.0033719143655835,0.0986
2014-06-25,0.0037366133104189,0.00857642201407669,0.0033903625410481,0.0933575
2014-06-26,0.0033009122218451,0.008589900663689212,0.0037366133104189,0.094668
2014-06-27,0.0031356843590969,0.008842879220152542,0.0033009122218451,0.0915295
2014-06-30,0.0031721685069257,0.008524546259803614,0.0031356843590969,0.0941205
2014-07-01,0.0030023230927038,0.008403827087737896,0.0031721685069257,0.088393
2014-07-02,0.0029772839540717,0.008430483222158322,0.0030023230927038,0.086446
2014-07-03,0.0029127350252881,0.008306390363708213,0.0029772839540717,0.0827185
2014-07-07,0.0030558064662576,0.008288096208989813,0.0029127350252881,0.0921385
2014-07-08,0.003072869129431,0.008240935317897491,0.0030558064662576,0.1005995
2014-07-09,0.0034110904510195,0.008345466512653717,0.003072869129431,0.0951925
2014-07-10,0.0035058325543435,0.00835793287599746,0.0034110904510195,0.103942
2014-07-11,0.0035027172107668,0.008605044938321716,0.0035058325543435,0.0990535
2014-07-14,0.0036457512283638,0.008674265638043938,0.0035027172107668,0.0958845
2014-07-15,0.0036360074167142,0.00867198949834798,0.0036457512283638,0.0987905
2014-07-16,0.0037702990049958,0.008776493350751237,0.0036360074167142,0.093753
2014-07-17,0.0036052861164424,0.008769374304026674,0.0037702990049958,0.1217725
2014-07-18,0.0037950457970689,0.008867490742035987,0.0036052861164424,0.097192
2014-07-21,0.0037778678685122,0.008746928634925176,0.0037950457970689,0.102924
2014-07-22,0.0037466907507108,0.00888557130181966,0.0037778678685122,0.0979365
2014-07-23,0.0037026104878807,0.008873020723008811,0.0037466907507108,0.098109
2014-07-24,0.0036184709509173,0.00885024202342522,0.0037026104878807,0.0982389999999999
2014-07-25,0.0038346313244375,0.008818035997487582,0.0036184709509173,0.1036705
2014-07-28,0.0038803432874119,0.008756561769888972,0.0038346313244375,0.104257
2014-07-29,0.0040748850710828,0.00891449337349836,0.0038803432874119,0.10961
2014-07-30,0.0039145995836306,0.008947891556056579,0.0040748850710828,0.1101425
2014-07-31,0.0043048113466084,0.009090028134393423,0.0039145995836306,0.142405
2014-08-01,0.0046480240877117,0.008972919972261788,0.0043048113466084,0.1434135
2014-08-04,0.0049441079457359,0.009258017413900744,0.0046480240877117,0.1255755
2014-08-05,0.0049512908458374,0.009508776318962277,0.0049441079457359,0.1426485
2014-08-06,0.0053295108849445,0.009725101807945787,0.0049512908458374,0.140756
2014-08-07,0.0050181666251042,0.009730349795415101,0.0053295108849445,0.1469375
2014-08-08,0.0051324939257621,0.010006685815383196,0.0050181666251042,0.1348265
2014-08-11,0.0052342471675404,0.009779210735513568,0.0051324939257621,0.127322
2014-08-12,0.0050974649363216,0.009862740818457045,0.0052342471675404,0.1266235
2014-08-13,0.0050802803904252,0.009937084012747456,0.0050974649363216,0.11459
2014-08-14,0.0056993679301742,0.009837147855301669,0.0050802803904252,0.107233
2014-08-15,0.0056512030079444,0.009824592441714434,0.0056993679301742,0.1099604999999999
2014-08-18,0.0055150855009913,0.010276911644974938,0.0056512030079444,0.10031
2014-08-19,0.0055774145150426,0.010241721275521013,0.0055150855009913,0.0980915
2014-08-20,0.0052248983586187,0.010142270780491193,0.0055774145150426,0.097326
2014-08-21,0.0051827733415564,0.010187809752228737,0.0052248983586187,0.0971555
2014-08-22,0.0052102575083072,0.009930253563850662,0.0051827733415564,0.09659
2014-08-25,0.0049693326896902,0.009899476084202663,0.0052102575083072,0.096067
2014-08-26,0.0049647947476436,0.009919556631150905,0.0049693326896902,0.096894
2014-08-27,0.0048219364477737,0.009743531570063899,0.0049647947476436,0.0976115
2014-08-28,0.0047976713206934,0.009740216048107512,0.0048219364477737,0.0993975
2014-08-29,0.0047683685405074,0.00963584057900584,0.0047976713206934,0.0982919999999999
2014-09-02,0.0048385325405644,0.009618111934438988,0.0047683685405074,0.1009955
2014-09-03,0.005158627800841,0.009596702667839274,0.0048385325405644,0.1010805
2014-09-04,0.0054171667380648,0.009647966055592514,0.005158627800841,0.1042305
2014-09-05,0.0054742921584728,0.009881834812108718,0.0054171667380648,0.0942355
2014-09-08,0.0053205683535894,0.010070729142213146,0.0054742921584728,0.1009845
2014-09-09,0.0053299485491805,0.010112466252049573,0.0053205683535894,0.1094614999999999
2014-09-10,0.0052136061489215,0.010000152201963503,0.0053299485491805,0.106026
2014-09-11,0.00539897926496,0.010007005582662966,0.0052136061489215,0.1043115
2014-09-12,0.0050223883172369,0.00992200322288053,0.00539897926496,0.1127374999999999
2014-09-15,0.0049244299999049,0.010057440967575645,0.0050223883172369,0.119351
2014-09-16,0.0049174799815511,0.009782295198209504,0.0049244299999049,0.1070455
2014-09-17,0.0046338375506821,0.009710724660598113,0.0049174799815511,0.1033155
2014-09-18,0.0043436049708366,0.00970564682174238,0.0046338375506821,0.096596
2014-09-19,0.0043598370073349,0.009498411317707596,0.0043436049708366,0.094902
2014-09-22,0.0042259580531426,0.009286360903433096,0.0043598370073349,0.1104055
2014-09-23,0.0043320046761081,0.009298220392349935,0.0042259580531426,0.120557
2014-09-24,0.0042839235736078,0.009200405434035377,0.0043320046761081,0.1092525
2014-09-25,0.0044349683576181,0.009277885468648366,0.0042839235736078,0.1332935
2014-09-26,0.0042738893487841,0.009242756339763557,0.0044349683576181,0.122541
2014-09-29,0.0045250677834136,0.009353113037279861,0.0042738893487841,0.131463
2014-09-30,0.0047960471952318,0.009235425110678519,0.0045250677834136,0.136377
2014-10-01,0.005689855516907,0.00941894169296008,0.0047960471952318,0.147923
2014-10-02,0.0058148804804595,0.009616925312051008,0.005689855516907,0.1397749999999999
2014-10-03,0.0061253655499874,0.010269961663084089,0.0058148804804595,0.1277785
2014-10-06,0.0060529046932264,0.01036130769780588,0.0061253655499874,0.133208
2014-10-07,0.0071013996450683,0.01058815503401633,0.0060529046932264,0.1530445
2014-10-08,0.0071171741504718,0.010535213511382879,0.0071013996450683,0.1312095
2014-10-09,0.0078183526442694,0.011301267374188883,0.0071171741504718,0.1647334999999999
2014-10-10,0.0083523866815116,0.011312792580654568,0.0078183526442694,0.182855
2014-10-13,0.0093364799966747,0.011825089271016833,0.0083523866815116,0.2084295
2014-10-14,0.0147331224283993,0.012215266483010656,0.0093364799966747,0.200294
2014-10-15,0.0164359373371784,0.012934267069630488,0.0147331224283993,0.208463
2014-10-16,0.0170369832241242,0.016877174733365995,0.0164359373371784,0.210004
2014-10-17,0.0171084831237292,0.01812128939145028,0.0170369832241242,0.180032
2014-10-20,0.0170569688988863,0.018560426959647096,0.0171084831237292,0.1635734999999999
2014-10-21,0.0172994864630604,0.018612666385489286,0.0170569688988863,0.142628
2014-10-22,0.0178878390972422,0.018575028940634605,0.0172994864630604,0.15976
2014-10-23,0.0179377770414192,0.01875221769724951,0.0178878390972422,0.146422
2014-10-24,0.0181110522000518,0.019182081291075393,0.0179377770414192,0.142432
2014-10-27,0.0178476005587451,0.019218567070019944,0.0181110522000518,0.1435055
2014-10-28,0.0180872365533771,0.019345165776447328,0.0178476005587451,0.127889
2014-10-29,0.0184702225407979,0.019152682114860743,0.0180872365533771,0.1288814999999999
2014-10-30,0.0183069236461435,0.01932776553231804,0.0184702225407979,0.1273805
2014-10-31,0.0183061309134284,0.019607583660720927,0.0183069236461435,0.1234215
2014-11-03,0.0185792088847697,0.019488273835888484,0.0183061309134284,0.1289605
2014-11-04,0.0183498528453164,0.019487694647636306,0.0185792088847697,0.1296304999999999
2014-11-05,0.0185922948477495,0.019687211521251902,0.0183498528453164,0.122977
2014-11-06,0.0185513536704601,0.019519638868973097,0.0185922948477495,0.1184305
2014-11-07,0.0181264573050152,0.01969677241848999,0.0185513536704601,0.1121185
2014-11-10,0.0179038449993302,0.019666859878658228,0.0181264573050152,0.107842
2014-11-11,0.017697371565211,0.01935642109068934,0.0179038449993302,0.1094175
2014-11-12,0.0169696985603471,0.01919377556113427,0.017697371565211,0.1103204999999999
2014-11-13,0.0168589522494676,0.019042921452112595,0.0169696985603471,0.1124884999999999
2014-11-14,0.0165476045850974,0.018511267279380156,0.0168589522494676,0.1111125
2014-11-17,0.0166582555241832,0.018430353547662398,0.0165476045850974,0.1134775
2014-11-18,0.0157295452345071,0.018202875980367083,0.0166582555241832,0.110582
2014-11-19,0.0158210387046052,0.018283720031319242,0.0157295452345071,0.112756
2014-11-20,0.0152536838820012,0.017605183521835564,0.0158210387046052,0.1077725
2014-11-21,0.0146574139665263,0.017672030697462923,0.0152536838820012,0.102022
2014-11-24,0.0135941470077299,0.017257508574419888,0.0146574139665263,0.099632
2014-11-25,0.0080803914465802,0.016821860437800693,0.0135941470077299,0.100268
2014-11-26,0.0060743731346329,0.01604501381631806,0.0080803914465802,0.0991565
2014-11-28,0.0053049749123137,0.012016540680832981,0.0060743731346329,0.111412
2014-12-01,0.0051547783755672,0.01055089883484484,0.0053049749123137,0.1194544999999999
2014-12-02,0.0051135685638447,0.00998875928499933,0.0051547783755672,0.11011
2014-12-03,0.0049596194193294,0.009879022335906141,0.0051135685638447,0.1052035
2014-12-04,0.0042712291124146,0.009848913525749188,0.0049596194193294,0.1062645
2014-12-05,0.0043100949105356,0.009736434837488029,0.0042712291124146,0.100698
2014-12-08,0.005196044995792,0.009233481482487222,0.0043100949105356,0.119104
2014-12-09,0.0053282030372818,0.00926187770387992,0.005196044995792,0.1214
2014-12-10,0.0058864865807518,0.009909172651625471,0.0053282030372818,0.156164
2014-12-11,0.005600530408133,0.010005730272629068,0.0058864865807518,0.1595395
2014-12-12,0.0067786435310515,0.010413624716245528,0.005600530408133,0.1790175
2014-12-15,0.0094630482510361,0.010204698740738413,0.0067786435310515,0.1707255
2014-12-16,0.0094662368849143,0.011065454538416538,0.0094630482510361,0.194941
2014-12-17,0.0094463132670748,0.013026740667135025,0.0094662368849143,0.1618804999999999
2014-12-18,0.0094409077515968,0.013029070354364493,0.0094463132670748,0.137303
2014-12-19,0.0093340069325973,0.013014513713552623,0.0094409077515968,0.131866
2014-12-22,0.0093520365153137,0.013010564323042824,0.0093340069325973,0.125898
2014-12-23,0.0093634384079109,0.01293246019370216,0.0093520365153137,0.1238644999999999
2014-12-24,0.0093419850960504,0.012945633010090466,0.0093634384079109,0.1221705
2014-12-26,0.0091390562734296,0.01295396348784054,0.0093419850960504,0.1215985
2014-12-29,0.0090988511844437,0.01293828921836328,0.0091390562734296,0.123442
2014-12-30,0.0092546437357687,0.012790024881782304,0.0090988511844437,0.128993
2014-12-31,0.0098170626850786,0.01276065014452868,0.0092546437357687,0.152296
2015-01-02,0.0098750860264869,0.0092633963066837,0.0098170626850786,0.1419885
2015-01-05,0.0108185604705562,0.010623853612056765,0.0098750860264869,0.167517
2015-01-06,0.0107730198493001,0.010954769181671657,0.0108185604705562,0.178332
2015-01-07,0.0108945436675209,0.010934165879181954,0.0107730198493001,0.164093
2015-01-08,0.0111779152026982,0.010221449701332309,0.0108945436675209,0.144075
2015-01-09,0.0115704500437959,0.010060152842206224,0.0111779152026982,0.1503375
2015-01-12,0.0139495077276445,0.011720113461719127,0.0115704500437959,0.1669365
2015-01-13,0.0152587421697175,0.01272851677984337,0.0139495077276445,0.1734655
2015-01-14,0.0157015815402086,0.015699015241208234,0.0152587421697175,0.1842505
2015-01-15,0.0159889908069365,0.018187867109771577,0.0157015815402086,0.195598
2015-01-16,0.0164532667081411,0.017900424722737514,0.0159889908069365,0.177755
2015-01-20,0.0169466253114561,0.01890776372229087,0.0164532667081411,0.1747635
2015-01-21,0.0173502098938057,0.01892832001892237,0.0169466253114561,0.1620305
2015-01-22,0.0162239290458814,0.01717426474112598,0.0173502098938057,0.139413
2015-01-23,0.0164046304182325,0.017471576031232044,0.0162239290458814,0.142421
2015-01-26,0.0158324118550425,0.01620378037504172,0.0164046304182325,0.1349825
2015-01-27,0.016594054610254,0.01758433366512164,0.0158324118550425,0.156087
2015-01-28,0.0164594068524338,0.018108340001646885,0.016594054610254,0.17532
2015-01-29,0.0139712873547998,0.017853086789252286,0.0164594068524338,0.163839
2015-01-30,0.0149964428409083,0.01848653880819134,0.0139712873547998,0.1900645
2015-02-02,0.0150114302685119,0.014790748725765818,0.0149964428409083,0.167906
2015-02-03,0.0150471577882944,0.015058185671929495,0.0150114302685119,0.1469075
2015-02-04,0.0150841442833776,0.0153203479817737,0.0150471577882944,0.1549315
2015-02-05,0.0155019363421274,0.01480245075781866,0.0150841442833776,0.1439814999999999
2015-02-06,0.0156181066698914,0.014627341312239243,0.0155019363421274,0.156589
2015-02-09,0.0156808836978967,0.015394261348840376,0.0156181066698914,0.1592355
2015-02-10,0.01589694774355,0.015071385286727882,0.0156808836978967,0.145902
2015-02-11,0.0158845037959581,0.014804958899695245,0.01589694774355,0.1475759999999999
2015-02-12,0.0157004676473203,0.013970559925633976,0.0158845037959581,0.13118
2015-02-13,0.0151568089941263,0.013945607142700666,0.0157004676473203,0.1274455
2015-02-17,0.015013222074305,0.013942406218297019,0.0151568089941263,0.1336149999999999
2015-02-18,0.0140534576962702,0.012989620894921188,0.015013222074305,0.1314255
2015-02-19,0.0144588881543229,0.012679438776149625,0.0140534576962702,0.1286385
2015-02-20,0.014416038425738,0.012286040973835927,0.0144588881543229,0.121668
2015-02-23,0.0141508320754804,0.0126452137069048,0.014416038425738,0.122419
2015-02-24,0.0138304424774503,0.012337422165385225,0.0141508320754804,0.1141635
2015-02-25,0.0115218791039392,0.012450885617186042,0.0138304424774503,0.1138085
2015-02-26,0.0101268542781082,0.01206448591494317,0.0115218791039392,0.1159014999999999
2015-02-27,0.0096391745897431,0.00974710704646944,0.0101268542781082,0.1152105
2015-03-02,0.0096218940505626,0.008738859139210494,0.0096391745897431,0.108444
2015-03-03,0.0093253247939429,0.00846872872317526,0.0096218940505626,0.116553
2015-03-04,0.0088327140044199,0.008876507895021557,0.0093253247939429,0.1201629999999999
2015-03-05,0.0084164004597677,0.00864287057728996,0.0088327140044199,0.118557
2015-03-06,0.0084738908759566,0.009395684044122717,0.0084164004597677,0.136579
2015-03-09,0.0081610314621156,0.008812195250725043,0.0084738908759566,0.1307515
2015-03-10,0.0077233683027809,0.009783456180625632,0.0081610314621156,0.147084
2015-03-11,0.0068688503811394,0.009520672927328807,0.0077233683027809,0.1517589999999999
2015-03-12,0.0063922048206781,0.008742227574866604,0.0068688503811394,0.1375704999999999
2015-03-13,0.0060829760929182,0.007386883243629067,0.0063922048206781,0.144098
2015-03-16,0.0049905441070067,0.007194949368721074,0.0060829760929182,0.139216
2015-03-17,0.0063212516507691,0.007449667246879772,0.0049905441070067,0.1430145
2015-03-18,0.0061421840715854,0.00542846182267576,0.0063212516507691,0.1250845
2015-03-19,0.0063611327055056,0.006074002049345715,0.0061421840715854,0.1250055
2015-03-20,0.0060243431031113,0.004885476743858447,0.0063611327055056,0.112877
2015-03-23,0.0059739016723667,0.005554476584792051,0.0060243431031113,0.1148665
2015-03-24,0.0061513549997096,0.005511630115299013,0.0059739016723667,0.120932
2015-03-25,0.0063473956131887,0.006668616016996342,0.0061513549997096,0.1398475
2015-03-26,0.0064160259659928,0.007076342306964616,0.0063473956131887,0.1427405
2015-03-27,0.00650573727806,0.007058918038058503,0.0064160259659928,0.1377689999999999
2015-03-30,0.0063905432577342,0.00701496357953057,0.00650573727806,0.127351
2015-03-31,0.0067211096273161,0.007448680066064193,0.0063905432577342,0.137957
2015-04-01,0.0067635084189742,0.006982567033342987,0.0067211096273161,0.1406935
2015-04-02,0.0068449709949256,0.007142276405647966,0.0067635084189742,0.1320934999999999
2015-04-06,0.0069959173609208,0.007600747864785292,0.0068449709949256,0.1330239999999999
2015-04-07,0.0070478717190097,0.007395274384888762,0.0069959173609208,0.1332195
2015-04-08,0.0072401057120128,0.0071910338997047355,0.0070478717190097,0.1276065
2015-04-09,0.0071178183328751,0.006578950113470134,0.0072401057120128,0.1179415
2015-04-10,0.0072431830049617,0.005930012905626177,0.0071178183328751,0.112304
2015-04-13,0.0074754065600177,0.0064473497716275845,0.0072431830049617,0.1266745
2015-04-14,0.0073003376992649,0.006477034475136817,0.0074754065600177,0.1243259999999999
2015-04-15,0.0070005463127583,0.006227210168976267,0.0073003376992649,0.1149075
2015-04-16,0.0074445160300593,0.006388736727264128,0.0070005463127583,0.114134
2015-04-17,0.0073170231295461,0.006939225987746963,0.0074445160300593,0.126746
2015-04-20,0.0074344289838593,0.007311519257848851,0.0073170231295461,0.115436
2015-04-21,0.0077124072138501,0.007321180015373428,0.0074344289838593,0.1166475
2015-04-22,0.0078630555112591,0.007158753822676186,0.0077124072138501,0.1111804999999999
2015-04-23,0.0078891163903968,0.0076246202157556914,0.0078630555112591,0.1096885
2015-04-24,0.0075714519812924,0.007365680480773202,0.0078891163903968,0.107621
2015-04-27,0.008087492210976,0.008115653571837385,0.0075714519812924,0.117867
2015-04-28,0.0080932023140493,0.007556530541227902,0.008087492210976,0.1126165
2015-04-29,0.0071743091446549,0.008385759211174718,0.0080932023140493,0.117667
2015-04-30,0.00708540538113,0.009340177428726148,0.0071743091446549,0.133757
2015-05-01,0.006955246390057,0.007071318268131422,0.00708540538113,0.1147074999999999
2015-05-04,0.0069934390283092,0.007006333867783782,0.006955246390057,0.1151705
2015-05-05,0.0076866530706746,0.008192698770418205,0.0069934390283092,0.131015
2015-05-06,0.0076306347825493,0.008729966202878968,0.0076866530706746,0.1374645
2015-05-07,0.0072422604773932,0.009103288566598073,0.0076306347825493,0.1358265
2015-05-08,0.007236891497228,0.006847699402634482,0.0072422604773932,0.112785
2015-05-11,0.007579467554984,0.007029450987568263,0.007236891497228,0.1224065
2015-05-12,0.0078025703665716,0.007473215428624324,0.007579467554984,0.1253925
2015-05-13,0.0073837354043517,0.007666820848657224,0.0078025703665716,0.1242979999999999
2015-05-14,0.0072703649664636,0.006865242336925127,0.0073837354043517,0.1138214999999999
2015-05-15,0.0066724284663466,0.006142827534090954,0.0072703649664636,0.109897
2015-05-18,0.0065000957464366,0.006131705927134195,0.0066724284663466,0.1111834999999999
2015-05-19,0.006493963082846,0.005620623368036584,0.0065000957464366,0.1118315
2015-05-20,0.006309126376266,0.005069343987374953,0.006493963082846,0.111835
2015-05-21,0.0063176742352834,0.005108335268878758,0.006309126376266,0.107498
2015-05-22,0.0064017587338997,0.004910011396637142,0.0063176742352834,0.10802
2015-05-26,0.0062567215238184,0.006556336110883932,0.0064017587338997,0.125222
2015-05-27,0.0062558014889533,0.0059526364447294,0.0062567215238184,0.113376
2015-05-28,0.0062104680395109,0.006011622089102886,0.0062558014889533,0.11596
2015-05-29,0.0059473841361744,0.006612810723496678,0.0062104680395109,0.121875
2015-06-01,0.0061448479580606,0.006633004314573395,0.0059473841361744,0.1229865
2015-06-02,0.00611285026642,0.006576422189008193,0.0061448479580606,0.1245235
2015-06-03,0.0059474443015191,0.006511117556317751,0.00611285026642,0.120516
2015-06-04,0.0059065026047544,0.007713234847204821,0.0059474443015191,0.1338425
2015-06-05,0.0058794513024091,0.00663490335621998,0.0059065026047544,0.128693
2015-06-08,0.0058029626012439,0.007589030443303363,0.0058794513024091,0.1382415
2015-06-09,0.0054477060721659,0.007192920594848471,0.0058029626012439,0.133018
2015-06-10,0.0052645246816082,0.00665960879969142,0.0054477060721659,0.12067
2015-06-11,0.0049232984830248,0.005871952416692274,0.0052645246816082,0.1160625
2015-06-12,0.00535541831245,0.006301594813546479,0.0049232984830248,0.1244204999999999
2015-06-15,0.005312681869198,0.006434945125788157,0.00535541831245,0.139015
2015-06-16,0.005441970174982,0.006948871973315866,0.005312681869198,0.134309
2015-06-17,0.0048893983452749,0.006371130504828518,0.005441970174982,0.1294305
2015-06-18,0.0046661264915225,0.005860764602477399,0.0048893983452749,0.117702
2015-06-19,0.0048181378912275,0.005655279157372213,0.0046661264915225,0.1223414999999999
2015-06-22,0.0048140480259811,0.0051274767242479175,0.0048181378912275,0.1125895
2015-06-23,0.004384706265781,0.0050783399752373625,0.0048140480259811,0.107479
2015-06-24,0.0042988686391555,0.00612659569939736,0.004384706265781,0.1172604999999999
2015-06-25,0.0044581266111493,0.005955584297734729,0.0042988686391555,0.124022
2015-06-26,0.0044780814677438,0.00557985350677925,0.0044581266111493,0.124744
2015-06-29,0.0047584849409196,0.008562500008752373,0.0044780814677438,0.166752
2015-06-30,0.0048582060647537,0.007883642565492358,0.0047584849409196,0.157339
2015-07-01,0.0049046520199502,0.007398600010823786,0.0048582060647537,0.1436795
2015-07-02,0.0052176826082694,0.007708781669360952,0.0049046520199502,0.149945
2015-07-06,0.0071481386610964,0.006981118347372585,0.0052176826082694,0.156853
2015-07-07,0.0070324503879523,0.00706627786568452,0.0071481386610964,0.145346
2015-07-08,0.0080381406591125,0.010987633831765039,0.0070324503879523,0.173558
2015-07-09,0.0081602285786758,0.010893393427499207,0.0080381406591125,0.1713905
2015-07-10,0.0081280627641456,0.009828013926773814,0.0081602285786758,0.1477014999999999
2015-07-13,0.0079772049814623,0.00840162668707576,0.0081280627641456,0.1235219999999999
2015-07-14,0.0077716186941269,0.0076218934800045615,0.0079772049814623,0.117018
2015-07-15,0.0076003824983012,0.008037966214916132,0.0077716186941269,0.1196734999999999
2015-07-16,0.0075838550846211,0.006635167470667806,0.0076003824983012,0.1051005
2015-07-17,0.0074399229677272,0.006141274007117064,0.0075838550846211,0.102781
2015-07-20,0.0075206475573628,0.006901212942659437,0.0074399229677272,0.1061045
2015-07-21,0.0074096019319028,0.006699144290090948,0.0075206475573628,0.1077455
2015-07-22,0.0074165074574772,0.006967400034113551,0.0074096019319028,0.105596
2015-07-23,0.0076286823601366,0.007318277359224586,0.0074165074574772,0.1138645
2015-07-24,0.0076617975043421,0.0077289077475155045,0.0076286823601366,0.1257194999999999
2015-07-27,0.0074155203948793,0.00932136290780059,0.0076617975043421,0.1419275
2015-07-28,0.0074066879575878,0.008142131437305194,0.0074155203948793,0.1180045
2015-07-29,0.0074237736050559,0.007261256734027097,0.0074066879575878,0.108095
2015-07-30,0.0072537831907208,0.006889710424873076,0.0074237736050559,0.1059104999999999
2015-07-31,0.0075999801015624,0.006755876746717,0.0072537831907208,0.1078105
2015-08-03,0.0075397708199679,0.007264043098406482,0.0075999801015624,0.111626
2015-08-04,0.0079013981660788,0.007624007387548091,0.0075397708199679,0.1122965
2015-08-05,0.00834535133777,0.007325878405446837,0.0079013981660788,0.109296
2015-08-06,0.0084570888446722,0.0085751342443925,0.00834535133777,0.1225535
2015-08-07,0.0083383947562751,0.008843370427587734,0.0084570888446722,0.1238094999999999
2015-08-10,0.0086392008291973,0.008016892996081182,0.0083383947562751,0.1113925
2015-08-11,0.0102682476771972,0.009109960981641756,0.0086392008291973,0.1265315
2015-08-12,0.0103062856641142,0.009434920500648128,0.0102682476771972,0.1282465
2015-08-13,0.0101845426642571,0.010556769671973661,0.0103062856641142,0.126273
2015-08-14,0.0102522232240081,0.009609162611935961,0.0101845426642571,0.1207165
2015-08-17,0.0083617211975638,0.008695085115264125,0.0102522232240081,0.118204
2015-08-18,0.0086881294115707,0.008833885635190044,0.0083617211975638,0.122538
2015-08-19,0.0075744617434236,0.007727360184751298,0.0086881294115707,0.1320934999999999
2015-08-20,0.0073125369800077,0.009918993585222437,0.0075744617434236,0.1673125
2015-08-21,0.0132672468947807,0.01377024658538431,0.0073125369800077,0.2248035
2015-08-24,0.022406633935213,0.01852497376040396,0.0132672468947807,0.316221
2015-08-25,0.0226923166807429,0.023013033870375704,0.022406633935213,0.303377
2015-08-26,0.0228841350230016,0.029020142828993768,0.0226923166807429,0.2465915
2015-08-27,0.0231788017008787,0.026192025559908856,0.0228841350230016,0.221814
2015-08-28,0.0233787764618833,0.025118056218086902,0.0231788017008787,0.224236
2015-08-31,0.0249182042714958,0.024393871012745025,0.0233787764618833,0.2303919999999999
2015-09-01,0.0248552685816651,0.025700718661499474,0.0249182042714958,0.270738
2015-09-02,0.026023388873797,0.024770721508321436,0.0248552685816651,0.2257615
2015-09-03,0.0265405384795347,0.025485416186609947,0.026023388873797,0.2177295
2015-09-04,0.0265171424897865,0.026953533986691335,0.0265405384795347,0.2389325
2015-09-08,0.0283637275314649,0.028360513424682928,0.0265171424897865,0.210566
2015-09-09,0.029109809079852,0.027816662557961055,0.0283637275314649,0.226742
2015-09-10,0.0293834228313252,0.02929904610673205,0.029109809079852,0.214017
2015-09-11,0.0294547058870576,0.029551680553669593,0.0293834228313252,0.205001
2015-09-14,0.0294342092738683,0.030820914200061847,0.0294547058870576,0.211313
2015-09-15,0.0293500952654176,0.029790854616698618,0.0294342092738683,0.1971835
2015-09-16,0.0306235058874236,0.029930805340814055,0.0293500952654176,0.184413
2015-09-17,0.0304961062482044,0.029278617423064753,0.0306235058874236,0.1822524999999999
2015-09-18,0.0308565593358424,0.03043220874523476,0.0304961062482044,0.201307
2015-09-21,0.0317723248860736,0.029847719682068584,0.0308565593358424,0.182265
2015-09-22,0.031686893615322,0.031363200119901236,0.0317723248860736,0.1984105
2015-09-23,0.0311053335328589,0.031969974925822486,0.031686893615322,0.1919719999999999
2015-09-24,0.0320367050238228,0.0326620987548321,0.0311053335328589,0.2020025
2015-09-25,0.0322668354899181,0.031072995856902787,0.0320367050238228,0.2017344999999999
2015-09-28,0.0327175968296796,0.03459387481308224,0.0322668354899181,0.238307
2015-09-29,0.0326958233633391,0.03414853185258479,0.0327175968296796,0.2301155
2015-09-30,0.0333022860360834,0.03404209174678992,0.0326958233633391,0.210832
2015-10-01,0.0370094821100676,0.032658395755005024,0.0333022860360834,0.202888
2015-10-02,0.0371677571293105,0.03238399502570442,0.0370094821100676,0.1893455
2015-10-05,0.0315442951480097,0.035710942846702204,0.0371677571293105,0.1720825
2015-10-06,0.0227711522866445,0.03553833181208318,0.0315442951480097,0.172207
2015-10-07,0.022747396585006,0.029512808276328115,0.0227711522866445,0.1637755
2015-10-08,0.0227159894612528,0.02109009532082897,0.022747396585006,0.154419
2015-10-09,0.0224057446706502,0.020183746670963742,0.0227159894612528,0.1477615
2015-10-12,0.0224637568291257,0.020600639816380634,0.0224057446706502,0.1435635
2015-10-13,0.0211063599082155,0.020672560256093882,0.0224637568291257,0.1531799999999999
2015-10-14,0.0211193201955527,0.021107333708749336,0.0211063599082155,0.15772
2015-10-15,0.0198817129945341,0.018859453267534968,0.0211193201955527,0.1411629999999999
2015-10-16,0.0192733093843653,0.018915368747150777,0.0198817129945341,0.1329925
2015-10-19,0.0193347412242582,0.01848918787849075,0.0192733093843653,0.1284055
2015-10-20,0.0175291632912327,0.018136682987953217,0.0193347412242582,0.133394
2015-10-21,0.0168846388140719,0.0190256478855092,0.0175291632912327,0.1447
2015-10-22,0.0164845161567647,0.0165351250571242,0.0168846388140719,0.1299739999999999
2015-10-23,0.0164079142898859,0.015529334425693393,0.0164845161567647,0.12348
2015-10-26,0.0162098939093506,0.015945266482684878,0.0164079142898859,0.1329604999999999
2015-10-27,0.0163069556721804,0.016537405314054628,0.0162098939093506,0.1363504999999999
2015-10-28,0.0147107569080825,0.01584203958077226,0.0163069556721804,0.1252365
2015-10-29,0.0144511979700594,0.01587481591172665,0.0147107569080825,0.127517
2015-10-30,0.0139176932418829,0.014047518861563248,0.0144511979700594,0.128432
2015-11-02,0.0132417085565634,0.01375807848323218,0.0139176932418829,0.118344
2015-11-03,0.0131742550014682,0.013534459817131372,0.0132417085565634,0.1220489999999999
2015-11-04,0.0120984940045716,0.013235231045733237,0.0131742550014682,0.1292565
2015-11-05,0.0114227825271644,0.012946738092058018,0.0120984940045716,0.1276295
2015-11-06,0.0116538053722319,0.011278488709662261,0.0114227825271644,0.121626
2015-11-09,0.0108961022139165,0.01173558708449935,0.0116538053722319,0.1396375
2015-11-10,0.0109418346433658,0.011532092938438782,0.0108961022139165,0.1345885
2015-11-11,0.0098926238306731,0.010635911659135616,0.0109418346433658,0.138546
2015-11-12,0.0062291836006829,0.011365812491643307,0.0098926238306731,0.157195
2015-11-13,0.0062583976846033,0.010427048486794321,0.0062291836006829,0.174653
2015-11-16,0.0063545668803346,0.005516046570357707,0.0062583976846033,0.1561405
2015-11-17,0.0059959311753267,0.005622683971788221,0.0063545668803346,0.1624995
2015-11-18,0.0056642638745403,0.004455963293325951,0.0059959311753267,0.1429845
2015-11-19,0.0057162309877302,0.0039142579690308425,0.0056642638745403,0.1454235
2015-11-20,0.0058237296812099,0.003522417574631412,0.0057162309877302,0.136012
2015-11-23,0.0060987512564704,0.004948416059346459,0.0058237296812099,0.1341325
2015-11-24,0.0058581549826014,0.005436437777033185,0.0060987512564704,0.1335405
2015-11-25,0.0059229816108428,0.005945054172768843,0.0058581549826014,0.129707
2015-11-27,0.0058873088858831,0.005687214950373625,0.0059229816108428,0.1336224999999999
2015-11-30,0.0056933313836372,0.006807562864939096,0.0058873088858831,0.1412735
2015-12-01,0.0057718444854465,0.0058703434785503834,0.0056933313836372,0.1272325
2015-12-02,0.0063917127724157,0.006788110957194149,0.0057718444854465,0.1420394999999999
2015-12-03,0.0063842657943254,0.007864537814236964,0.0063917127724157,0.161159
2015-12-04,0.0066654164080113,0.006396492103548356,0.0063842657943254,0.130975
2015-12-07,0.0070661012730073,0.007444297801518276,0.0066654164080113,0.1414925
2015-12-08,0.0086943865544212,0.008403162482225963,0.0070661012730073,0.151887
2015-12-09,0.0091468379870843,0.010178236326237591,0.0086943865544212,0.1675154999999999
2015-12-10,0.009329967021331,0.01084928103109238,0.0091468379870843,0.1660984999999999
2015-12-11,0.0104521230452735,0.014060255513829379,0.009329967021331,0.2043255
2015-12-14,0.0108979759563777,0.013419920471614836,0.0104521230452735,0.1884015
2015-12-15,0.0110694363084435,0.013586242110505149,0.0108979759563777,0.1778934999999999
2015-12-16,0.0110306694341403,0.01256357492684584,0.0110694363084435,0.1546495
2015-12-17,0.0107385938420471,0.012130866990204792,0.0110306694341403,0.16362
2015-12-18,0.0104630385359593,0.011585158869763086,0.0107385938420471,0.178079
2015-12-21,0.0101820597356571,0.011042351354344362,0.0104630385359593,0.1685769999999999
2015-12-22,0.0100340284202631,0.010073707428187754,0.0101820597356571,0.1530375
2015-12-23,0.01001954754457,0.009267946695025812,0.0100340284202631,0.138938
2015-12-24,0.0103364933385197,0.009200417762957352,0.01001954754457,0.141432
2015-12-28,0.0104239031768837,0.01013439549367552,0.0103364933385197,0.1495469999999999
2015-12-29,0.0102784521960692,0.010049483644026665,0.0104239031768837,0.1392335
2015-12-30,0.0098916301163885,0.010342217293351896,0.0102784521960692,0.146593
2015-12-31,0.0121063053464597,0.01102190093623417,0.0098916301163885,0.1564775
2016-01-04,0.0123976465634557,0.012227004850084976,0.0121063053464597,0.182589
2016-01-05,0.0128862831311194,0.013821424557453022,0.0123976465634557,0.1722175
2016-01-06,0.0131085942003402,0.014471863347728525,0.0128862831311194,0.1834095
2016-01-07,0.0136087182284807,0.016109921546068176,0.0131085942003402,0.213963
2016-01-08,0.0151148238930369,0.015991530406653576,0.0136087182284807,0.228461
2016-01-11,0.0162740627070369,0.015239486161660404,0.0151148238930369,0.203622
2016-01-12,0.0177286764353629,0.016543148997315647,0.0162740627070369,0.1912845
2016-01-13,0.0202980035693385,0.018636570297611097,0.0177286764353629,0.2168915
2016-01-14,0.0232162449955542,0.019835041767596512,0.0202980035693385,0.207136
2016-01-15,0.0239290460854901,0.023610197909716205,0.0232162449955542,0.2315849999999999
2016-01-19,0.0307704331341985,0.026816568106973727,0.0239290460854901,0.2210705
2016-01-20,0.0323154310813226,0.028873658638778412,0.0307704331341985,0.235299
2016-01-21,0.0319789612867393,0.03408541334800895,0.0323154310813226,0.2290795
2016-01-22,0.0302781878195111,0.03300609060722173,0.0319789612867393,0.1948214999999999
2016-01-25,0.0298476689970748,0.03369442335773851,0.0302781878195111,0.213493
2016-01-26,0.0314294133472918,0.03165486831947999,0.0298476689970748,0.2002705
2016-01-27,0.0311445600492033,0.031355672867938604,0.0314294133472918,0.2097185
2016-01-28,0.0305944529452869,0.03222296752934881,0.0311445600492033,0.1979375
2016-01-29,0.0310239812278834,0.030516814206255533,0.0305944529452869,0.1801225
2016-02-01,0.031335101325158,0.03012352248189258,0.0310239812278834,0.1789615
2016-02-02,0.0347386797179395,0.03136844226053757,0.031335101325158,0.199803
2016-02-03,0.0353654010943013,0.03168235909691715,0.0347386797179395,0.198461
2016-02-04,0.0358226974406984,0.03446357434122125,0.0353654010943013,0.1982265
2016-02-05,0.0385615123153646,0.035421450848049804,0.0358226974406984,0.216678
2016-02-08,0.039840893528489,0.03659271845627739,0.0385615123153646,0.239881
2016-02-09,0.0412870451248968,0.03948695112440548,0.039840893528489,0.2419125
2016-02-10,0.0429241151454399,0.03998902176960768,0.0412870451248968,0.2399164999999999
2016-02-11,0.0428820770230911,0.04168558555471068,0.0429241151454399,0.254851
2016-02-12,0.0428100988144133,0.04092142292453069,0.0428820770230911,0.2300805
2016-02-16,0.0407659534744244,0.0403100658484913,0.0428100988144133,0.2143965
2016-02-17,0.0405634723399068,0.03997075378868764,0.0407659534744244,0.1992355
2016-02-18,0.0403876010644048,0.03766984624322953,0.0405634723399068,0.195161
2016-02-19,0.0400368930347005,0.03700308926514487,0.0403876010644048,0.186497
2016-02-22,0.0390211432256347,0.03765791057670631,0.0400368930347005,0.1728575
2016-02-23,0.0399252534959412,0.03809056989856148,0.0390211432256347,0.1889044999999999
2016-02-24,0.0390719422461387,0.03731800410194913,0.0399252534959412,0.1894205
2016-02-25,0.0378515438916207,0.03738072309343418,0.0390719422461387,0.1751424999999999
2016-02-26,0.0359092852534301,0.036470477598992274,0.0378515438916207,0.1776255
2016-02-29,0.0327558041276666,0.03599886573210022,0.0359092852534301,0.186218
2016-03-01,0.0314891876435569,0.03351178670530583,0.0327558041276666,0.1615595
2016-03-02,0.024762083708914,0.0298925422237541,0.0314891876435569,0.15208
2016-03-03,0.0232345892080838,0.0292893664079682,0.024762083708914,0.150616
2016-03-04,0.0233593724557851,0.02304326396339702,0.0232345892080838,0.150745
2016-03-07,0.0233557875712122,0.02234936560637361,0.0233593724557851,0.155749
2016-03-08,0.0232681641729554,0.022798376936302725,0.0233557875712122,0.168802
2016-03-09,0.0228100388611095,0.022688060574350154,0.0232681641729554,0.1668325
2016-03-10,0.0218812934576005,0.02197942290746192,0.0228100388611095,0.1629605
2016-03-11,0.0220482644598675,0.020592172809256525,0.0218812934576005,0.1459349999999999
2016-03-14,0.0213764123284996,0.020021993901830598,0.0220482644598675,0.1462685
2016-03-15,0.0211974220739212,0.020464904089568088,0.0213764123284996,0.1499935
2016-03-16,0.0181605507472573,0.01928201756920926,0.0211974220739212,0.1366795
2016-03-17,0.0174133740483694,0.018683300190744195,0.0181605507472573,0.1302555
2016-03-18,0.0168141550183884,0.01569304732435846,0.0174133740483694,0.1259575
2016-03-21,0.0143132114564027,0.015170243509617317,0.0168141550183884,0.1240245
2016-03-22,0.0130154019483779,0.014734007292726684,0.0143132114564027,0.126542
2016-03-23,0.0115109005248742,0.012381934623078876,0.0130154019483779,0.134232
2016-03-24,0.0098581255156927,0.0108854313648644,0.0115109005248742,0.1342815
2016-03-28,0.0102965830921711,0.010110329808479764,0.0098581255156927,0.1373315
2016-03-29,0.0105121655169467,0.008140427734064641,0.0102965830921711,0.12203
2016-03-30,0.0103276323052254,0.008638037191640862,0.0105121655169467,0.1177435
2016-03-31,0.0109900934095843,0.009062491087094811,0.0103276323052254,0.122907
2016-04-01,0.0105487932508397,0.008596777574286034,0.0109900934095843,0.1142055
2016-04-04,0.0105934341327233,0.009802021502539716,0.0105487932508397,0.1252265
2016-04-05,0.0106435714738535,0.010081611554438265,0.0105934341327233,0.139624
2016-04-06,0.0086658454640509,0.009464427200147372,0.0106435714738535,0.1241795
2016-04-07,0.0087158986609043,0.01030439061202978,0.0086658454640509,0.1445385
2016-04-08,0.0089390434017079,0.007760084335974868,0.0087158986609043,0.13656
2016-04-11,0.0085993677196484,0.008440541398311257,0.0089390434017079,0.1424585
2016-04-12,0.0086248691596266,0.008343788488954475,0.0085993677196484,0.1311554999999999
2016-04-13,0.00841851042411,0.007697144822894155,0.0086248691596266,0.1196385
2016-04-14,0.0081907448041762,0.0077976559560819225,0.00841851042411,0.1195955
2016-04-15,0.0079165785476508,0.007823348690485005,0.0081907448041762,0.119559
2016-04-18,0.0077749016856296,0.007799257786630433,0.0079165785476508,0.115543
2016-04-19,0.007915168797228,0.007586918261790473,0.0077749016856296,0.115134
2016-04-20,0.0079176595146856,0.007411182992168931,0.007915168797228,0.1156705
2016-04-21,0.0067320927266408,0.007597292833579978,0.0079176595146856,0.120171
2016-04-22,0.006957393783238,0.007182295708728661,0.0067320927266408,0.1160375
2016-04-25,0.0069059736915303,0.00672129718859598,0.006957393783238,0.1237645
2016-04-26,0.0069990358620828,0.007085515264976949,0.0069059736915303,0.1221105
2016-04-27,0.0072103066615774,0.006760362990522862,0.0069990358620828,0.1202165
2016-04-28,0.0073486924525947,0.007268513731741817,0.0072103066615774,0.133927
2016-04-29,0.0073810719579301,0.007382490139458721,0.0073486924525947,0.1381915
2016-05-02,0.0076460702052077,0.007239718654294352,0.0073810719579301,0.1264165
2016-05-03,0.0075526739301827,0.007803755750039521,0.0076460702052077,0.1372805
2016-05-04,0.0077101993377089,0.008197437716934222,0.0075526739301827,0.143658
2016-05-05,0.0077419730594359,0.008036117856816438,0.0077101993377089,0.1425925
2016-05-06,0.0077259597622698,0.00771198583900809,0.0077419730594359,0.1335125
2016-05-09,0.0073082453062042,0.007953037903801977,0.0077259597622698,0.133064
2016-05-10,0.0070817879302149,0.007438134574659647,0.0073082453062042,0.121057
2016-05-11,0.0074238689081672,0.0072685647713903664,0.0070817879302149,0.13187
2016-05-12,0.0069225999735005,0.006890604110386516,0.0074238689081672,0.1311385
2016-05-13,0.0070962549756287,0.007253589106584789,0.0069225999735005,0.1388404999999999
2016-05-16,0.0073256164245039,0.006361833416748229,0.0070962549756287,0.1339084999999999
2016-05-17,0.0078623516170076,0.0070451791630144305,0.0073256164245039,0.1444405
2016-05-18,0.0079106561813901,0.00712884858467043,0.0078623516170076,0.1459465
2016-05-19,0.0076712616360349,0.007336530878259494,0.0079106561813901,0.14961
2016-05-20,0.0071982908608731,0.0065198443063030406,0.0076712616360349,0.1386585
2016-05-23,0.0070728861604145,0.006662461671749597,0.0071982908608731,0.142598
2016-05-24,0.0071747268356748,0.005998247927070585,0.0070728861604145,0.1264334999999999
2016-05-25,0.0071317807760817,0.005860212633405679,0.0071747268356748,0.1194505
2016-05-26,0.0070728822771626,0.00578459672167192,0.0071317807760817,0.1182975
2016-05-27,0.007079091294434,0.005506747807525525,0.0070728822771626,0.112741
2016-05-31,0.0072170440788576,0.006211228539024888,0.007079091294434,0.120486
2016-06-01,0.0072916808075515,0.006280084218623638,0.0072170440788576,0.1207215
2016-06-02,0.0076688527315025,0.00635872019611931,0.0072916808075515,0.116759
2016-06-03,0.0075413161807784,0.006068849216619673,0.0076688527315025,0.115516
2016-06-06,0.0074260551165656,0.006788801342309664,0.0075413161807784,0.1170715
2016-06-07,0.0073314928747611,0.0067348316358558525,0.0074260551165656,0.1180384999999999
2016-06-08,0.0071388362841332,0.006335026161107059,0.0073314928747611,0.1180435
2016-06-09,0.0068327643670609,0.00651620430487213,0.0071388362841332,0.122597
2016-06-10,0.0065439265013015,0.007059366271930425,0.0068327643670609,0.1431165
2016-06-13,0.0067793348247341,0.008425998025171072,0.0065439265013015,0.171033
2016-06-14,0.0066531908504913,0.008506665749362624,0.0067793348247341,0.1705635
2016-06-15,0.0074043569582855,0.008991053266094881,0.0066531908504913,0.168513
2016-06-16,0.0074482813807578,0.00882049408817577,0.0074043569582855,0.1610905
2016-06-17,0.0079811129883593,0.009892817720542695,0.0074482813807578,0.162852
2016-06-20,0.0079838251128894,0.010504061633047406,0.0079811129883593,0.153309
2016-06-21,0.0082466000385401,0.01120403662278633,0.0079838251128894,0.154753
2016-06-22,0.0082466000385401,0.0129538211189851,0.0082466000385401,0.1768365
2016-06-23,0.0084973866776927,0.010600965685528438,0.0082466000385401,0.1411035
2016-06-24,0.0089284075104317,0.011900959129783902,0.0084973866776927,0.200821
2016-06-27,0.0086675419648848,0.010673613648574741,0.0089284075104317,0.199784
2016-06-28,0.0084754978213938,0.01004750096801611,0.0086675419648848,0.1620855
2016-06-29,0.0079754515119685,0.009045094874400462,0.0084754978213938,0.1428905
2016-06-30,0.0075666205849826,0.008241465898327008,0.0079754515119685,0.13139
2016-07-01,0.0075792192646819,0.007118690448757696,0.0075666205849826,0.122293
2016-07-05,0.008070069561285,0.007681335946335757,0.0075792192646819,0.1334834999999999
2016-07-06,0.0082426840425433,0.007472797077885132,0.008070069561285,0.128282
2016-07-07,0.0081986367814347,0.007786810805987636,0.0082426840425433,0.126024
2016-07-08,0.008276288893739,0.007396309701494566,0.0081986367814347,0.107979
2016-07-11,0.008370428785214,0.007606136479409642,0.008276288893739,0.1119375
2016-07-12,0.0082515486876091,0.0077111179879714095,0.008370428785214,0.1089035
2016-07-13,0.0080921976802407,0.007544720414144486,0.0082515486876091,0.10611
2016-07-14,0.0079526249741352,0.007238083711118001,0.0080921976802407,0.104775
2016-07-15,0.0075067516809009,0.006831153999849489,0.0079526249741352,0.1029509999999999
2016-07-18,0.0074555800398374,0.007079991821164767,0.0075067516809009,0.1043045
2016-07-19,0.0073971014502844,0.006883355546623322,0.0074555800398374,0.1025145
2016-07-20,0.0075316031027179,0.00658966741400456,0.0073971014502844,0.100046
2016-07-21,0.0074772660009094,0.006772800449035603,0.0075316031027179,0.1075175
2016-07-22,0.0073856817596327,0.006376738460744824,0.0074772660009094,0.100601
2016-07-25,0.0073144631935245,0.006909552790990491,0.0073856817596327,0.10873
2016-07-26,0.007206457209584,0.006909372293718522,0.0073144631935245,0.1082345
2016-07-27,0.0071100269946877,0.006778974085247894,0.007206457209584,0.105963
2016-07-28,0.006342512717021,0.0068384514404154235,0.0071100269946877,0.1058425
2016-07-29,0.0062152326717722,0.006155277631100652,0.006342512717021,0.098073
2016-08-01,0.005763708830107,0.005771525702882741,0.0062152326717722,0.1036075
2016-08-02,0.0057477634782005,0.005985310613910413,0.005763708830107,0.112874
2016-08-03,0.0055386104316043,0.005204457266173693,0.0057477634782005,0.1062279999999999
2016-08-04,0.0055386104316043,0.005100974358941319,0.0055386104316043,0.103405
2016-08-05,0.0048955884673809,0.004374526339153379,0.0055386104316043,0.0923285
2016-08-08,0.0042349635234158,0.004676354731624567,0.0048955884673809,0.0946385
2016-08-09,0.0043103080641441,0.004239442773822915,0.0042349635234158,0.093915
2016-08-10,0.0042178219141692,0.0036971090976235955,0.0043103080641441,0.0994535
2016-08-11,0.0040811594079169,0.0032889007525722727,0.0042178219141692,0.094883
2016-08-12,0.0040144873319903,0.0029537506342379068,0.0040811594079169,0.093485
2016-08-15,0.003804046929954,0.0027419828247451476,0.0040144873319903,0.095888
2016-08-16,0.0034907415775774,0.0030494334237076565,0.003804046929954,0.104449
2016-08-17,0.003144024409913,0.002946772199157399,0.0034907415775774,0.1006235
2016-08-18,0.0032030272982717,0.0022967422152734597,0.003144024409913,0.0944335
2016-08-19,0.0031591849784261,0.0019914084895655097,0.0032030272982717,0.0929599999999999
2016-08-22,0.0031292620228514,0.0024889340731108593,0.0031591849784261,0.0990865
2016-08-23,0.0031580684797031,0.0025228019761097745,0.0031292620228514,0.0992375
2016-08-24,0.0031371470716075,0.0031526935408588627,0.0031580684797031,0.11209
2016-08-25,0.0036424736932214,0.003051165403397678,0.0031371470716075,0.1145585
2016-08-26,0.0036674056817972,0.0027102841650464594,0.0036424736932214,0.11365
2016-08-29,0.0037475144851314,0.0028182554420203877,0.0036674056817972,0.1063814999999999
2016-08-30,0.0038965335382749,0.002894636497127713,0.0037475144851314,0.108238
2016-08-31,0.0041034626285674,0.0031817724629736067,0.0038965335382749,0.1124749999999999
2016-09-01,0.0041419976379537,0.0034955975107850597,0.0041034626285674,0.1134844999999999
2016-09-02,0.0041363519249579,0.002676442330907247,0.0041419976379537,0.0996485
2016-09-06,0.0040434167833939,0.0033488956431658515,0.0041363519249579,0.1004775
2016-09-07,0.0038708092448963,0.003380444879724928,0.0040434167833939,0.099245
2016-09-08,0.0037201602679165,0.0033988528074360355,0.0038708092448963,0.1013709999999999
2016-09-09,0.0040291196881801,0.005457919202096177,0.0037201602679165,0.1482885
2016-09-12,0.0042813754430733,0.004839291748698514,0.0040291196881801,0.128799
2016-09-13,0.0043668704671105,0.006413241942979644,0.0042813754430733,0.1576035
2016-09-14,0.0046111422564569,0.006380177932759384,0.0043668704671105,0.1557279999999999
2016-09-15,0.0047604974924715,0.005770069542867616,0.0046111422564569,0.1380225
2016-09-16,0.0050620060890636,0.005632631294547599,0.0047604974924715,0.135197
2016-09-19,0.0051218986396683,0.006159974462136201,0.0050620060890636,0.1358935
2016-09-20,0.0053340138298278,0.006725796425429954,0.0051218986396683,0.1386045
2016-09-21,0.0053037414377602,0.005338584756000724,0.0053340138298278,0.117799
2016-09-22,0.0052741353151636,0.004715603389619596,0.0053037414377602,0.104447
2016-09-23,0.005254906743559,0.004849633743330441,0.0052741353151636,0.1076469999999999
2016-09-26,0.0053884401348284,0.00631555036111788,0.005254906743559,0.129735
2016-09-27,0.0057625922076567,0.0054027087753847815,0.0053884401348284,0.115768
2016-09-28,0.0059270684642797,0.005128450664363442,0.0057625922076567,0.1079875
2016-09-29,0.0061462084003619,0.006519192399674169,0.0059270684642797,0.128484
2016-09-30,0.0061151708941368,0.005680213680462799,0.0061462084003619,0.114856
2016-10-03,0.006317113822701,0.006199719608969674,0.0061151708941368,0.120958
2016-10-04,0.0063197140965999,0.0062250423157892785,0.006317113822701,0.126857
2016-10-05,0.0063547444536653,0.005954053097691326,0.0063197140965999,0.119896
2016-10-06,0.0066195711647749,0.005625104211051508,0.0063547444536653,0.1186355
2016-10-07,0.0060608279106124,0.00563438636403492,0.0066195711647749,0.1190525
2016-10-10,0.0064683597822079,0.005648592313581141,0.0060608279106124,0.115053
2016-10-11,0.0064908380363873,0.006144199912296018,0.0064683597822079,0.1356035
2016-10-12,0.0068787670188898,0.006270134065825302,0.0064908380363873,0.1342995
2016-10-13,0.0067983798808903,0.006269431920851392,0.0068787670188898,0.143562
2016-10-14,0.0067679917284584,0.006154981891702677,0.0067983798808903,0.137811
2016-10-17,0.0067106602441372,0.0063753595346656144,0.0067679917284584,0.143936
2016-10-18,0.00671400196453,0.005869168304912504,0.0067106602441372,0.133106
2016-10-19,0.0068460486748785,0.005785557706464134,0.00671400196453,0.1270835
2016-10-20,0.0070451678873667,0.0055659910032597355,0.0068460486748785,0.121528
2016-10-21,0.0066406911074947,0.005577550398429755,0.0070451678873667,0.1189335
2016-10-24,0.0063064937723116,0.006188683309765004,0.0066406911074947,0.1146175
2016-10-25,0.0060116367547667,0.006235300104579709,0.0063064937723116,0.1223515
2016-10-26,0.0057713355989594,0.006225751910412459,0.0060116367547667,0.1289835
2016-10-27,0.0059403892153172,0.006355969207267489,0.0057713355989594,0.135421
2016-10-28,0.0056893632918302,0.00708486478573569,0.0059403892153172,0.1443829999999999
2016-10-31,0.0064934044687849,0.009094847319022078,0.0056893632918302,0.1507465
2016-11-01,0.0063815620622111,0.009761074892320124,0.0064934044687849,0.162362
2016-11-02,0.0065257698142547,0.010553020891192354,0.0063815620622111,0.1676045
2016-11-03,0.0069137883630009,0.011305618395364005,0.0065257698142547,0.184629
2016-11-04,0.0069158247057176,0.011955252007362721,0.0069137883630009,0.1914785
2016-11-07,0.0071484417364469,0.011260091292139281,0.0069158247057176,0.1570345
2016-11-08,0.0076826231670144,0.01076092489791201,0.0071484417364469,0.15033
2016-11-09,0.0081518028674712,0.007777409296497884,0.0076826231670144,0.1234815
2016-11-10,0.0081448403108144,0.0075583649082232515,0.0081518028674712,0.1247855
2016-11-11,0.0082464603927043,0.007594301498860671,0.0081448403108144,0.1229845
2016-11-14,0.0080200401606161,0.007301380596660273,0.0082464603927043,0.122447
2016-11-15,0.0080049171031532,0.006744631502722739,0.0080200401606161,0.1142145
2016-11-16,0.0078878533131587,0.005982207862425837,0.0080049171031532,0.11584
2016-11-17,0.0075996061743954,0.005936140827354426,0.0078878533131587,0.112055
2016-11-18,0.0075127569698991,0.005624753772121557,0.0075996061743954,0.109591
2016-11-21,0.0071460865807933,0.0061784940820137305,0.0075127569698991,0.103137
2016-11-22,0.0070729355171198,0.0062896356206136594,0.0071460865807933,0.1030135
2016-11-23,0.0064741295920341,0.0059639684695855025,0.0070729355171198,0.104347
2016-11-25,0.0062303667939458,0.006056747117363563,0.0064741295920341,0.1028435
2016-11-28,0.0062794060439596,0.0064160086014010565,0.0062303667939458,0.108541
2016-11-29,0.0064454823948546,0.006221334019344963,0.0062794060439596,0.106249
2016-11-30,0.0064874184947716,0.006521402084464655,0.0064454823948546,0.1099924999999999
2016-12-01,0.0063946004064774,0.006830031372587914,0.0064874184947716,0.1177545
2016-12-02,0.0062723652281908,0.006478043550391818,0.0063946004064774,0.11526
2016-12-05,0.0063126737885662,0.005942469837606766,0.0062723652281908,0.1014605
2016-12-06,0.0063829689890173,0.005588800214228041,0.0063126737885662,0.0971785
2016-12-07,0.0063521058999718,0.005979434173651824,0.0063829689890173,0.1008614999999999
2016-12-08,0.0062749342449693,0.0061599354825517035,0.0063521058999718,0.1048635
2016-12-09,0.0059915470940062,0.005778925246068723,0.0062749342449693,0.097259
2016-12-12,0.0060753514858859,0.006002331897421576,0.0059915470940062,0.1054875
2016-12-13,0.0056191300819054,0.005752861138633764,0.0060753514858859,0.107418
2016-12-14,0.0057454753712401,0.005924740363943824,0.0056191300819054,0.110654
2016-12-15,0.0056557470039612,0.004976631004988966,0.0057454753712401,0.103858
2016-12-16,0.0053222319689159,0.004846754183246997,0.0056557470039612,0.099391
2016-12-19,0.0053146493135801,0.004419880137113219,0.0053222319689159,0.0964815
2016-12-20,0.0049060636397821,0.004186051636686108,0.0053146493135801,0.0963485
2016-12-21,0.0040535217777807,0.004091414910990944,0.0049060636397821,0.0969289999999999
2016-12-22,0.0031956890370616,0.003524970486342153,0.0040535217777807,0.0985905
2016-12-23,0.0030282041998506,0.0026187876628153105,0.0031956890370616,0.0977915
2016-12-27,0.0028813962113909,0.002302828125173007,0.0030282041998506,0.1007535
2016-12-28,0.0029058691618624,0.002454937839870861,0.0028813962113909,0.109166
2016-12-29,0.0030594080017288,0.0022191116871040396,0.0029058691618624,0.1129054999999999
2016-12-30,0.0032657841328922,0.0025223546833611117,0.0030594080017288,0.117718
2017-01-03,0.0032436641057573,0.0029367765705392134,0.0032657841328922,0.1084354999999999
2017-01-04,0.0033543363024404,0.002857608054154496,0.0032436641057573,0.097679
2017-01-05,0.0034806813660603,0.0024931619690475755,0.0033543363024404,0.0961655
2017-01-06,0.0034293181472673,0.0025094760990688816,0.0034806813660603,0.094556
2017-01-09,0.0036165452806032,0.0026276192486335004,0.0034293181472673,0.09671
2017-01-10,0.0037623952367427,0.0024192980826824775,0.0036165452806032,0.0963145
2017-01-11,0.0040859741837984,0.0026342070153416424,0.0037623952367427,0.09483
2017-01-12,0.0038906161003043,0.00274099328129632,0.0040859741837984,0.0947755
2017-01-13,0.0038336464934727,0.0027921830606992253,0.0038906161003043,0.0921015
2017-01-17,0.0038263240201293,0.003142005504544014,0.0038336464934727,0.0964775
2017-01-18,0.0039083688901947,0.003076085958175278,0.0038263240201293,0.0945189999999999
2017-01-19,0.0039309997796507,0.0032084999661079004,0.0039083688901947,0.1003075
2017-01-20,0.0040047600638252,0.0029292408682256472,0.0039309997796507,0.0892665
2017-01-23,0.0040065282412213,0.0033732823002360114,0.0040047600638252,0.0943499999999999
2017-01-24,0.0040135672449185,0.003392210012574051,0.0040065282412213,0.0877759999999999
2017-01-25,0.003939194142985,0.0034678179351960176,0.0040135672449185,0.0861445
2017-01-26,0.0038411625172097,0.0034792550643714375,0.003939194142985,0.087129
2017-01-27,0.0037630544470631,0.0031271280747749586,0.0038411625172097,0.0834159999999999
2017-01-30,0.0035909355110545,0.0035626842987212387,0.0037630544470631,0.0936625
2017-01-31,0.0036975256251971,0.00350045963772185,0.0035909355110545,0.094575
2017-02-01,0.0037354873638916,0.003277350133864069,0.0036975256251971,0.0912449999999999
2017-02-02,0.0037389390296878,0.003204361618611956,0.0037354873638916,0.0925695
2017-02-03,0.0037792999569812,0.0027786114533261495,0.0037389390296878,0.0840825
2017-02-06,0.0037855383601074,0.0029968027101043918,0.0037792999569812,0.089003
2017-02-07,0.003848773308984,0.0028964112312691304,0.0037855383601074,0.0902755
2017-02-08,0.0038618148593266,0.002727368931883122,0.003848773308984,0.090399
2017-02-09,0.0038390254926739,0.0027035864661791066,0.0038618148593266,0.088017
2017-02-10,0.0038108964116156,0.0027534825225231582,0.0038390254926739,0.0857095
2017-02-13,0.0037000879571276,0.0028795892403313088,0.0038108964116156,0.0878309999999999
2017-02-14,0.003508035716597,0.002769651959245268,0.0037000879571276,0.0843015
2017-02-15,0.0036180782526336,0.003138338585759997,0.003508035716597,0.09203
2017-02-16,0.0035570468432642,0.002959271597755154,0.0036180782526336,0.090932
2017-02-17,0.0033405792701173,0.0026177998288244193,0.0035570468432642,0.087061
2017-02-21,0.0033529054799707,0.0030473603812781764,0.0033405792701173,0.092224
2017-02-22,0.0033339069637968,0.002925550362707894,0.0033529054799707,0.0934105
2017-02-23,0.0032123511907333,0.0028200556192787517,0.0033339069637968,0.093692
2017-02-24,0.0028189078260968,0.0025550425581731574,0.0032123511907333,0.090567
2017-02-27,0.0028345585893565,0.0028823901010775477,0.0028189078260968,0.0966445
2017-02-28,0.0029152031919824,0.0027365267026273603,0.0028345585893565,0.1025335
2017-03-01,0.0028715212856058,0.0025794676751518756,0.0029152031919824,0.0993565
2017-03-02,0.0027794358040878,0.002337751419451299,0.0028715212856058,0.096347
2017-03-03,0.0027621322687602,0.0020296943188113925,0.0027794358040878,0.0876609999999999
2017-03-06,0.0026412335450102,0.002326826844016725,0.0027621322687602,0.0893945
2017-03-07,0.0025672168681209,0.0025029679158302693,0.0026412335450102,0.0917439999999999
2017-03-08,0.0027219729297014,0.0024547573866937258,0.0025672168681209,0.0933944999999999
2017-03-09,0.0028502854531807,0.002474877951941821,0.0027219729297014,0.0969785
2017-03-10,0.0028405756623012,0.002375944583781684,0.0028502854531807,0.0899669999999999
2017-03-13,0.0025792080385895,0.0025397248988239633,0.0028405756623012,0.089839
2017-03-14,0.0026203436026742,0.00280263696268253,0.0025792080385895,0.0947765
2017-03-15,0.0024836053158461,0.002321152540220084,0.0026203436026742,0.0889575
2017-03-16,0.0023992632919473,0.0018705396134621986,0.0024836053158461,0.0851265
2017-03-17,0.00243592962285,0.00175157969817848,0.0023992632919473,0.084011
2017-03-20,0.0026567349556355,0.0019154499610554397,0.00243592962285,0.0872735
2017-03-21,0.0027601015774579,0.003297344490055122,0.0026567349556355,0.1024225
2017-03-22,0.0029626289673594,0.003659067320591935,0.0027601015774579,0.103327
2017-03-23,0.0031813062667577,0.004085341374099112,0.0029626289673594,0.1086125
2017-03-24,0.0034236876206093,0.0036682349772004987,0.0031813062667577,0.107487
2017-03-27,0.0036278781128818,0.0034830203145081434,0.0034236876206093,0.1035075
2017-03-28,0.00360099253781,0.0031682568424533063,0.0036278781128818,0.092682
2017-03-29,0.0036059636346015,0.0031721275827610237,0.00360099253781,0.091365
2017-03-30,0.0035217013785028,0.002846068440409988,0.0036059636346015,0.091359
2017-03-31,0.0038753614748252,0.0026133697766165982,0.0035217013785028,0.0948055
2017-04-03,0.0039127910038497,0.002939558758133459,0.0038753614748252,0.0990645
2017-04-04,0.0043868754137824,0.0031080187296529827,0.0039127910038497,0.09475
2017-04-05,0.004386742756091,0.0035167888279837405,0.0043868754137824,0.101267
2017-04-06,0.0044556622028845,0.0035378835840171406,0.004386742756091,0.1008265
2017-04-07,0.0045752783239547,0.0034205741023674453,0.0044556622028845,0.1048395
2017-04-10,0.0049380235725549,0.003757675282122201,0.0045752783239547,0.112467
2017-04-11,0.0048542796425735,0.004080453448476334,0.0049380235725549,0.1221305
2017-04-12,0.0050023154590206,0.004678014113842645,0.0048542796425735,0.1257039999999999
2017-04-13,0.0049415450074377,0.005194916092500735,0.0050023154590206,0.130411
2017-04-17,0.0049922977618363,0.005570075514212562,0.0049415450074377,0.1186955
2017-04-18,0.0051106956353339,0.005826272619099758,0.0049922977618363,0.118327
2017-04-19,0.0052320389725145,0.006067191173698281,0.0051106956353339,0.1223829999999999
2017-04-20,0.0051387282374715,0.005815944108184168,0.0052320389725145,0.1088205
2017-04-21,0.0050118882701402,0.00652843703863786,0.0051387282374715,0.1143835
2017-04-24,0.005051810436417,0.00458041219739045,0.0050118882701402,0.084177
2017-04-25,0.0050848125764094,0.004548397966750998,0.005051810436417,0.082137
2017-04-26,0.0049874661290226,0.004663391384340123,0.0050848125764094,0.0839635
2017-04-27,0.0049488047133717,0.004571059087219909,0.0049874661290226,0.0814535
2017-04-28,0.0049943855500388,0.00463355137465382,0.0049488047133717,0.0816625
2017-05-01,0.0049798352507224,0.004497226037680997,0.0049943855500388,0.0794505
2017-05-02,0.0048034922586309,0.004680963493284384,0.0049798352507224,0.082413
2017-05-03,0.0047703900561499,0.004507798197436713,0.0048034922586309,0.0832765
2017-05-04,0.0045366328833337,0.004423231759127247,0.0047703900561499,0.08184
2017-05-05,0.0042956334032236,0.004286107259254051,0.0045366328833337,0.0814365
2017-05-08,0.0040930711412848,0.003808132172500773,0.0042956334032236,0.0763585
2017-05-09,0.0038753374209767,0.0036914097058386858,0.0040930711412848,0.079324
2017-05-10,0.0040544774072356,0.0032497620209312166,0.0038753374209767,0.0800289999999999
2017-05-11,0.0040119364125242,0.0030878209747872767,0.0040544774072356,0.0836885
2017-05-12,0.003974151365335,0.0029567263704355067,0.0040119364125242,0.083086
2017-05-15,0.0036260745775648,0.002869823053829502,0.003974151365335,0.079879
2017-05-16,0.0036774682918631,0.0027549116127702777,0.0036260745775648,0.0800315
2017-05-17,0.0035254207976647,0.005065767766255284,0.0036774682918631,0.1183315
2017-05-18,0.0035650022852853,0.0037701844815551076,0.0035254207976647,0.1090055
2017-05-19,0.0034539761841295,0.0026825682945736465,0.0035650022852853,0.0948435
2017-05-22,0.0033121924953575,0.002471158917211313,0.0034539761841295,0.0855529999999999
2017-05-23,0.0029277468876194,0.002486156372420943,0.0033121924953575,0.084844
2017-05-24,0.0029218242213341,0.002224565123506198,0.0029277468876194,0.079246
2017-05-25,0.0027507887096543,0.0018337669163481646,0.0029218242213341,0.0779215
2017-05-26,0.0027681447635749,0.001696573008123571,0.0027507887096543,0.0759015
2017-05-30,0.0027647975818667,0.001997093539745899,0.0027681447635749,0.079686
2017-05-31,0.0026299026344152,0.0021406201599042836,0.0027647975818667,0.0818725
2017-06-01,0.002505191877015,0.002243049289202395,0.0026299026344152,0.075787
2017-06-02,0.0024409253799071,0.002190746782370988,0.002505191877015,0.0745155
2017-06-05,0.0024528524410957,0.0024510440749660346,0.0024409253799071,0.075964
2017-06-06,0.0024832300783993,0.002584284137699639,0.0024528524410957,0.082927
2017-06-07,0.0024281751023839,0.0024935108036830463,0.0024832300783993,0.081879
2017-06-08,0.0030280312024353,0.0022011788527422655,0.0024281751023839,0.0782535
2017-06-09,0.0030832338979624,0.00211284702368544,0.0030280312024353,0.0813815
2017-06-12,0.0030588081036189,0.0029048798027700284,0.0030832338979624,0.084013
2017-06-13,0.0032219684005029,0.002502500177373799,0.0030588081036189,0.0781699999999999
2017-06-14,0.0032626206026031,0.002548329246195408,0.0032219684005029,0.0785275
2017-06-15,0.0032525671491154,0.0026777651250061534,0.0032626206026031,0.082273
2017-06-16,0.0032272249139371,0.002276562150409136,0.0032525671491154,0.077032
2017-06-19,0.0031835921982781,0.0023796933859904206,0.0032272249139371,0.075294
2017-06-20,0.0031869386502578,0.0027509590314940477,0.0031835921982781,0.083879
2017-06-21,0.0031960490824326,0.0025825820122098303,0.0031869386502578,0.0838855
2017-06-22,0.0030150140157429,0.002444855030538257,0.0031960490824326,0.081834
2017-06-23,0.0031176341526868,0.0020680514982588417,0.0030150140157429,0.0763369999999999
2017-06-26,0.0032039634780227,0.002200276278573823,0.0031176341526868,0.0759905
2017-06-27,0.0031958119632536,0.002964979355084243,0.0032039634780227,0.088991
2017-06-28,0.0038323593081711,0.0023957064746918198,0.0031958119632536,0.077464
2017-06-29,0.0035430974810753,0.0032286254341380334,0.0038323593081711,0.091396
2017-06-30,0.0034486625807365,0.003432757494479976,0.0035430974810753,0.085754
2017-07-03,0.0035726118610265,0.0032643388841061497,0.0034486625807365,0.08753
2017-07-05,0.0036021905766723,0.003088621656116411,0.0035726118610265,0.084065
2017-07-06,0.0035964276482672,0.00382160580735013,0.0036021905766723,0.099082
2017-07-07,0.0035980088187707,0.003115791583631093,0.0035964276482672,0.0858475
2017-07-10,0.0038599279880404,0.003354469830439487,0.0035980088187707,0.0841825
2017-07-11,0.0038718720216183,0.003326488504653889,0.0038599279880404,0.085201
2017-07-12,0.0037641162989346,0.0032216490863345697,0.0038718720216183,0.077305
2017-07-13,0.003842821217441,0.0031107170442422477,0.0037641162989346,0.074751
2017-07-14,0.0037939065183082,0.002935857168774373,0.003842821217441,0.071801
2017-07-17,0.0038581878297844,0.0032819455478091016,0.0037939065183082,0.0727675
2017-07-18,0.0038108360186633,0.003231120727034603,0.0038581878297844,0.072445
2017-07-19,0.0037749825536362,0.003064880955435497,0.0038108360186633,0.0709434999999999
2017-07-20,0.0037089677064436,0.0028700380958851853,0.0037749825536362,0.0711644999999999
2017-07-21,0.0030672352010586,0.002579385863295673,0.0037089677064436,0.0690004999999999
2017-07-24,0.0030091934222353,0.00275587323164375,0.0030672352010586,0.0696354999999999
2017-07-25,0.0029894493263651,0.0022357921058527574,0.0030091934222353,0.068333
2017-07-26,0.0032823836233668,0.0021406628994934604,0.0029894493263651,0.0686555
2017-07-27,0.0032042789430329,0.002297210486628119,0.0032823836233668,0.0716625
2017-07-28,0.0031211500397742,0.002236790074600009,0.0032042789430329,0.073158
2017-07-31,0.0031497980026467,0.0024899295720572923,0.0031211500397742,0.075335
2017-08-01,0.0033530445932916,0.002293851795515731,0.0031497980026467,0.069751
2017-08-02,0.0032992789871705,0.0021890639208561238,0.0033530445932916,0.070269
2017-08-03,0.003294448803231,0.002551344525818228,0.0032992789871705,0.0744605
2017-08-04,0.003237686825014,0.002236431125740561,0.003294448803231,0.0713095
2017-08-07,0.0034313585401452,0.0023704898244234756,0.003237686825014,0.0714974999999999
2017-08-08,0.0033779502438232,0.002693284181221403,0.0034313585401452,0.0811264999999999
2017-08-09,0.0033376215578798,0.0029580499959583773,0.0033779502438232,0.0843415
2017-08-10,0.002671359659905,0.004822069115336402,0.0033376215578798,0.1181265
2017-08-11,0.0026495603155502,0.003890579669495367,0.002671359659905,0.1151845
2017-08-14,0.0025666781570419,0.002550650970486939,0.0026495603155502,0.0885104999999999
2017-08-15,0.0025093506910502,0.0022830102163770866,0.0025666781570419,0.0865675
2017-08-16,0.0025462123353053,0.002058340338083074,0.0025093506910502,0.0853535
2017-08-17,0.0028248844600657,0.003175720763587986,0.0025462123353053,0.1160745
2017-08-18,0.0029042095450958,0.0029751492031884607,0.0028248844600657,0.1141665
2017-08-21,0.0026962539584552,0.0030909912889538187,0.0029042095450958,0.1069825
2017-08-22,0.00270117991417,0.002466845585833736,0.0026962539584552,0.0911049999999999
2017-08-23,0.0027493529804334,0.002347064946576563,0.00270117991417,0.096656
2017-08-24,0.0027646944074813,0.002308562930823141,0.0027493529804334,0.1003439999999999
2017-08-25,0.0028144610730812,0.0019157424618439015,0.0027646944074813,0.0919775
2017-08-28,0.0028990568970979,0.002033885758383796,0.0028144610730812,0.0927985
2017-08-29,0.0029963378419153,0.002180622643408559,0.0028990568970979,0.094483
2017-08-30,0.0029924759251073,0.002066948113739902,0.0029963378419153,0.089208
2017-08-31,0.0030004294809006,0.0021082725749918506,0.0029924759251073,0.0837175
2017-09-01,0.0033737547425425,0.0018175580368133722,0.0030004294809006,0.077938
2017-09-05,0.0034194064721991,0.0028820512092762648,0.0033737547425425,0.0970485
2017-09-06,0.0034448897606633,0.002721120244430504,0.0034194064721991,0.0881059999999999
2017-09-07,0.0029889423577618,0.0027081971677911654,0.0034448897606633,0.0870789999999999
2017-09-08,0.0029509858388147,0.0031183819283806917,0.0029889423577618,0.0918205
2017-09-11,0.0029265924253414,0.0021471814417512967,0.0029509858388147,0.077531
2017-09-12,0.0028945293154913,0.0020831317869929693,0.0029265924253414,0.074554
2017-09-13,0.0027150994270007,0.0021538089919535264,0.0028945293154913,0.0737015
2017-09-14,0.0027063518081117,0.00203950419854532,0.0027150994270007,0.0732885
2017-09-15,0.0027098695888691,0.0018122838378915734,0.0027063518081117,0.0696215
2017-09-18,0.0027178127705564,0.0021250738128345166,0.0027098695888691,0.070488
2017-09-19,0.0025523803165959,0.002272619084715084,0.0027178127705564,0.070876
2017-09-20,0.0025111133732165,0.0023160157488599283,0.0025523803165959,0.070298
2017-09-21,0.0025091746324758,0.0019201015018003621,0.0025111133732165,0.0715355
2017-09-22,0.0025838528162481,0.0016673002025787628,0.0025091746324758,0.0697595
2017-09-25,0.0025760384872615,0.0020060031659900647,0.0025838528162481,0.076289
2017-09-26,0.0027093059848403,0.0020480275227521133,0.0025760384872615,0.07609
2017-09-27,0.002634216280397,0.001962400548677759,0.0027093059848403,0.0742505
2017-09-28,0.0025641098905752,0.0018955417954721436,0.002634216280397,0.0713495
2017-09-29,0.0022624502596419,0.0016498169085359116,0.0025641098905752,0.0689195
2017-10-02,0.002132514681814,0.00168538393793859,0.0022624502596419,0.0682075
2017-10-03,0.0021025544108511,0.001387459593531471,0.002132514681814,0.0688215
2017-10-04,0.0020820252286075,0.0012816936350780218,0.0021025544108511,0.0674415
2017-10-05,0.0020227203809671,0.0013594148177049,0.0020820252286075,0.065226
2017-10-06,0.0019222866756311,0.0011856573168071774,0.0020227203809671,0.065868
2017-10-09,0.0019185148625968,0.0015605499305880316,0.0019222866756311,0.0724865
2017-10-10,0.0017775422896189,0.0013139878100953128,0.0019185148625968,0.0706555
2017-10-11,0.0017085523085955,0.0012144850455022699,0.0017775422896189,0.0680765
2017-10-12,0.001668901966013,0.0010457125350394891,0.0017085523085955,0.070283
2017-10-13,0.0016635812974093,0.0007652961099257997,0.001668901966013,0.0669095
2017-10-16,0.001273329662846,0.0009391029439011662,0.0016635812974093,0.0663505
2017-10-17,0.001210810896844,0.0010041560139635204,0.001273329662846,0.0677975
2017-10-18,0.0012593251304547,0.0005993907307179948,0.001210810896844,0.066856
2017-10-19,0.0012154192175187,0.0006031539018642798,0.0012593251304547,0.0683075
2017-10-20,0.0012138589110624,0.0005168142372956631,0.0012154192175187,0.0662605
2017-10-23,0.0012262727249286,0.0011751417006074447,0.0012138589110624,0.076059
2017-10-24,0.0016047545121506,0.0011241947491711785,0.0012262727249286,0.07817
2017-10-25,0.0016322132321272,0.0014757570476344323,0.0016047545121506,0.087117
2017-10-26,0.0017220275611644,0.001561374041032241,0.0016322132321272,0.084837
2017-10-27,0.0017497187525127,0.0010209643651688353,0.0017220275611644,0.071864
2017-10-30,0.0017568512331037,0.001441145287181464,0.0017497187525127,0.0761235
2017-10-31,0.001702838643976,0.001436837259541069,0.0017568512331037,0.0750095
2017-11-01,0.001918631554146,0.0014884177930341927,0.001702838643976,0.076184
2017-11-02,0.0019794709853109,0.0012417021981119374,0.001918631554146,0.0749555
2017-11-03,0.0018511392958432,0.0011981638859803884,0.0019794709853109,0.069193
2017-11-06,0.0019156231977262,0.0013198732211247219,0.0018511392958432,0.0711575
2017-11-07,0.0018045042913999,0.0013605728367590796,0.0019156231977262,0.0764064999999999
2017-11-08,0.0022077488011706,0.0010901087703218855,0.0018045042913999,0.0740055
2017-11-09,0.0022230142059589,0.0014344442998152906,0.0022077488011706,0.0809205
2017-11-10,0.0022789771652439,0.0016727592431343696,0.0022230142059589,0.0849875
2017-11-13,0.0024410933321214,0.0015942694143124894,0.0022789771652439,0.085857
2017-11-14,0.0025479161353611,0.0016522408762190514,0.0024410933321214,0.0869399999999999
2017-11-15,0.0026240498582207,0.002320535228058791,0.0025479161353611,0.1001755
2017-11-16,0.0026124715840471,0.0014698161876221458,0.0026240498582207,0.0847425
2017-11-17,0.0025911548668483,0.0014889760370429689,0.0026124715840471,0.0815505
2017-11-20,0.00255409614887,0.0017525192360368334,0.0025911548668483,0.0784285
2017-11-21,0.0025436881214261,0.0016118751084379622,0.00255409614887,0.0705655
2017-11-22,0.0025227474768732,0.0015839191529976974,0.0025436881214261,0.071277
2017-11-24,0.0025404495370041,0.001589979553772384,0.0025227474768732,0.0714315
2017-11-27,0.0025430116119822,0.002017350761967931,0.0025404495370041,0.073744
2017-11-28,0.0026552872141894,0.0022125050886664856,0.0025430116119822,0.076556
2017-11-29,0.0029337800121514,0.0024276512502917624,0.0026552872141894,0.0816814999999999
2017-11-30,0.0046577845903234,0.0030441274037933553,0.0029337800121514,0.087312
2017-12-01,0.0049095943550193,0.0032102505451288878,0.0046577845903234,0.088509
2017-12-04,0.0051276431988366,0.005180219201253366,0.0049095943550193,0.0900755
2017-12-05,0.005159525843911,0.004859778305257981,0.0051276431988366,0.085755
2017-12-06,0.004850897456749,0.004945862997928157,0.005159525843911,0.0839775
2017-12-07,0.0048107958777594,0.00478383061968192,0.004850897456749,0.0789655
2017-12-08,0.0047076531491089,0.004214460886121979,0.0048107958777594,0.0727835
2017-12-11,0.0046946160486949,0.004410549465404454,0.0047076531491089,0.0706285
2017-12-12,0.0047163540665652,0.0044200985623327246,0.0046946160486949,0.0732595
2017-12-13,0.0046531185352472,0.00435853159747626,0.0047163540665652,0.075738
2017-12-14,0.004534475614254,0.004203394809593617,0.0046531185352472,0.075553
2017-12-15,0.0045081879369761,0.00392209432869514,0.004534475614254,0.0689005
2017-12-18,0.0045153539080475,0.003614463407498089,0.0045081879369761,0.070828
2017-12-19,0.0044980693216902,0.0039045098536159267,0.0045153539080475,0.0754615
2017-12-20,0.0045373703566166,0.003690107428475033,0.0044980693216902,0.0725715
2017-12-21,0.0041618654036547,0.0033516046399711067,0.0045373703566166,0.0722454999999999
2017-12-22,0.0041286737610432,0.003217746036826596,0.0041618654036547,0.072876
2017-12-26,0.004088642446058,0.003135002714953197,0.0041286737610432,0.0778765
2017-12-27,0.003931372476571,0.0032063536563247553,0.004088642446058,0.076639
2017-12-28,0.0038498154077392,0.002985499419038801,0.003931372476571,0.0722945
2017-12-29,0.0037764918801414,0.003026052469865332,0.0038498154077392,0.0758175
2018-01-02,0.003787826490522,0.003186757370785666,0.0037764918801414,0.0703594999999999
2018-01-03,0.0038266134356447,0.0031201565405548793,0.003787826490522,0.0678665
2018-01-04,0.0038567838011125,0.0031127084766121842,0.0038266134356447,0.0705175
2018-01-05,0.0039045498418808,0.0031315352367874277,0.0038567838011125,0.0724475
2018-01-08,0.0039780826216893,0.0032369915426002285,0.0039045498418808,0.073034
2018-01-09,0.0040869830350401,0.0034403057231331274,0.0039780826216893,0.078247
2018-01-10,0.0040595069983441,0.0034499932451112873,0.0040869830350401,0.077529
2018-01-11,0.0039718450274541,0.0034415831598876845,0.0040595069983441,0.077361
2018-01-12,0.0042256214918929,0.00364767393201584,0.0039718450274541,0.08022
2018-01-16,0.0026774244379428,0.004195775792582148,0.0042256214918929,0.0924755
2018-01-17,0.002509737651989,0.0044560436409921585,0.0026774244379428,0.090782
2018-01-18,0.0023360938406873,0.0030438390982665924,0.002509737651989,0.0927415
2018-01-19,0.0023058447558231,0.0025466142818629696,0.0023360938406873,0.0860795
2018-01-22,0.0022844031165074,0.0026754054524380805,0.0023058447558231,0.087894
2018-01-23,0.0026598444641513,0.002572853208958871,0.0022844031165074,0.088689
2018-01-24,0.0028043527845828,0.0027429649974478366,0.0026598444641513,0.0957409999999999
2018-01-25,0.0027771799046513,0.0030803741600907777,0.0028043527845828,0.0960315
2018-01-26,0.0028240047770825,0.002920278326773001,0.0027771799046513,0.0950725
2018-01-29,0.0029487865745849,0.003801618476752481,0.0028240047770825,0.1140455
2018-01-30,0.0031650902089063,0.004097714263636892,0.0029487865745849,0.119958
2018-01-31,0.0034380379776035,0.0037596675074949223,0.0031650902089063,0.114674
2018-02-01,0.0035173429950176,0.003952488130302162,0.0034380379776035,0.1127975
2018-02-02,0.0076264058199748,0.004918985116913056,0.0035173429950176,0.139619
2018-02-05,0.0108346569743771,0.012892757779928371,0.0076264058199748,0.2761004999999999
2018-02-06,0.0127749503547768,0.013662016179436992,0.0108346569743771,0.2145995
2018-02-07,0.0128510744766145,0.013544488173376092,0.0127749503547768,0.16962
2018-02-08,0.0213082732192364,0.01944164747643169,0.0128510744766145,0.2630289999999999
2018-02-09,0.0225768873160794,0.016187738324499396,0.0213082732192364,0.2219785
2018-02-12,0.0229559680440101,0.02319519037219185,0.0225768873160794,0.1813985
2018-02-13,0.0232766605216269,0.0238663066552704,0.0229559680440101,0.1736885
2018-02-14,0.0243789667472784,0.023093845838709475,0.0232766605216269,0.1471724999999999
2018-02-15,0.0250107108110568,0.022814486429551188,0.0243789667472784,0.1438695
2018-02-16,0.0254759165558702,0.024032011494558456,0.0250107108110568,0.1411665
2018-02-20,0.0268391674430991,0.025110364255804596,0.0254759165558702,0.151125
2018-02-21,0.0274936153570222,0.0256092384146432,0.0268391674430991,0.150557
2018-02-22,0.0274443289066859,0.02667268197374345,0.0274936153570222,0.1461165
2018-02-23,0.0275697634383259,0.026199170092352213,0.0274443289066859,0.120464
2018-02-26,0.0279571370793602,0.026362707720077726,0.0275697634383259,0.1205799999999999
2018-02-27,0.0278377585272386,0.02719741139582422,0.0279571370793602,0.1389175
2018-02-28,0.0296832113242184,0.027449875409294083,0.0278377585272386,0.1458285
2018-03-01,0.0304172281992675,0.02793360530349133,0.0296832113242184,0.162316
2018-03-02,0.0310201389276173,0.02894582016722675,0.0304172281992675,0.1484995
2018-03-05,0.0313618305025527,0.029627050657058528,0.0310201389276173,0.1386225
2018-03-06,0.0316284024559204,0.029780160132551692,0.0313618305025527,0.1372045
2018-03-07,0.0314319072877097,0.02998991686108621,0.0316284024559204,0.134423
2018-03-08,0.0313296889914149,0.03003857993976477,0.0314319072877097,0.1280465
2018-03-09,0.0314367700195806,0.02923079885815422,0.0313296889914149,0.110568
2018-03-12,0.031967145007861,0.02964161485843124,0.0314367700195806,0.117602
2018-03-13,0.0320601493529458,0.029499023003626217,0.031967145007861,0.123589
2018-03-14,0.0319647162563434,0.029829988246843762,0.0320601493529458,0.1270525
2018-03-15,0.0317653521718708,0.029539413348531142,0.0319647162563434,0.119657
2018-03-16,0.0326302013090308,0.02917449322326558,0.0317653521718708,0.111457
2018-03-19,0.0285532055976228,0.03072824808661687,0.0326302013090308,0.139096
2018-03-20,0.0260085070638813,0.031027002022885962,0.0285532055976228,0.137545
2018-03-21,0.024415452162765,0.026903882338623862,0.0260085070638813,0.135309
2018-03-22,0.0254239401872087,0.025911824083321953,0.024415452162765,0.1784135
2018-03-23,0.0182992038589858,0.02527102878115682,0.0254239401872087,0.202552
2018-03-26,0.0189891021122587,0.02499313004385383,0.0182992038589858,0.1672575
2018-03-27,0.0195387233667788,0.018863493226117235,0.0189891021122587,0.191924
2018-03-28,0.0203515867196461,0.019693100975170772,0.0195387233667788,0.190273
2018-03-29,0.0223783749087623,0.019361172441241747,0.0203515867196461,0.1690775
2018-04-02,0.0226554622960956,0.021806133801293218,0.0223783749087623,0.199094
2018-04-03,0.0234659789373366,0.02324488441501983,0.0226554622960956,0.1832099999999999
2018-04-04,0.0223239193102709,0.02317014043627101,0.0234659789373366,0.1717624999999999
2018-04-05,0.0236265829882561,0.023218248374539972,0.0223239193102709,0.1607839999999999
2018-04-06,0.0253285415600605,0.022571682128027893,0.0236265829882561,0.180089
2018-04-09,0.0255429165361556,0.024602612037716562,0.0253285415600605,0.1870125
2018-04-10,0.0255343196788155,0.025388219759916973,0.0255429165361556,0.173298
2018-04-11,0.0253751424752564,0.025232876456739294,0.0255343196788155,0.1700539999999999
2018-04-12,0.0237722604468516,0.02448703828931406,0.0253751424752564,0.1566015
2018-04-13,0.0231914339094276,0.024052688930729205,0.0237722604468516,0.1469555
2018-04-16,0.0227048137159891,0.022299202137423556,0.0231914339094276,0.131017
2018-04-17,0.0224459560487779,0.021755593911265303,0.0227048137159891,0.120977
2018-04-18,0.0223862171021503,0.02115501713317061,0.0224459560487779,0.119097
2018-04-19,0.0225842792408803,0.021231550827527246,0.0223862171021503,0.1265845
2018-04-20,0.0228944225614922,0.02149780766485554,0.0225842792408803,0.1370334999999999
2018-04-23,0.0242318143111483,0.021873844262241787,0.0228944225614922,0.1360055
2018-04-24,0.02440773834727,0.02295429978776245,0.0242318143111483,0.15136
2018-04-25,0.0245332192169201,0.024171831093553312,0.02440773834727,0.1528335
2018-04-26,0.0245261546491126,0.02333663969044752,0.0245332192169201,0.1368849999999999
2018-04-27,0.0247252411907615,0.022823359780258606,0.0245261546491126,0.1278985
2018-04-30,0.0243984576556624,0.02364901480573687,0.0247252411907615,0.1329544999999999
2018-05-01,0.0245907520983724,0.02361384283299963,0.0243984576556624,0.129081
2018-05-02,0.0253634409060314,0.023441470131932516,0.0245907520983724,0.132927
2018-05-03,0.0257771417278591,0.023626079248447736,0.0253634409060314,0.136979
2018-05-04,0.0248989984347107,0.0235177999429541,0.0257771417278591,0.123024
2018-05-07,0.0238700442349496,0.024283320539710607,0.0248989984347107,0.1236375
2018-05-08,0.0220952405075245,0.023386619855672988,0.0238700442349496,0.1234099999999999
2018-05-09,0.0211855348097174,0.021930756699982144,0.0220952405075245,0.113071
2018-05-10,0.0201494565699759,0.020180452151679358,0.0211855348097174,0.1064885
2018-05-11,0.0171529171277343,0.019067550827940597,0.0201494565699759,0.103292
2018-05-14,0.0163651442301897,0.01840184789112643,0.0171529171277343,0.1022885
2018-05-15,0.0151209689053272,0.015917362277744398,0.0163651442301897,0.1133385
2018-05-16,0.0150845155364544,0.014710010196390214,0.0151209689053272,0.105684
2018-05-17,0.013096790557021,0.013375662638718476,0.0150845155364544,0.1033294999999999
2018-05-18,0.0113940288212051,0.01324532394473173,0.013096790557021,0.1046285
2018-05-21,0.0111765777321959,0.011391278931022531,0.0113940288212051,0.101435
2018-05-22,0.0108780627989168,0.00966617708001821,0.0111765777321959,0.1025165
2018-05-23,0.0111640166404181,0.009378742901986363,0.0108780627989168,0.096091
2018-05-24,0.0107303573940532,0.009099773784186242,0.0111640166404181,0.0953165
2018-05-25,0.0110532997331422,0.009675680148208902,0.0107303573940532,0.0982784999999999
2018-05-29,0.0110403748409223,0.010696005185353588,0.0110532997331422,0.1264915
2018-05-30,0.0110652332719038,0.010098843924623242,0.0110403748409223,0.1069445
2018-05-31,0.010842667187711,0.01028866841961535,0.0110652332719038,0.1120855
2018-06-01,0.0104730427721357,0.00997410063091635,0.010842667187711,0.099548
2018-06-04,0.0102203102669124,0.010226336183213613,0.0104730427721357,0.0949195
2018-06-05,0.0088674623533883,0.00986737618660534,0.0102203102669124,0.094456
2018-06-06,0.0082858457060794,0.009507006946689055,0.0088674623533883,0.0870645
2018-06-07,0.0079437152180605,0.008397839494731657,0.0082858457060794,0.0915645
2018-06-08,0.0078043917301122,0.007704622813625068,0.0079437152180605,0.0900625
2018-06-11,0.0075543478008728,0.007746861588546551,0.0078043917301122,0.0914275
2018-06-12,0.0069754150324979,0.007404067349312154,0.0075543478008728,0.0893235
2018-06-13,0.0067530318509016,0.007204555899465033,0.0069754150324979,0.094555
2018-06-14,0.0055571899485867,0.006213421278329719,0.0067530318509016,0.0891215
2018-06-15,0.0049275851114505,0.006026970607425446,0.0055571899485867,0.088533
2018-06-18,0.0049335712415157,0.005268850070899887,0.0049275851114505,0.091379
2018-06-19,0.0046678427300283,0.004863518553087304,0.0049335712415157,0.099336
2018-06-20,0.0046128944976402,0.004684397710682861,0.0046678427300283,0.0949455
2018-06-21,0.0045842687148375,0.004889472102996209,0.0046128944976402,0.1093565
2018-06-22,0.0053929479001977,0.004276925567003277,0.0045842687148375,0.102868
2018-06-25,0.0054094771237947,0.005363558850120621,0.0053929479001977,0.1316985
2018-06-26,0.0061592867420301,0.005689498705247126,0.0054094771237947,0.124669
2018-06-27,0.0064875999330117,0.0065531749378217544,0.0061592867420301,0.141857
2018-06-28,0.0066953850158919,0.0065497782475086586,0.0064875999330117,0.1306965
2018-06-29,0.0068488471178802,0.006776816247043545,0.0066953850158919,0.1227959999999999
2018-07-02,0.0068938281617274,0.006896530407566447,0.0068488471178802,0.1183535
2018-07-03,0.0069776097735146,0.007345079270661286,0.0068938281617274,0.125968
2018-07-05,0.0071146511828643,0.00720314439053832,0.0069776097735146,0.1141345
2018-07-06,0.0065723654854883,0.006617520691745532,0.0071146511828643,0.100739
2018-07-09,0.0065168742432442,0.006752611263945605,0.0065723654854883,0.093145
2018-07-10,0.0060650529111579,0.006099623662015495,0.0065168742432442,0.0920749999999999
2018-07-11,0.0059476363302732,0.006358511276941151,0.0060650529111579,0.100053
2018-07-12,0.0058914078626645,0.005594829694883433,0.0059476363302732,0.091969
2018-07-13,0.0059004085621623,0.0053683618571908655,0.0058914078626645,0.0893805
2018-07-16,0.0059984489808661,0.005576461308270926,0.0059004085621623,0.0907284999999999
2018-07-17,0.0059512071349035,0.005538822350734282,0.0059984489808661,0.0857405
2018-07-18,0.0058937736018879,0.005494532396945757,0.0059512071349035,0.084293
2018-07-19,0.0057286400162209,0.005558290632689877,0.0058937736018879,0.091516
2018-07-20,0.0057528095170482,0.005473491981822225,0.0057286400162209,0.0905525
2018-07-23,0.0058515952923247,0.005456404466999758,0.0057528095170482,0.090185
2018-07-24,0.0058403459322232,0.005476741453658701,0.0058515952923247,0.0894075
2018-07-25,0.0058514967633693,0.005613429074689841,0.0058403459322232,0.0859699999999999
2018-07-26,0.0061639579111881,0.005609949528990854,0.0058514967633693,0.088203
2018-07-27,0.0059874684118314,0.005546891496343088,0.0061639579111881,0.0934075
2018-07-30,0.005958253123843,0.00637119391461639,0.0059874684118314,0.102022
2018-07-31,0.0059164596458647,0.005916381546772825,0.005958253123843,0.0924495
2018-08-01,0.0060723716863852,0.005862449037569944,0.0059164596458647,0.0932745
2018-08-02,0.0059550623017083,0.005429463316328546,0.0060723716863852,0.087655
2018-08-03,0.0060042889786071,0.005315420691680523,0.0059550623017083,0.0817755
2018-08-06,0.0051139514918285,0.005445885375880812,0.0060042889786071,0.0810505
2018-08-07,0.0049837867437229,0.005423765223033882,0.0051139514918285,0.0794745
2018-08-08,0.0041087485018651,0.0044315043427563035,0.0049837867437229,0.078158
2018-08-09,0.0038184590199828,0.004357584649047492,0.0041087485018651,0.081896
2018-08-10,0.0035751129481793,0.004092520036241809,0.0038184590199828,0.092434
2018-08-13,0.0034385759636032,0.004426009015978557,0.0035751129481793,0.1039585
2018-08-14,0.0037288492526373,0.003628566676911438,0.0034385759636032,0.09274
2018-08-15,0.0037135879934778,0.004072876951034419,0.0037288492526373,0.1073695
2018-08-16,0.0036325620261645,0.0037225436774387752,0.0037135879934778,0.096188
2018-08-17,0.0036623598843038,0.0034833314361870354,0.0036325620261645,0.089047
2018-08-20,0.0037534278407667,0.0034053964815431038,0.0036623598843038,0.0889665
2018-08-21,0.0037103480625138,0.0034263399242860267,0.0037534278407667,0.089285
2018-08-22,0.0037866965587209,0.0033028336349890646,0.0037103480625138,0.087124
2018-08-23,0.0037269924951948,0.003268060445135567,0.0037866965587209,0.090389
2018-08-24,0.0036911205035971,0.0030761745305578157,0.0037269924951948,0.0865394999999999
2018-08-27,0.003612458676952,0.0030990138525639806,0.0036911205035971,0.085121
2018-08-28,0.0036227038682677,0.003030888380885565,0.003612458676952,0.0875275
2018-08-29,0.0036732864798855,0.0029819575057348224,0.0036227038682677,0.0861835
2018-08-30,0.0037243648758793,0.003171267935290137,0.0036732864798855,0.094262
2018-08-31,0.0038057328680511,0.003111548126735513,0.0037243648758793,0.0896395
2018-09-04,0.0038056538421574,0.0036371890602551055,0.0038057328680511,0.094969
2018-09-05,0.0040253023051008,0.0037558426700648583,0.0038056538421574,0.0972965
2018-09-06,0.0041629124223217,0.003961456129570769,0.0040253023051008,0.103895
2018-09-07,0.0038268795972207,0.004122318903658665,0.0041629124223217,0.103966
2018-09-10,0.0038718634494398,0.004198294245336794,0.0038268795972207,0.1004144999999999
2018-09-11,0.0038558640280332,0.003636312760608336,0.0038718634494398,0.0936785
2018-09-12,0.0037013463893713,0.0035917638926196895,0.0038558640280332,0.09085
2018-09-13,0.0035852436105379,0.0033978415621408794,0.0037013463893713,0.085104
2018-09-14,0.0036141547865193,0.003260558864999673,0.0035852436105379,0.0822775
2018-09-17,0.0036544663740685,0.004055991944595896,0.0036141547865193,0.095055
2018-09-18,0.0036526915556566,0.0037628404474857793,0.0036544663740685,0.0900354999999999
2018-09-19,0.0036673282910574,0.0036015839195814615,0.0036526915556566,0.084214
2018-09-20,0.0036799354277511,0.0034986714767482555,0.0036673282910574,0.0844304999999999
2018-09-21,0.0036176263937375,0.003519616454411933,0.0036799354277511,0.084082
2018-09-24,0.0034389138523769,0.003942923537910347,0.0036176263937375,0.0896464999999999
2018-09-25,0.0037584789155652,0.00388578547592011,0.0034389138523769,0.0919565
2018-09-26,0.0035431725270377,0.003802655604886341,0.0037584789155652,0.0951655
2018-09-27,0.0034333837309462,0.0037904508753981835,0.0035431725270377,0.0890175
2018-09-28,0.0034428499375242,0.00327268046578247,0.0034333837309462,0.0886774999999999
2018-10-01,0.0034820093213852,0.003167554299155932,0.0034428499375242,0.0875555
2018-10-02,0.0035152220719742,0.0031180171900374205,0.0034820093213852,0.0901385
2018-10-03,0.0040825249785262,0.003175131614572845,0.0035152220719742,0.09088
2018-10-04,0.0046789483847941,0.004268071417885872,0.0040825249785262,0.1080615
2018-10-05,0.0050704334193072,0.004875534499983921,0.0046789483847941,0.1186825
2018-10-08,0.0052804076559029,0.005492403791045368,0.0050704334193072,0.12204
2018-10-09,0.0053227241481945,0.005835482065866064,0.0052804076559029,0.1241505
2018-10-10,0.0079156288636241,0.008751478615938018,0.0053227241481945,0.178004
2018-10-11,0.0095661857947609,0.010369105283353684,0.0079156288636241,0.2098924999999999
2018-10-12,0.0098281907013168,0.010176323767443138,0.0095661857947609,0.1710315
2018-10-15,0.0098617155260942,0.011882792976081843,0.0098281907013168,0.171215
2018-10-16,0.0105961235328832,0.010684352493490347,0.0098617155260942,0.1428615
2018-10-17,0.0111733762391494,0.010609057618930655,0.0105961235328832,0.141365
2018-10-18,0.0117951116301265,0.012318938411625506,0.0111733762391494,0.1662365
2018-10-19,0.0120416525170809,0.012445765004918704,0.0117951116301265,0.1621215
2018-10-22,0.0139765384250263,0.013132744692936007,0.0120416525170809,0.1617905
2018-10-23,0.0147394917610396,0.014202319581336586,0.0139765384250263,0.1750845
2018-10-24,0.0159607331440028,0.018329471443041145,0.0147394917610396,0.220658
2018-10-25,0.0182790831873697,0.017713087113123905,0.0159607331440028,0.193489
2018-10-26,0.0236856579134574,0.020229556914000607,0.0182790831873697,0.216975
2018-10-29,0.0239914521680409,0.022797298790998025,0.0236856579134574,0.213312
2018-10-30,0.0248338203406689,0.026906568686239793,0.0239914521680409,0.1983895
2018-10-31,0.0251219391796119,0.026019603024533853,0.0248338203406689,0.182923
2018-11-01,0.0266249026346162,0.025655869710074296,0.0251219391796119,0.1659945
2018-11-02,0.0268688965680674,0.02588918477250663,0.0266249026346162,0.171593
2018-11-05,0.0268910220237757,0.027531201011133502,0.0268688965680674,0.1703985
2018-11-06,0.0265583986934218,0.027510887799653227,0.0268910220237757,0.1682795
2018-11-07,0.0265593535043134,0.02575910445818814,0.0265583986934218,0.137699
2018-11-08,0.027021044377533,0.02511115096058352,0.0265593535043134,0.138116
2018-11-09,0.0271933913829887,0.025116826260797483,0.027021044377533,0.1447375
2018-11-12,0.0281294632734377,0.027001411747362328,0.0271933913829887,0.1756275
2018-11-13,0.0293748659827995,0.026609153435325515,0.0281294632734377,0.1735865
2018-11-14,0.0305554312850351,0.02780627662232807,0.0293748659827995,0.182978
2018-11-15,0.0303435485075082,0.028108720312828288,0.0305554312850351,0.175073
2018-11-16,0.0306010137723812,0.02858717839775249,0.0303435485075082,0.161829
2018-11-19,0.0311447961649491,0.02972465926702474,0.0306010137723812,0.182016
2018-11-20,0.0313772742038183,0.030530439913221224,0.0311447961649491,0.198101
2018-11-21,0.0289714194336687,0.029892836397031487,0.0313772742038183,0.180039
2018-11-23,0.0272261784111853,0.03061102958379766,0.0289714194336687,0.188414
2018-11-26,0.0271133597379234,0.028286891979919643,0.0272261784111853,0.1661375
2018-11-27,0.0274269805391997,0.027243932105958192,0.0271133597379234,0.1684095
2018-11-28,0.0270380215107912,0.027435908101268787,0.0274269805391997,0.163698
2018-11-29,0.026350681854166,0.027757035367460887,0.0270380215107912,0.1679284999999999
2018-11-30,0.0259233252960423,0.027612204560210525,0.026350681854166,0.1648695
2018-12-03,0.0262248980830058,0.02528265658389722,0.0259233252960423,0.1408694999999999
2018-12-04,0.0278324495428127,0.02697840427970824,0.0262248980830058,0.1823489999999999
2018-12-06,0.029277234641269,0.02686675173014104,0.0278324495428127,0.185704
2018-12-07,0.0314268478000849,0.02912096549737659,0.029277234641269,0.2071724999999999
2018-12-10,0.0302531667078877,0.029999763673902467,0.0314268478000849,0.1982025
2018-12-11,0.0258963916240549,0.03163632772328936,0.0302531667078877,0.1931175
2018-12-12,0.0260554778206344,0.030255942936409957,0.0258963916240549,0.1869434999999999
2018-12-13,0.0256784738134113,0.024987615404433998,0.0260554778206344,0.1799359999999999
2018-12-14,0.0272493802357876,0.025504736131568683,0.0256784738134113,0.1912975
2018-12-17,0.0268862211031338,0.026398639449933807,0.0272493802357876,0.21495
2018-12-18,0.0318202030263639,0.028311618761923923,0.0268862211031338,0.219333
2018-12-19,0.0345192881173944,0.027076749363608557,0.0318202030263639,0.2121684999999999
2018-12-20,0.0398274376934791,0.032393836729715006,0.0345192881173944,0.2418025
2018-12-21,0.0404624104839564,0.035686318069520974,0.0398274376934791,0.2537115
2018-12-24,0.0428947113731515,0.04299248622442816,0.0404624104839564,0.3044685
2018-12-26,0.0483070213758663,0.04189432176500804,0.0428947113731515,0.261974
2018-12-27,0.0487396580907128,0.04438584841089131,0.0483070213758663,0.2685545
2018-12-28,0.0478943165755303,0.04900243340330983,0.0487396580907128,0.2506775
2018-12-31,0.0471681837977833,0.04855431571574838,0.0478943165755303,0.2314149999999999
2019-01-02,0.0469996157602843,0.038698324279296974,0.0471681837977833,0.2036905
2019-01-03,0.0468466279546379,0.03818163833507407,0.0469996157602843,0.226048
2019-01-04,0.0470834792015348,0.03806169231653569,0.0468466279546379,0.1908595
2019-01-07,0.0475500007607207,0.03795283254427714,0.0470834792015348,0.1869335
2019-01-08,0.0477146166489385,0.03812136606031398,0.0475500007607207,0.177868
2019-01-09,0.0482291169510464,0.038453323437387915,0.0477146166489385,0.1733115
2019-01-10,0.0482308429181778,0.03857045727054417,0.0482291169510464,0.1683175
2019-01-11,0.0479636306465536,0.038936554329572964,0.0482308429181778,0.157253
2019-01-14,0.0475265725256394,0.03893778245614198,0.0479636306465536,0.158293
2019-01-15,0.0474939514367247,0.038747645295138904,0.0475265725256394,0.149693
2019-01-16,0.047576635627107,0.038436652877766556,0.0474939514367247,0.1478135
2019-01-17,0.0472047533068556,0.03841344106493562,0.047576635627107,0.1428295
2019-01-18,0.0442316868749253,0.03847227570274461,0.0472047533068556,0.141344
2019-01-22,0.0430298659802324,0.03820765967979757,0.0442316868749253,0.1711385
2019-01-23,0.0398983419576744,0.03609214901329722,0.0430298659802324,0.165457
2019-01-24,0.0387852242236304,0.03523698314998515,0.0398983419576744,0.152082
2019-01-25,0.0381764978544362,0.03300872063927418,0.0387852242236304,0.1465199999999999
2019-01-28,0.037796560347738,0.03221667226317654,0.0381764978544362,0.1599235
2019-01-29,0.0379046425449126,0.03178352784595803,0.037796560347738,0.1622595
2019-01-30,0.0363193975575049,0.03151318008669127,0.0379046425449126,0.1472495
2019-01-31,0.0353365455544329,0.03159008689190961,0.0363193975575049,0.1370704999999999
2019-02-01,0.0303230512568962,0.030462092359443062,0.0353365455544329,0.1333285
2019-02-04,0.0276506423366292,0.02976273567041675,0.0303230512568962,0.128169
2019-02-05,0.0224010301693267,0.026195341229118832,0.0276506423366292,0.127876
2019-02-06,0.0222338370671666,0.024293765968183643,0.0224010301693267,0.1272735
2019-02-07,0.0195772803986966,0.020558359851574264,0.0222338370671666,0.136543
2019-02-08,0.0139186728514009,0.02043939217995203,0.0195772803986966,0.1320275
2019-02-11,0.0125715507445961,0.018549096723398075,0.0139186728514009,0.1345275
2019-02-12,0.0121357746272816,0.014522666471023519,0.0125715507445961,0.1270355
2019-02-13,0.0114402303750993,0.013564110296355845,0.0121357746272816,0.1281695
2019-02-14,0.0111036405940569,0.013254030099531456,0.0114402303750993,0.132844
2019-02-15,0.0107625726408245,0.01275910968042756,0.0111036405940569,0.121356
2019-02-19,0.0098699449833134,0.012519606363453947,0.0107625726408245,0.1226444999999999
2019-02-20,0.0092692273605617,0.012276916565030532,0.0098699449833134,0.1170385
2019-02-21,0.0088895265768108,0.011641759775260479,0.0092692273605617,0.1203555
2019-02-22,0.0085297543937927,0.011214314049582275,0.0088895265768108,0.1121645
2019-02-25,0.0083959335321943,0.01094413473253888,0.0085297543937927,0.1175295
2019-02-26,0.00842862897351,0.010688135780577772,0.0083959335321943,0.119703
2019-02-27,0.0084004222862604,0.010592914410119569,0.00842862897351,0.1184429999999999
2019-02-28,0.0084971702882362,0.010616179129032828,0.0084004222862604,0.1194109999999999
2019-03-01,0.0093326822617898,0.010596108421193167,0.0084971702882362,0.105602
2019-03-04,0.0091924496884,0.01066495028356942,0.0093326822617898,0.116942
2019-03-05,0.0084873560595317,0.011259465923401192,0.0091924496884,0.116375
2019-03-06,0.0076703713300581,0.011159682244970468,0.0084873560595317,0.127332
2019-03-07,0.0076175956893088,0.01065796688579369,0.0076703713300581,0.139179
2019-03-08,0.007509947534154,0.010076634463817786,0.0076175956893088,0.13613
2019-03-11,0.0070925264412746,0.01003908150847933,0.007509947534154,0.117685
2019-03-12,0.0070987531708553,0.009962483549546,0.0070925264412746,0.112185
2019-03-13,0.0065577255639219,0.009665464026226681,0.0070987531708553,0.109069
2019-03-14,0.0063975391836866,0.009669894708536336,0.0065577255639219,0.109241
2019-03-15,0.0062112644656749,0.00928492192049283,0.0063975391836866,0.104597
2019-03-18,0.0063879141416701,0.009170939941356279,0.0062112644656749,0.1096675
2019-03-19,0.0067879370704944,0.00903839458393645,0.0063879141416701,0.114174
2019-03-20,0.0069945433423769,0.009164091160974941,0.0067879370704944,0.116227
2019-03-21,0.0064010419713574,0.009448730872918101,0.0069945433423769,0.116435
2019-03-22,0.0064058312897294,0.009595743320147381,0.0064010419713574,0.1484065
2019-03-25,0.0066339022985045,0.009173432379668615,0.0064058312897294,0.1455075
2019-03-26,0.0072646668862089,0.009176840259826428,0.0066339022985045,0.13066
2019-03-27,0.0073796426448523,0.009339126122867154,0.0072646668862089,0.1357915
2019-03-28,0.0071433449513469,0.009787952021612034,0.0073796426448523,0.1264655
2019-03-29,0.0071893519855029,0.009869763999032652,0.0071433449513469,0.1159595
2019-04-01,0.0071232340714632,0.009701624368612237,0.0071893519855029,0.1097435
2019-04-02,0.0072063069450216,0.009734361064451177,0.0071232340714632,0.1067525
2019-04-03,0.007118667104097,0.009687314301252237,0.0072063069450216,0.1109965
2019-04-04,0.0070894613599382,0.00974642550987583,0.007118667104097,0.1088085
2019-04-05,0.0070262615795713,0.009684064636840777,0.0070894613599382,0.101237
2019-04-08,0.0069740977057232,0.009663283041573526,0.0070262615795713,0.1041265
2019-04-09,0.006745702952735,0.009618312701169848,0.0069740977057232,0.1146805
2019-04-10,0.0067487273597655,0.009581195053764983,0.006745702952735,0.106439
2019-04-11,0.0065657595127528,0.009418678827780236,0.0067487273597655,0.1042144999999999
2019-04-12,0.0053423628285571,0.009420830870285625,0.0065657595127528,0.0971545
2019-04-15,0.0053517723046439,0.009290638545006615,0.0053423628285571,0.098582
2019-04-16,0.0054235368698402,0.008420120245455267,0.0053517723046439,0.098467
2019-04-17,0.0052902773602888,0.00842681563806877,0.0054235368698402,0.1009859999999999
2019-04-18,0.0051193032745424,0.008477880323848752,0.0052902773602888,0.0976789999999999
2019-04-22,0.0051955797070412,0.008383058388206514,0.0051193032745424,0.0992
2019-04-23,0.0051478791231641,0.008261400325605867,0.0051955797070412,0.0960935
2019-04-24,0.0051527495297961,0.008315675468879085,0.0051478791231641,0.1021345
2019-04-25,0.0052644730348649,0.008281733713354712,0.0051527495297961,0.102307
2019-04-26,0.0051517268155852,0.008285199292552517,0.0052644730348649,0.097175
2019-04-29,0.0054134979206201,0.00836469710132445,0.0051517268155852,0.100562
2019-04-30,0.005066056581382,0.008284471571571004,0.0054134979206201,0.1006345
2019-05-01,0.0050822054881513,0.008470737024281852,0.005066056581382,0.1137835
2019-05-02,0.0048018257526577,0.008223512188924188,0.0050822054881513,0.1160954999999999
2019-05-03,0.0052107604652368,0.008235003080670118,0.0048018257526577,0.102336
2019-05-06,0.0059794433991405,0.008035496498934522,0.0052107604652368,0.1224425
2019-05-07,0.0060208612175771,0.008326477466286019,0.0059794433991405,0.1731255
2019-05-08,0.0062089274184617,0.008873440335452135,0.0060208612175771,0.1694695
2019-05-09,0.0084421805720147,0.008902911535874964,0.0062089274184617,0.1688299999999999
2019-05-10,0.0087139810258608,0.009036731638146023,0.0084421805720147,0.1409715
2019-05-13,0.0092791579135812,0.010625821884027107,0.0087139810258608,0.179499
2019-05-14,0.0096762120042161,0.010819223805052375,0.0092791579135812,0.161489
2019-05-15,0.0100577494614418,0.011221380218912155,0.0096762120042161,0.146183
2019-05-16,0.0106923997285409,0.01150390742883069,0.0100577494614418,0.1331415
2019-05-17,0.0109440740238207,0.011775393646481853,0.0106923997285409,0.1396605
2019-05-20,0.010895435903684,0.012226984433396672,0.0109440740238207,0.1477939999999999
2019-05-21,0.0109425621799348,0.012406065415385595,0.010895435903684,0.1322775
2019-05-22,0.0114625740961439,0.012371456547974276,0.0109425621799348,0.1309624999999999
2019-05-23,0.0116101018631912,0.012404989650030217,0.0114625740961439,0.152436
2019-05-24,0.0120015650728734,0.012775008544876568,0.0116101018631912,0.145815
2019-05-28,0.0123533736590424,0.012879983180304044,0.0120015650728734,0.15864
2019-05-29,0.0125123031958778,0.013158532151403715,0.0123533736590424,0.163234
2019-05-30,0.0124548476619597,0.013408864538401104,0.0125123031958778,0.160178
2019-05-31,0.0129090882146457,0.01352195219994352,0.0124548476619597,0.17314
2019-06-03,0.012919402771593,0.013481069226879815,0.0129090882146457,0.174707
2019-06-04,0.0132866173288344,0.013804287949490172,0.012919402771593,0.155507
2019-06-05,0.0135955455223747,0.013811627360075785,0.0132866173288344,0.1456055
2019-06-06,0.0137352765999111,0.014072921996615074,0.0135955455223747,0.1412074999999999
2019-06-07,0.0138972329291155,0.014292742476103272,0.0137352765999111,0.141148
2019-06-10,0.0141981580291913,0.014392169310900878,0.0138972329291155,0.1399659999999999
2019-06-11,0.013989699856897,0.01450741071225655,0.0141981580291913,0.142117
2019-06-12,0.0140001735797986,0.014721536522628944,0.013989699856897,0.140884
2019-06-13,0.0136130839090578,0.014573206339935571,0.0140001735797986,0.1406454999999999
2019-06-14,0.0136363091062576,0.014580659006407579,0.0136130839090578,0.1366475
2019-06-17,0.0134627522627962,0.014305222064081136,0.0136363091062576,0.137217
2019-06-18,0.0125608317295594,0.014321748150373749,0.0134627522627962,0.133654
2019-06-19,0.0126089701253488,0.014198252304588582,0.0125608317295594,0.1241579999999999
2019-06-20,0.0118617926089442,0.01355648309018212,0.0126089701253488,0.124852
2019-06-21,0.0094343703164005,0.013590736374490526,0.0118617926089442,0.13125
2019-06-24,0.0090660693085704,0.013059075867766865,0.0094343703164005,0.1327654999999999
2019-06-25,0.0085843861194658,0.011331822922180036,0.0090660693085704,0.141822
2019-06-26,0.0081261359643779,0.011069755212498374,0.0085843861194658,0.140558
2019-06-27,0.007615095047493,0.010727009448905367,0.0081261359643779,0.135881
2019-06-28,0.0071880919941741,0.01040093765965696,0.007615095047493,0.131735
2019-07-01,0.0070649475087254,0.0100373021555602,0.0071880919941741,0.1157199999999999
2019-07-02,0.0069985218441423,0.009733464506921502,0.0070649475087254,0.105989
2019-07-03,0.0072626788145933,0.009645840002574898,0.0069985218441423,0.1021535
2019-07-05,0.0067678712531919,0.009598574256863427,0.0072626788145933,0.1063794999999999
2019-07-08,0.0066166167264032,0.00978653739237153,0.0067678712531919,0.1141985
2019-07-09,0.0063365670209548,0.00943445287022042,0.0066166167264032,0.116286
2019-07-10,0.005990901233015,0.009326826427251834,0.0063365670209548,0.1078765
2019-07-11,0.0057430780356835,0.00912755468119747,0.005990901233015,0.10588
2019-07-12,0.0057100114812005,0.008881593254443841,0.0057430780356835,0.1002175
2019-07-15,0.0051331649916285,0.008705252553903014,0.0057100114812005,0.1019175
2019-07-16,0.0050846567843223,0.008681723766264124,0.0051331649916285,0.1026025
2019-07-17,0.0047914722131366,0.008271263748110227,0.0050846567843223,0.1113359999999999
2019-07-18,0.0045152128524809,0.008236747321276654,0.0047914722131366,0.110219
2019-07-19,0.0042243607090756,0.00802812934996749,0.0045152128524809,0.115909
2019-07-22,0.0039840143847204,0.00783155465593744,0.0042243607090756,0.1099755
2019-07-23,0.003664405354503,0.007624596343422068,0.0039840143847204,0.103149
2019-07-24,0.003685280346447,0.0074535758753400735,0.003664405354503,0.0994684999999999
2019-07-25,0.0036481409676285,0.007226155355814126,0.003685280346447,0.1071505
2019-07-26,0.0036046952721543,0.007241009133599366,0.0036481409676285,0.0983845
2019-07-29,0.0036533293667836,0.0072145822932187,0.0036046952721543,0.1024315
2019-07-30,0.0045972688037576,0.007183668139669322,0.0036533293667836,0.1128305
2019-07-31,0.0065613717935237,0.007218274142696664,0.0045972688037576,0.1285295
2019-08-01,0.0066765452217511,0.007889942264875929,0.0065613717935237,0.1527065
2019-08-02,0.0082868102863448,0.009287516426129256,0.0066765452217511,0.157583
2019-08-05,0.0087927669852162,0.009369469057020954,0.0082868102863448,0.20902
2019-08-06,0.0109965772098065,0.010515266837876163,0.0087927669852162,0.176115
2019-08-07,0.0109678152668245,0.010875284623470954,0.0109965772098065,0.1709304999999999
2019-08-08,0.0115634764400931,0.012443424503223433,0.0109678152668245,0.144572
2019-08-09,0.0118670306387302,0.012422958698452231,0.0115634764400931,0.155969
2019-08-12,0.0127870416649689,0.01284680646456208,0.0118670306387302,0.1840935
2019-08-13,0.0126964287455647,0.013062803032341702,0.0127870416649689,0.1568939999999999
2019-08-14,0.0132694261900854,0.013717444690665579,0.0126964287455647,0.204861
2019-08-15,0.0130343773039018,0.013652968298391403,0.0132694261900854,0.195155
2019-08-16,0.0131024460552403,0.0140606894958535,0.0130343773039018,0.166532
2019-08-19,0.0131581537126295,0.013893438464887605,0.0131024460552403,0.146143
2019-08-20,0.0130489097163348,0.013941873362932742,0.0131581537126295,0.157364
2019-08-21,0.0135399321716021,0.013981512619609587,0.0130489097163348,0.1428175
2019-08-22,0.015742323668904,0.013903779126361503,0.0135399321716021,0.1481675
2019-08-23,0.0159526495824668,0.014253170324100308,0.015742323668904,0.1926025
2019-08-26,0.0163464183452719,0.015820300696403094,0.0159526495824668,0.1795625
2019-08-27,0.0166948292104393,0.015969959886256664,0.0163464183452719,0.1850764999999999
2019-08-28,0.0167218813339725,0.016250149393259368,0.0166948292104393,0.1742245
2019-08-29,0.0170060463989806,0.016498064103025102,0.0167218813339725,0.15688
2019-08-30,0.0172077483581156,0.016517313271247964,0.0170060463989806,0.1604205
2019-09-03,0.0171638933384093,0.016719513336344086,0.0172077483581156,0.172831
2019-09-04,0.0173580657367532,0.016863036078191153,0.0171638933384093,0.149884
2019-09-05,0.017317647140947,0.0168318306665085,0.0173580657367532,0.1321345
2019-09-06,0.0174544345986204,0.01696999568543469,0.017317647140947,0.1251315
2019-09-09,0.0176861943962814,0.01694123549035978,0.0174544345986204,0.1260295
2019-09-10,0.0177218812804142,0.017038567767447065,0.0176861943962814,0.126452
2019-09-11,0.0166393949436752,0.017203478419544227,0.0177218812804142,0.121118
2019-09-12,0.0145680345624015,0.017228871724996903,0.0166393949436752,0.1163635
2019-09-13,0.0140848392173847,0.01645861937976914,0.0145680345624015,0.114069
2019-09-16,0.0123306793318307,0.014984725310773956,0.0140848392173847,0.123222
2019-09-17,0.0123957919290013,0.014640903559800609,0.0123306793318307,0.1214925
2019-09-18,0.0103185571020845,0.013392716197156599,0.0123957919290013,0.118448
2019-09-19,0.0105606895557548,0.01343904761860032,0.0103185571020845,0.1174705
2019-09-20,0.0100363403779905,0.011960973537922824,0.0105606895557548,0.1286515
2019-09-23,0.0102528938324585,0.012133264941486532,0.0100363403779905,0.128782
2019-09-24,0.0095999841067883,0.011760159831349166,0.0102528938324585,0.1493145
2019-09-25,0.009851274072708,0.01191425028081723,0.0095999841067883,0.1365035
2019-09-26,0.009943134509618,0.011449666821099398,0.009851274072708,0.1390285
2019-09-27,0.0099118381510087,0.011628474330268469,0.009943134509618,0.1517075
2019-09-30,0.0102906661604096,0.01169383840421764,0.0099118381510087,0.14306
2019-10-01,0.0108031093553817,0.011671569214484933,0.0102906661604096,0.1637009999999999
2019-10-02,0.0123952629448163,0.01194112750152811,0.0108031093553817,0.1884165
2019-10-03,0.0118444646543388,0.012305760808505763,0.0123952629448163,0.176546
2019-10-04,0.0099638398692007,0.013438671215411424,0.0118444646543388,0.151086
2019-10-07,0.0098806942177327,0.013046746014520848,0.0099638398692007,0.1580125
2019-10-08,0.009649642424771,0.0117085714786557,0.0098806942177327,0.1853855
2019-10-09,0.0096249253214298,0.011649408484292512,0.009649642424771,0.1689205
2019-10-10,0.0100773221083565,0.011485001618951413,0.0096249253214298,0.1608275
2019-10-11,0.0097782932628675,0.011467413954174832,0.0100773221083565,0.1413174999999999
2019-10-14,0.0096991028946646,0.011789320729602162,0.0097782932628675,0.132873
2019-10-15,0.0097173471868681,0.01157654421528373,0.0096991028946646,0.118724
2019-10-16,0.009605462828886,0.011520195636315532,0.0097173471868681,0.1209625
2019-10-17,0.0097637958884987,0.011533177517360885,0.009605462828886,0.1196609999999999
2019-10-18,0.0096083942277074,0.011453565252332553,0.0097637958884987,0.1235535
2019-10-21,0.0093893525173639,0.011566228485441955,0.0096083942277074,0.118766
2019-10-22,0.0092793486881985,0.011455651114056945,0.0093893525173639,0.1223045
2019-10-23,0.0092319526031612,0.011299790124990751,0.0092793486881985,0.118569
2019-10-24,0.0092797296020212,0.011221515966211126,0.0092319526031612,0.113448
2019-10-25,0.0092683525454964,0.011187790879421972,0.0092797296020212,0.105782
2019-10-28,0.0093671203906707,0.011221787008676334,0.0092683525454964,0.1089175
2019-10-29,0.0090472807982984,0.011213691567493755,0.0093671203906707,0.1117025
2019-10-30,0.0091708372198246,0.011283970666450123,0.0090472807982984,0.1055079999999999
2019-10-31,0.0088275357038129,0.011056386088464955,0.0091708372198246,0.1104354999999999
2019-11-01,0.0087585572267729,0.01114430370942561,0.0088275357038129,0.1021865
2019-11-04,0.0082113614936031,0.010900024600439484,0.0087585572267729,0.1040195
2019-11-05,0.0077310104581843,0.010850942379346184,0.0082113614936031,0.107326
2019-11-06,0.0075743532437388,0.01046158060870031,0.0077310104581843,0.105511
2019-11-07,0.0070396472951648,0.010119782750374895,0.0075743532437388,0.1063949999999999
2019-11-08,0.0069806433251647,0.010008311979125254,0.0070396472951648,0.1022955
2019-11-11,0.0066296354414627,0.00962783742077001,0.0069806433251647,0.1083465
2019-11-12,0.0061155266916895,0.009585852644863056,0.0066296354414627,0.1079695
2019-11-13,0.0045670680329602,0.009336090004505512,0.0061155266916895,0.1094205
2019-11-14,0.0045538496311831,0.008970271557865481,0.0045670680329602,0.1084125
2019-11-15,0.0042761268744724,0.00786845264995436,0.0045538496311831,0.0996165
2019-11-18,0.0041849590588002,0.007859046983921062,0.0042761268744724,0.1038455
2019-11-19,0.0043487047122792,0.0076614309980011265,0.0041849590588002,0.1044075
2019-11-20,0.0041373441720673,0.007596559764575354,0.0043487047122792,0.1074035
2019-11-21,0.0035998235374247,0.007713074374813306,0.0041373441720673,0.111888
2019-11-22,0.0035488838192634,0.007562678987581664,0.0035998235374247,0.1047915
2019-11-25,0.0033834038789369,0.007180201615452391,0.0035488838192634,0.0977105
2019-11-26,0.0033293456192253,0.0071439550264218235,0.0033834038789369,0.0954865
2019-11-27,0.003240778391046,0.007026206369650215,0.0033293456192253,0.0951615
2019-11-29,0.0031085526158152,0.006987740755897318,0.003240778391046,0.1050575
2019-12-02,0.0034479584065721,0.006924719992585942,0.0031085526158152,0.1257955
2019-12-03,0.0034675676636903,0.006830633619377852,0.0034479584065721,0.138851
2019-12-04,0.0036137838323038,0.007072140691976975,0.0034675676636903,0.1295
2019-12-05,0.0035388064033161,0.007086093825398473,0.0036137838323038,0.1272905
2019-12-06,0.0034847479496203,0.007190135181822467,0.0035388064033161,0.1140745
2019-12-09,0.0035405523008471,0.007136784355528529,0.0034847479496203,0.1271075
2019-12-10,0.0034497960022108,0.007098318603744528,0.0035405523008471,0.1298659999999999
2019-12-11,0.0034540045464234,0.007138026663742627,0.0034497960022108,0.123503
2019-12-12,0.0034328977278011,0.007073448248758295,0.0034540045464234,0.111015
2019-12-13,0.0035049540253809,0.007076442874131134,0.0034328977278011,0.097577
2019-12-16,0.0034729553558744,0.007061424138104313,0.0035049540253809,0.092585
2019-12-17,0.0034477048814194,0.007112696408539124,0.0034729553558744,0.0927935
2019-12-18,0.0033550697512762,0.00708992748352359,0.0034477048814194,0.0960905
2019-12-19,0.0032454662077491,0.007071960294001672,0.0033550697512762,0.092273
2019-12-20,0.0031234031632248,0.007006044980503832,0.0032454662077491,0.092418
2019-12-23,0.0030832760930724,0.00692805564836931,0.0031234031632248,0.096012
2019-12-24,0.0029307624890103,0.006841200652495905,0.0030832760930724,0.096852
2019-12-26,0.0028719637090235,0.00681264789497555,0.0029307624890103,0.096389
2019-12-27,0.0028763340730467,0.006704125544881173,0.0028719637090235,0.105766
2019-12-30,0.0028910491288828,0.0066622867736706275,0.0028763340730467,0.1217145
2019-12-31,0.0029950443312811,0.00666539654330385,0.0028910491288828,0.112603
2020-01-02,0.0031325104545611,0.002439815901417515,0.0029950443312811,0.1003255
2020-01-03,0.0028347043295714,0.0031843082327559138,0.0031325104545611,0.1163615
2020-01-06,0.0027706987128592,0.003262509502007389,0.0028347043295714,0.1136045
2020-01-07,0.0029921063559639,0.002883010224018474,0.0027706987128592,0.114768
2020-01-08,0.0030165120154232,0.0029465854569869637,0.0029921063559639,0.1130495
2020-01-09,0.0030609708344076,0.002636232024710484,0.0030165120154232,0.1018225
2020-01-10,0.0030799448160261,0.0025541052433915787,0.0030609708344076,0.103717
2020-01-13,0.0031589983485579,0.0024312673761495932,0.0030799448160261,0.1008305
2020-01-14,0.0031884614960636,0.0026129617031379927,0.0031589983485579,0.1036055
2020-01-15,0.0028357509221486,0.002447734153165026,0.0031884614960636,0.101188
2020-01-16,0.0027765489623753,0.0023342377437582038,0.0028357509221486,0.0975725
2020-01-17,0.0026668086690531,0.0019846046304548177,0.0027765489623753,0.097075
2020-01-21,0.0027101062725164,0.0026556249006885833,0.0026668086690531,0.1069135
2020-01-22,0.0028938459092703,0.0025057178962711608,0.0027101062725164,0.107659
2020-01-23,0.0033449077205016,0.0025421042360810678,0.0028938459092703,0.1093015
2020-01-24,0.003543980463177,0.0036896312541035096,0.0033449077205016,0.128008
2020-01-27,0.0035129923944317,0.0056862025309579265,0.003543980463177,0.1578554999999999
2020-01-28,0.0033062321108056,0.00532327026502011,0.0035129923944317,0.1430735
2020-01-29,0.0037272233080676,0.005123024773002711,0.0033062321108056,0.1443019999999999
2020-01-30,0.0042975361925127,0.004480424793074292,0.0037272233080676,0.1372025
2020-01-31,0.0047849897434577,0.006122054360786538,0.0042975361925127,0.16362
2020-02-03,0.0049733789007858,0.006099957479055014,0.0047849897434577,0.1565079999999999
2020-02-04,0.0051399408823121,0.005647330964456444,0.0049733789007858,0.1365974999999999
2020-02-05,0.0052247827191689,0.0050411606137881395,0.0051399408823121,0.125698
2020-02-06,0.0053286631664721,0.004821582154443003,0.0052247827191689,0.120507
2020-02-07,0.0053445349364,0.005190385222306911,0.0053286631664721,0.127845
2020-02-10,0.0054604104174504,0.0051704894192418464,0.0053445349364,0.124466
2020-02-11,0.005379518190819,0.005186670942875383,0.0054604104174504,0.123945
2020-02-12,0.0055301662668206,0.004897170087636295,0.005379518190819,0.1113395
2020-02-13,0.0054886151931213,0.005065003080254945,0.0055301662668206,0.116257
2020-02-14,0.0054361870785975,0.004886413803642927,0.0054886151931213,0.1112925
2020-02-18,0.0054278042865984,0.005414315730801667,0.0054361870785975,0.119182
2020-02-19,0.0064202817086668,0.005162131161289952,0.0054278042865984,0.1142914999999999
2020-02-20,0.0063079155997482,0.005487640990560658,0.0064202817086668,0.122287
2020-02-21,0.0067293806425521,0.00728445785844393,0.0063079155997482,0.144502
2020-02-24,0.008375982525839,0.010639754007645427,0.0067293806425521,0.210826
2020-02-25,0.0109090256843703,0.012546856659990809,0.008375982525839,0.2431225
2020-02-26,0.0145715729963141,0.013463225124787096,0.0109090256843703,0.2359149999999999
2020-02-27,0.0206882930982759,0.01931323306899468,0.0145715729963141,0.331032
2020-02-28,0.0247286587123447,0.02527329950763036,0.0206882930982759,0.390044
2020-03-02,0.0323671380685937,0.02562493817617826,0.0247286587123447,0.2691475
2020-03-03,0.0333320250850602,0.032138508315806745,0.0323671380685937,0.331139
2020-03-04,0.0352921336454945,0.03543682163809933,0.0333320250850602,0.258589
2020-03-05,0.0390810720860395,0.039396760658698224,0.0352921336454945,0.3428175
2020-03-06,0.0402434210221061,0.04050747541099606,0.0390810720860395,0.3560025
2020-03-09,0.0527444222431709,0.051296013106749444,0.0402434210221061,0.4850605
2020-03-10,0.0569863235124169,0.04818579538763862,0.0527444222431709,0.4182405
2020-03-11,0.0639647433019888,0.06436945320771728,0.0569863235124169,0.485475
2020-03-12,0.0851852482623683,0.07691501117725123,0.0639647433019888,0.6773499999999999
2020-03-13,0.0984339415576531,0.07086786481000157,0.0851852482623683,0.5124925
2020-03-16,0.1157559312317511,0.10374827345709042,0.0984339415576531,0.762775
2020-03-17,0.1448460937658857,0.1100538912388431,0.1157559312317511,0.671788
2020-03-18,0.1605974489224039,0.12692223584556744,0.1448460937658857,0.7160015
2020-03-19,0.1669870834988205,0.15491638525677556,0.1605974489224039,0.646151
2020-03-20,0.1755123348393626,0.1685598515215779,0.1669870834988205,0.5843780000000001
2020-03-23,0.1758533365629232,0.17535437573573776,0.1755123348393626,0.551465
2020-03-24,0.1949350060893245,0.18153823593439725,0.1758533365629232,0.529611
2020-03-25,0.1961792845014627,0.18190887676836592,0.1949350060893245,0.581704
2020-03-26,0.2026046461790647,0.19648950671899212,0.1961792845014627,0.5270239999999999
2020-03-27,0.2043608510246228,0.19645706984935918,0.2026046461790647,0.5640555
2020-03-30,0.2067841812307111,0.19959596174605304,0.2043608510246228,0.4836359999999999
2020-03-31,0.2100408205501898,0.22338941023914557,0.2067841812307111,0.451241
2020-04-01,0.209889806489349,0.22520851978033404,0.2100408205501898,0.5091975
2020-04-02,0.213336881963571,0.2252631006279869,0.209889806489349,0.4518
2020-04-03,0.2148542824452387,0.22277310064357883,0.213336881963571,0.422098
2020-04-06,0.2152897197375205,0.22531484210405603,0.2148542824452387,0.3797089999999999
2020-04-07,0.2158116133565724,0.22696226232507774,0.2152897197375205,0.4040525
2020-04-08,0.2137532563721324,0.22441801715165402,0.2158116133565724,0.378868
2020-04-09,0.2102683252808503,0.2235959077595552,0.2137532563721324,0.3673735
2020-04-13,0.2065052722087954,0.22020706124724296,0.2102683252808503,0.369123
2020-04-14,0.1997618229964803,0.21460406774803753,0.2065052722087954,0.334289
2020-04-15,0.2001154996155882,0.20959859632665642,0.1997618229964803,0.3585875
2020-04-16,0.1987471472976533,0.20046329812264854,0.2001154996155882,0.3508255
2020-04-17,0.1958727364775596,0.19919878843640063,0.1987471472976533,0.327269
2020-04-20,0.1948010510819105,0.19885486849399725,0.1958727364775596,0.3707425
2020-04-21,0.1828272793798097,0.1958931683676226,0.1948010510819105,0.402812
2020-04-22,0.1800907006143309,0.19265927929283094,0.1828272793798097,0.3638964999999999
2020-04-23,0.1742171769216466,0.17833244451840102,0.1800907006143309,0.352203
2020-04-24,0.1528593815913901,0.17350111029817028,0.1742171769216466,0.307063
2020-04-27,0.1397999143243215,0.167303557000704,0.1528593815913901,0.2792155
2020-04-28,0.1226827102886369,0.14401239765782273,0.1397999143243215,0.289452
2020-04-29,0.0941656158032577,0.12887708111916873,0.1226827102886369,0.262777
2020-04-30,0.0786600279891841,0.11038463741551369,0.0941656158032577,0.2833825
2020-05-01,0.0730384177143809,0.07916436989934814,0.0786600279891841,0.3236025
2020-05-04,0.0653054249733214,0.062334192753732975,0.0730384177143809,0.307462
2020-05-05,0.0653198779410762,0.05655174166073529,0.0653054249733214,0.287563
2020-05-06,0.0465612521564719,0.04878243180609915,0.0653198779410762,0.2940345
2020-05-07,0.045507856174427,0.048996281780038134,0.0465612521564719,0.2774419999999999
2020-05-08,0.0395826471282161,0.02719391550504631,0.045507856174427,0.2398175
2020-05-11,0.0382089991518525,0.027964146139173134,0.0395826471282161,0.2309005
2020-05-12,0.0381444260897188,0.023768539492672297,0.0382089991518525,0.270918
2020-05-13,0.0374027602739777,0.02376892706584991,0.0381444260897188,0.303166
2020-05-14,0.0372011368387613,0.02437802132433501,0.0374027602739777,0.286263
2020-05-15,0.0342667783207139,0.024021591884078215,0.0372011368387613,0.2699245
2020-05-18,0.0329382441759025,0.02474767574038539,0.0342667783207139,0.24378
2020-05-19,0.030986067924529,0.02301676575726381,0.0329382441759025,0.2579925
2020-05-20,0.0284351222335933,0.02207816718887364,0.030986067924529,0.2378665
2020-05-21,0.0270338893862315,0.021080137795585277,0.0284351222335933,0.2484855
2020-05-22,0.0248160875602739,0.018762819690665594,0.0270338893862315,0.2415765
2020-05-26,0.0273842139339169,0.019325668984953165,0.0248160875602739,0.2370999999999999
2020-05-27,0.0273569725029413,0.017855129148333957,0.0273842139339169,0.2264585
2020-05-28,0.0271907257810882,0.022236641710499674,0.0273569725029413,0.2371065
2020-05-29,0.0267871593704381,0.02282691924093929,0.0271907257810882,0.226384
2020-06-01,0.0259563354296515,0.024305155610002398,0.0267871593704381,0.232422
2020-06-02,0.0255311362423917,0.023997532499906365,0.0259563354296515,0.218963
2020-06-03,0.0254232643611637,0.023193171580128277,0.0255311362423917,0.2110675
2020-06-04,0.0243527302486586,0.022984832203891647,0.0254232643611637,0.2136845
2020-06-05,0.0233009513405448,0.023169638120939244,0.0243527302486586,0.19801
2020-06-08,0.0232960302418351,0.02324777420926292,0.0233009513405448,0.2129885
2020-06-09,0.0230112777957835,0.02273091583791447,0.0232960302418351,0.227739
2020-06-10,0.022595350845979,0.022905999138654317,0.0230112777957835,0.2270835
2020-06-11,0.0270928440340884,0.02641215397226597,0.022595350845979,0.33881
2020-06-12,0.0303121186494702,0.024195156460184997,0.0270928440340884,0.297534
2020-06-15,0.0323325875198214,0.029611330466710183,0.0303121186494702,0.2938995
2020-06-16,0.0316743752326679,0.03346727895022866,0.0323325875198214,0.2870115
2020-06-17,0.0315304284152142,0.03503353036286384,0.0316743752326679,0.2800825
2020-06-18,0.0325113370551004,0.033432887118854435,0.0315304284152142,0.2725605
2020-06-19,0.0328765834983098,0.03345175566797494,0.0325113370551004,0.274269
2020-06-22,0.0325315332279311,0.03470850162200191,0.0328765834983098,0.2621084999999999
2020-06-23,0.0334048155589971,0.03483818022419167,0.0325315332279311,0.256464
2020-06-24,0.0321896429757537,0.0351454351748375,0.0334048155589971,0.292527
2020-06-25,0.0299049147633683,0.03500135441648221,0.0321896429757537,0.266171
2020-06-26,0.0301612829276098,0.034005263448567594,0.0299049147633683,0.2965415
2020-06-29,0.0301348175496516,0.03094040339161782,0.0301612829276098,0.2677285
2020-06-30,0.0298026856716288,0.03075791563881464,0.0301348175496516,0.243664
2020-07-01,0.030343848489071,0.029783483113682053,0.0298026856716288,0.2322334999999999
2020-07-02,0.0298634627923177,0.028845511106857458,0.030343848489071,0.224862
2020-07-06,0.0301682790291834,0.03023663211482565,0.0298634627923177,0.2261205
2020-07-07,0.030121975066905,0.030101490690389768,0.0301682790291834,0.2417735
2020-07-08,0.0292281380808327,0.02963616923169768,0.030121975066905,0.2294765
2020-07-09,0.0290412465377994,0.02973193862482932,0.0292281380808327,0.2418035
2020-07-10,0.0300627479464449,0.027944292777681123,0.0290412465377994,0.225372
2020-07-13,0.0307338403772274,0.029506981849684845,0.0300627479464449,0.2615085
2020-07-14,0.0310319411552882,0.030203189934793036,0.0307338403772274,0.239956
2020-07-15,0.0309916762885881,0.03060690996995076,0.0310319411552882,0.2295499999999999
2020-07-16,0.0306922243440744,0.030583057430666777,0.0309916762885881,0.225435
2020-07-17,0.0304465931229241,0.030079586177264216,0.0306922243440744,0.2096505
2020-07-20,0.030604623948806,0.03014972993655427,0.0304465931229241,0.1980075
2020-07-21,0.0303484227612246,0.030252021808274507,0.030604623948806,0.20577
2020-07-22,0.0306565109459006,0.029907695559580352,0.0303484227612246,0.195112
2020-07-23,0.0306776901181574,0.03011961778408601,0.0306565109459006,0.213042
2020-07-24,0.0255663554956922,0.029948452492824948,0.0306776901181574,0.2119619999999999
2020-07-27,0.0221207447512418,0.03020778862370977,0.0255663554956922,0.200051
2020-07-28,0.0194245114844558,0.02477242409221063,0.0221207447512418,0.209308
2020-07-29,0.0201858150630539,0.02037565850594883,0.0194245114844558,0.193635
2020-07-30,0.021993831825988,0.01748340865798862,0.0201858150630539,0.2054385
2020-07-31,0.0206314179619076,0.017521671329577,0.021993831825988,0.194349
2020-08-03,0.0201130815254415,0.019977371337110528,0.0206314179619076,0.1954555
2020-08-04,0.0197773813671262,0.018493384071952727,0.0201130815254415,0.190915
2020-08-05,0.0185546394483594,0.01753900819913702,0.0197773813671262,0.1815515
2020-08-06,0.0174483580965275,0.017253147929066945,0.0185546394483594,0.176418
2020-08-07,0.0175407970187235,0.015733458164406862,0.0174483580965275,0.17482
2020-08-10,0.0172038203991454,0.014776630760927873,0.0175407970187235,0.1759069999999999
2020-08-11,0.0166685153691953,0.015998374115300935,0.0172038203991454,0.1965175
2020-08-12,0.0165799699882707,0.014730278885652334,0.0166685153691953,0.175649
2020-08-13,0.015918113342196,0.01391142655092203,0.0165799699882707,0.1763605
2020-08-14,0.0158838027826666,0.013632790072317984,0.015918113342196,0.1751925
2020-08-17,0.0155361767904918,0.013154656858816127,0.0158838027826666,0.1704715
2020-08-18,0.0152530035102457,0.013260091205653,0.0155361767904918,0.169673
2020-08-19,0.0135468162359736,0.013211027010530273,0.0152530035102457,0.175807
2020-08-20,0.0129415030908445,0.01270477485554883,0.0135468162359736,0.1711685
2020-08-21,0.0107665029548296,0.010691131233851708,0.0129415030908445,0.1667265
2020-08-24,0.0099318810377082,0.010526764293598764,0.0107665029548296,0.167799
2020-08-25,0.0094790701309796,0.007945121562139612,0.0099318810377082,0.165431
2020-08-26,0.0096735362207053,0.0075862785891431545,0.0094790701309796,0.1761275
2020-08-27,0.0095011026239081,0.007051383859173855,0.0096735362207053,0.1819339999999999
2020-08-28,0.0091754431672899,0.0065641546636328475,0.0095011026239081,0.1711065
2020-08-31,0.0091814724495214,0.006895112334083674,0.0091754431672899,0.1930675
2020-09-01,0.0095576514686252,0.006383017047814733,0.0091814724495214,0.1927245
2020-09-02,0.0114158699208282,0.006894715370749859,0.0095576514686252,0.200234
2020-09-03,0.0178947743055908,0.009451074254026621,0.0114158699208282,0.254034
2020-09-04,0.0181171056647312,0.012144296757637198,0.0178947743055908,0.2366945
2020-09-08,0.0189904882786574,0.02163968030528251,0.0181171056647312,0.258147
2020-09-09,0.0202367625858322,0.020643773847694228,0.0189904882786574,0.236399
2020-09-10,0.0205388782292889,0.021790155367989852,0.0202367625858322,0.2480895
2020-09-11,0.0190603009203226,0.02221328616622372,0.0205388782292889,0.2282565
2020-09-14,0.0192560451091505,0.022045962435061885,0.0190603009203226,0.2171765
2020-09-15,0.0197704991884831,0.019979704584268457,0.0192560451091505,0.2135035
2020-09-16,0.020504549502163,0.019998249476854378,0.0197704991884831,0.215422
2020-09-17,0.0218479171348101,0.0208613550152847,0.020504549502163,0.221963
2020-09-18,0.0239680146767544,0.021321933578766536,0.0218479171348101,0.2188485
2020-09-21,0.0245148939616,0.02398414163624805,0.0239680146767544,0.238703
2020-09-22,0.0244186305653024,0.0256801863892592,0.0245148939616,0.229687
2020-09-23,0.0260759201621073,0.02675829651996616,0.0244186305653024,0.2539125
2020-09-24,0.0267771523334965,0.026191875145644965,0.0260759201621073,0.2488885
2020-09-25,0.0268750732648967,0.027101561126764165,0.0267771523334965,0.229305
2020-09-28,0.0271016792543366,0.028013644147976337,0.0268750732648967,0.2372225
2020-09-29,0.0280207157159872,0.028653656250955093,0.0271016792543366,0.239669
2020-09-30,0.0282929431090875,0.028287379370477247,0.0280207157159872,0.2355999999999999
2020-10-01,0.0287925756913271,0.028913986052449422,0.0282929431090875,0.2403835
2020-10-02,0.0287053848006971,0.02887948511085312,0.0287925756913271,0.2472214999999999
2020-10-05,0.0300548959912305,0.028924831468321796,0.0287053848006971,0.2458725
2020-10-06,0.0301279561574043,0.028997711584065146,0.0300548959912305,0.2553375
2020-10-07,0.0300212745574871,0.029545248055699448,0.0301279561574043,0.240642
2020-10-08,0.0297475827179017,0.028865847814298826,0.0300212745574871,0.2265329999999999
2020-10-09,0.0300999930297458,0.02845290240411341,0.0297475827179017,0.2110179999999999
2020-10-12,0.030220413856602,0.028715978068308175,0.0300999930297458,0.2125195
2020-10-13,0.0304482680234084,0.029256850961219993,0.030220413856602,0.22218
2020-10-14,0.0305010788747892,0.029264381065472505,0.0304482680234084,0.2273345
2020-10-15,0.0283588112196719,0.029179305807902477,0.0305010788747892,0.2331565
2020-10-16,0.0223869253982327,0.029059437740459944,0.0283588112196719,0.2334979999999999
2020-10-19,0.0229268774200898,0.02765597814146721,0.0223869253982327,0.2563634999999999
2020-10-20,0.022356207676817,0.020839031118361398,0.0229268774200898,0.255783
2020-10-21,0.0216622436635746,0.021597443936378087,0.022356207676817,0.253196
2020-10-22,0.0207778341600237,0.021091203222644395,0.0216622436635746,0.245498
2020-10-23,0.0222365119231414,0.02039147134235095,0.0207778341600237,0.2389425
2020-10-26,0.022028378763596,0.02317937362919217,0.0222365119231414,0.287678
2020-10-27,0.021576600719144,0.025032871352969468,0.022028378763596,0.287518
2020-10-28,0.0230033753541873,0.027508150258394197,0.021576600719144,0.354724
2020-10-29,0.0235101315236786,0.02586398301966336,0.0230033753541873,0.319794
2020-10-30,0.02209046283089,0.02716969264398252,0.0235101315236786,0.3352455
2020-11-02,0.0219417744326893,0.028203179852275745,0.02209046283089,0.319387
2020-11-03,0.0238625949710155,0.026114150482356276,0.0219417744326893,0.2909494999999999
2020-11-04,0.0225734286557693,0.02349355719604277,0.0238625949710155,0.2503225
2020-11-05,0.0221786082100103,0.02463150253883707,0.0225734286557693,0.2315559999999999
2020-11-06,0.0259351756760658,0.02240743870202324,0.0221786082100103,0.2106195
2020-11-09,0.0264975733127557,0.022904450891172084,0.0259351756760658,0.2107635
2020-11-10,0.0254684518370378,0.026813557851432537,0.0264975733127557,0.2055615
2020-11-11,0.0256633444245347,0.026565670796438137,0.0254684518370378,0.1923855
2020-11-12,0.0251424630039376,0.025850213566535708,0.0256633444245347,0.209619
2020-11-13,0.0251426083370909,0.025394504348760727,0.0251424630039376,0.187938
2020-11-16,0.0241243569808651,0.02419794103607477,0.0251426083370909,0.1842285
2020-11-17,0.0241653864764682,0.024210704950210157,0.0241243569808651,0.185116
2020-11-18,0.0245295010552891,0.023193134288846028,0.0241653864764682,0.1907395
2020-11-19,0.0244661545971338,0.02298239186228015,0.0245295010552891,0.185423
2020-11-20,0.0243473043429647,0.023604521028270223,0.0244661545971338,0.1917285
2020-11-23,0.0243077414256665,0.023458919396218997,0.0243473043429647,0.1832845
2020-11-24,0.0239142206345407,0.023023350580460615,0.0243077414256665,0.1754395
2020-11-25,0.0234646646609414,0.022576671644889502,0.0239142206345407,0.1716045
2020-11-27,0.0236454496424853,0.022561293962396704,0.0234646646609414,0.1724284999999999
2020-11-30,0.0231469588706289,0.0227253067828028,0.0236454496424853,0.177484
2020-12-01,0.0223928199337385,0.022730339350925492,0.0231469588706289,0.1757929999999999
2020-12-02,0.0220754244279831,0.02199623132486907,0.0223928199337385,0.175676
2020-12-03,0.0213369592772925,0.021283606870391648,0.0220754244279831,0.1776795
2020-12-04,0.0210432934052251,0.020402588730824487,0.0213369592772925,0.1674795
2020-12-07,0.0191837531696307,0.019645778582754646,0.0210432934052251,0.1720485
2020-12-08,0.0195787656410785,0.01924283164325558,0.0191837531696307,0.1649185
2020-12-09,0.0197828713382163,0.01740173125222995,0.0195787656410785,0.1770499999999999
2020-12-10,0.0180372799360821,0.01765802077910214,0.0197828713382163,0.1802969999999999
2020-12-11,0.0167548840309201,0.017929168861326925,0.0180372799360821,0.1880365
2020-12-14,0.0160100374259484,0.016473057658054343,0.0167548840309201,0.198929
2020-12-15,0.0153623850507322,0.014206051236881314,0.0160100374259484,0.1815835
2020-12-16,0.0129618402253875,0.013109866686515086,0.0153623850507322,0.175978
2020-12-17,0.0129872568256717,0.012178085391400277,0.0129618402253875,0.1703525
2020-12-18,0.0143043097624739,0.00951179153581624,0.0129872568256717,0.1733645
2020-12-21,0.0105021391438841,0.010716076150371873,0.0143043097624739,0.1988705
2020-12-22,0.0099159698966697,0.011948460107847269,0.0105021391438841,0.1912665
2020-12-23,0.0097956522834317,0.0072964504748777755,0.0099159698966697,0.179052
2020-12-24,0.0091686238742684,0.006663437229502873,0.0097956522834317,0.1677354999999999
2020-12-28,0.0091059856439712,0.007629810385106722,0.0091686238742684,0.167994
2020-12-29,0.0091473590620631,0.007279270578904012,0.0091059856439712,0.1808199999999999
2020-12-30,0.0089219191482704,0.007226588448285054,0.0091473590620631,0.1760815
2020-12-31,0.0112743133945393,0.0071792153514926346,0.0089219191482704,0.1739685
2021-01-04,0.0111462939153695,0.009294205338115124,0.0112743133945393,0.2099734999999999
2021-01-05,0.0127562510773902,0.011392629001458147,0.0111462939153695,0.1964894999999999
2021-01-06,0.0125530947583195,0.01129897973249246,0.0127562510773902,0.200125
2021-01-07,0.0131070537731395,0.01144652790316961,0.0125530947583195,0.1737159999999999
2021-01-08,0.0132149221951489,0.011084812687292438,0.0131070537731395,0.169648
2021-01-11,0.0135538152230474,0.012674392170350872,0.0132149221951489,0.194491
2021-01-12,0.0130904730415125,0.012465900461423,0.0135538152230474,0.183141
2021-01-13,0.0129388583178858,0.012637346400250072,0.0130904730415125,0.1742225
2021-01-14,0.0132139021496513,0.012626291201845493,0.0129388583178858,0.183504
2021-01-15,0.0130941344818719,0.012424156335815999,0.0132139021496513,0.1897165
2021-01-19,0.0132879423608725,0.01298318500311507,0.0130941344818719,0.1826344999999999
2021-01-20,0.0132260548811506,0.012170258374252486,0.0132879423608725,0.1684105
2021-01-21,0.0132052683454845,0.012165920560799955,0.0132260548811506,0.166288
2021-01-22,0.0145406623488216,0.012000367831866041,0.0132052683454845,0.1677535
2021-01-25,0.0143250645240535,0.012456262902482085,0.0145406623488216,0.1789035
2021-01-26,0.015011528584851,0.0142211262145377,0.0143250645240535,0.184149
2021-01-27,0.0161603299833781,0.017667948027424725,0.015011528584851,0.256969
2021-01-28,0.0170251966489864,0.016401137621273425,0.0161603299833781,0.230659
2021-01-29,0.0173625068952987,0.0187314611947952,0.0170251966489864,0.2575245
2021-02-01,0.0178179677160973,0.018189739116188895,0.0173625068952987,0.227715
2021-02-02,0.0174984955984223,0.01729175308808848,0.0178179677160973,0.200186
2021-02-03,0.0156719863899147,0.017066932107012003,0.0174984955984223,0.185925
2021-02-04,0.0156124237869929,0.0161595139862342,0.0156719863899147,0.171535
2021-02-05,0.0153809054256922,0.013699086685852284,0.0156124237869929,0.165335
2021-02-08,0.0154042921451625,0.013919114473689502,0.0153809054256922,0.1684224999999999
2021-02-09,0.015970172230746,0.013806598183487801,0.0154042921451625,0.1703994999999999
2021-02-10,0.0162268229968564,0.014194473092666682,0.015970172230746,0.176128
2021-02-11,0.0162832536079126,0.014436566941758742,0.0162268229968564,0.1693225
2021-02-12,0.0162838277566775,0.014166124096409025,0.0162832536079126,0.1587075
2021-02-16,0.014010872808127,0.015158695194282899,0.0162838277566775,0.1668305
2021-02-17,0.0142086589429765,0.01512637166571792,0.014010872808127,0.1650329999999999
2021-02-18,0.0127144617399468,0.012759713133345063,0.0142086589429765,0.1743954999999999
2021-02-19,0.0127681130855309,0.012801566073550591,0.0127144617399468,0.1703825
2021-02-22,0.0145460119316291,0.012018619655825612,0.0127681130855309,0.186658
2021-02-23,0.0149187335826617,0.011992267934527574,0.0145460119316291,0.181605
2021-02-24,0.0158782034110678,0.013231708471285204,0.0149187335826617,0.1674324999999999
2021-02-25,0.0168791851290793,0.017093497949826324,0.0158782034110678,0.2337084999999999
2021-02-26,0.0172109194718692,0.017325266679960094,0.0168791851290793,0.2195605
2021-03-01,0.0168679764514886,0.016660906191896443,0.0172109194718692,0.178804
2021-03-02,0.017123437071645,0.0174674288432026,0.0168679764514886,0.1893915
2021-03-03,0.0205721704215699,0.018007841155577606,0.017123437071645,0.2115085
2021-03-04,0.0249988211699121,0.019019655886568534,0.0205721704215699,0.233784
2021-03-05,0.026128589429102,0.02113171730232561,0.0249988211699121,0.197188
2021-03-08,0.0251080269068663,0.026972291773353738,0.026128589429102,0.2098074999999999
2021-03-09,0.0253013915136272,0.02734007115538733,0.0251080269068663,0.1921554999999999
2021-03-10,0.0246747867624144,0.025299466256147644,0.0253013915136272,0.1805045
2021-03-11,0.0229618238278963,0.024948168073651175,0.0246747867624144,0.1712145
2021-03-12,0.0224304834482007,0.02368002969269347,0.0229618238278963,0.162839
2021-03-15,0.0221133900868484,0.02174515853198731,0.0224304834482007,0.1560135
2021-03-16,0.0220838413784655,0.021354448554244777,0.0221133900868484,0.157264
2021-03-17,0.0224063922935774,0.020743905686168625,0.0220838413784655,0.150336
2021-03-18,0.0229346073552916,0.021391863863333537,0.0224063922935774,0.1692095
2021-03-19,0.023184878292506,0.020978868022239472,0.0229346073552916,0.1612219999999999
2021-03-22,0.0236008201904824,0.021372405428511494,0.023184878292506,0.1471565
2021-03-23,0.0241741705031937,0.022103158232684703,0.0236008201904824,0.161541
2021-03-24,0.0245859853154184,0.022465782382915033,0.0241741705031937,0.1667545
2021-03-25,0.0242822333423699,0.022536015988210485,0.0245859853154184,0.1559925
2021-03-26,0.0246160910962595,0.022643298029563566,0.0242822333423699,0.144871
2021-03-29,0.0246054930058172,0.02283232053642892,0.0246160910962595,0.158594
2021-03-30,0.0245908248558176,0.023036243265826758,0.0246054930058172,0.1539165
2021-03-31,0.024082287352481,0.0225910425777539,0.0245908248558176,0.148004
2021-04-01,0.0240632445553044,0.022129307008254474,0.024082287352481,0.1336685
2021-04-05,0.0238858449672492,0.022118415612458687,0.0240632445553044,0.1393065
2021-04-06,0.021393049990929,0.02212394584773311,0.0238858449672492,0.1411855
2021-04-07,0.0208363357013291,0.021819370655155858,0.021393049990929,0.134348
2021-04-08,0.0194845086659486,0.018875896121951976,0.0208363357013291,0.133841
2021-04-09,0.0183262076753967,0.018280607600042995,0.0194845086659486,0.1323425
2021-04-12,0.0179244219441427,0.01706330339519197,0.0183262076753967,0.1355535
2021-04-13,0.0180078604058759,0.015842334138618356,0.0179244219441427,0.134114
2021-04-14,0.0177120002397152,0.01554283148198375,0.0180078604058759,0.1381915
2021-04-15,0.0141401895668934,0.01552086252655274,0.0177120002397152,0.1308484999999999
2021-04-16,0.0098288099711798,0.0151626340914804,0.0141401895668934,0.1288005
2021-04-19,0.0088944180114438,0.012233507684538902,0.0098288099711798,0.142865
2021-04-20,0.0081608819754549,0.007842099305012402,0.0088944180114438,0.152215
2021-04-21,0.0083122343696773,0.006395047332998395,0.0081608819754549,0.139871
2021-04-22,0.0081800127346516,0.006101992707253581,0.0083122343696773,0.15511
2021-04-23,0.0080544310761503,0.005464797171160982,0.0081800127346516,0.1378555
2021-04-26,0.0076375936225153,0.005707274230609873,0.0080544310761503,0.1432085
2021-04-27,0.0076109298007504,0.005676529351923337,0.0076375936225153,0.1403829999999999
2021-04-28,0.0076764661402568,0.00516400303993522,0.0076109298007504,0.139759
2021-04-29,0.0071703992102364,0.005037261051591602,0.0076764661402568,0.1384895
2021-04-30,0.006775891587667,0.005351111265688074,0.0071703992102364,0.1476569999999999
2021-05-03,0.0073208741977198,0.005112265855287517,0.006775891587667,0.14503
2021-05-04,0.0070576703829473,0.005144155570490803,0.0073208741977198,0.1560595
2021-05-05,0.0070068357309386,0.005787412084961469,0.0070576703829473,0.1534539999999999
2021-05-06,0.0061732418971282,0.005198468386798796,0.0070068357309386,0.1442935
2021-05-07,0.0062427358559775,0.004879603662025103,0.0061732418971282,0.1314705
2021-05-10,0.0066134554820134,0.005252769077840889,0.0062427358559775,0.152753
2021-05-11,0.006822828547753,0.006125356080685268,0.0066134554820134,0.172931
2021-05-12,0.007048621043955,0.008386305939936374,0.006822828547753,0.2182235
2021-05-13,0.0072779426187263,0.007096101561549705,0.007048621043955,0.186694
2021-05-14,0.0074223903807328,0.005909162759688018,0.0072779426187263,0.149377
2021-05-17,0.0074349904668437,0.0065472632885733295,0.0074223903807328,0.1600525
2021-05-18,0.0084093050845648,0.007161856449486428,0.0074349904668437,0.1692555
2021-05-19,0.0086886738543705,0.007079586982466557,0.0084093050845648,0.1744685
2021-05-20,0.0090198613484999,0.007436148244385163,0.0086886738543705,0.1612819999999999
2021-05-21,0.0091764369142478,0.007492785787771756,0.0090198613484999,0.157495
2021-05-24,0.0092250713104345,0.007061956372001759,0.0091764369142478,0.1407365
2021-05-25,0.0091298940137064,0.007473125122462671,0.0092250713104345,0.1443595
2021-05-26,0.009153732503615,0.007301290613588947,0.0091298940137064,0.1345085
2021-05-27,0.0091346441078368,0.007014103016873318,0.009153732503615,0.126629
2021-05-28,0.0092502618661622,0.0068295192625716285,0.0091346441078368,0.1240874999999999
2021-06-01,0.0090042054544086,0.007669064027345124,0.0092502618661622,0.135934
2021-06-02,0.0092730968167135,0.007585695524374077,0.0090042054544086,0.1292165
2021-06-03,0.0088633738707662,0.007537383704522713,0.0092730968167135,0.136151
2021-06-04,0.008568202454838,0.007411636565572517,0.0088633738707662,0.1227385
2021-06-07,0.0087715877944335,0.007299546914953842,0.008568202454838,0.1223895
2021-06-08,0.0087339113950299,0.007257225457598231,0.0087715877944335,0.1257865
2021-06-09,0.0087651652049499,0.007766472857711282,0.0087339113950299,0.13329
2021-06-10,0.0083137354843428,0.006926612443593716,0.0087651652049499,0.1166595
2021-06-11,0.0083847223788717,0.0067708600581569325,0.0083137354843428,0.1121515
2021-06-14,0.0083115930666476,0.006685940881267564,0.0083847223788717,0.118204
2021-06-15,0.0079292577687088,0.00710772138538179,0.0083115930666476,0.123554
2021-06-16,0.0081303724285211,0.00727189862702401,0.0079292577687088,0.131299
2021-06-17,0.0075799609519783,0.00641552270052754,0.0081303724285211,0.1256475
2021-06-18,0.0074179160287263,0.007539242826695309,0.0075799609519783,0.153607
2021-06-21,0.0074666250850194,0.0061000011910565324,0.0074179160287263,0.1298335
2021-06-22,0.0066869721697367,0.005569972387885943,0.0074666250850194,0.119477
2021-06-23,0.0063406356284744,0.005600567341533524,0.0066869721697367,0.1181305
2021-06-24,0.0058478029855415,0.004572334346689083,0.0063406356284744,0.113257
2021-06-25,0.0056872323287882,0.004029164754794954,0.0058478029855415,0.106219
2021-06-28,0.005448324910013,0.003601158722752332,0.0056872323287882,0.109841
2021-06-29,0.0053859057651807,0.0034852735329197523,0.005448324910013,0.1111175
2021-06-30,0.0043686284697483,0.0032098270180749115,0.0053859057651807,0.1095775
2021-07-01,0.0040701549372555,0.003287387368354898,0.0043686284697483,0.108693
2021-07-02,0.0042673046820578,0.002205782001091977,0.0040701549372555,0.1052645
2021-07-06,0.0043191464404653,0.0024477501928654565,0.0042673046820578,0.1164005
2021-07-07,0.0046625575814274,0.0025784852361541346,0.0043191464404653,0.1181605
2021-07-08,0.0046234859972113,0.0034732225846218247,0.0046625575814274,0.1398225
2021-07-09,0.004638169731237,0.002974333908549613,0.0046234859972113,0.116462
2021-07-12,0.0047137753122832,0.003034008627871546,0.004638169731237,0.118998
2021-07-13,0.0046157176810849,0.0033983801852061884,0.0047137753122832,0.129014
2021-07-14,0.0047721928298264,0.003207222014966973,0.0046157176810849,0.123321
2021-07-15,0.0046744543428863,0.0031996695711551306,0.0047721928298264,0.128608
2021-07-16,0.0053729228118605,0.0038117304344778037,0.0046744543428863,0.142479
2021-07-19,0.005826248862824,0.005187130447270517,0.0053729228118605,0.1760295
2021-07-20,0.0056001305364772,0.004828976943286354,0.005826248862824,0.15104
2021-07-21,0.0056564117020204,0.004579297015798461,0.0056001305364772,0.13429
2021-07-22,0.0055290407415786,0.004069960007682033,0.0056564117020204,0.1333735
2021-07-23,0.0054834870274041,0.003916423937458183,0.0055290407415786,0.1242245
2021-07-26,0.0058953219458362,0.003991158761262825,0.0054834870274041,0.128527
2021-07-27,0.0059958100485348,0.004444392096759613,0.0058953219458362,0.1385279999999999
2021-07-28,0.0056133666051504,0.004550720145625369,0.0059958100485348,0.1330345
2021-07-29,0.0053966459145238,0.004278744036457087,0.0056133666051504,0.126879
2021-07-30,0.0056111010439007,0.00407920060999936,0.0053966459145238,0.135047
2021-08-02,0.0060147963534618,0.0043213231970942005,0.0056111010439007,0.14532
2021-08-03,0.0057951295603146,0.0038800346344720644,0.0060147963534618,0.1292674999999999
2021-08-04,0.0057492604690705,0.004476217793060304,0.0057951295603146,0.1324575
2021-08-05,0.0057391894488024,0.004159752897700913,0.0057492604690705,0.12669
2021-08-06,0.0057430898660495,0.003735604639224857,0.0057391894488024,0.1190625
2021-08-09,0.0057137915698019,0.003970500861745489,0.0057430898660495,0.1232275
2021-08-10,0.0057044217613204,0.004011674528478681,0.0057137915698019,0.122874
2021-08-11,0.0057795606444926,0.0037214202718237385,0.0057044217613204,0.117697
2021-08-12,0.0057858070880173,0.003573529669409034,0.0057795606444926,0.1139169999999999
2021-08-13,0.0061776236655009,0.003333088819161273,0.0057858070880173,0.11038
2021-08-16,0.0061998974561191,0.003754003836487319,0.0061776236655009,0.1165935
2021-08-17,0.0062726577278262,0.004936750625018624,0.0061998974561191,0.1296595
2021-08-18,0.0062220770091588,0.006076263254474933,0.0062726577278262,0.1578875
2021-08-19,0.0062789747913169,0.006104915436586049,0.0062220770091588,0.1617535
2021-08-20,0.0063619880897782,0.004676213191312612,0.0062789747913169,0.1328895
2021-08-23,0.0062599129631798,0.004507490072088222,0.0063619880897782,0.1210885
2021-08-24,0.0060986487124457,0.0045231293328400635,0.0062599129631798,0.1198424999999999
2021-08-25,0.0058896294004846,0.004286864227450098,0.0060986487124457,0.114274
2021-08-26,0.0056989221308271,0.004852859935031938,0.0058896294004846,0.1323329999999999
2021-08-27,0.0050373821851166,0.0036938032128474105,0.0056989221308271,0.1128619999999999
2021-08-30,0.0045511366362416,0.003456928366018826,0.0050373821851166,0.1141524999999999
2021-08-31,0.004588354389664,0.003117589206649911,0.0045511366362416,0.115201
2021-09-01,0.0045835251287607,0.002682070067061589,0.004588354389664,0.115406
2021-09-02,0.004620239112234,0.002811703801232284,0.0045835251287607,0.114132
2021-09-03,0.0046524363277065,0.0024270370756098412,0.004620239112234,0.11165
2021-09-07,0.0043118237958335,0.0031292844144458504,0.0046524363277065,0.1253275
2021-09-08,0.004402143309113,0.0031588502295530063,0.0043118237958335,0.126925
2021-09-09,0.0046461318977536,0.003241220785352914,0.004402143309113,0.1370375
2021-09-10,0.0049743680326704,0.0042420173773326224,0.0046461318977536,0.1549944999999999
2021-09-13,0.0049750017189736,0.004255251034540225,0.0049743680326704,0.1459975
2021-09-14,0.0048006068460724,0.004716483338053079,0.0049750017189736,0.150982
2021-09-15,0.0052484246027582,0.003928518458253675,0.0048006068460724,0.1342415
2021-09-16,0.0053650214067442,0.003763195341381276,0.0052484246027582,0.1365084999999999
2021-09-17,0.0075829505388387,0.004840807010864902,0.0053650214067442,0.153753
2021-09-20,0.0079724865171973,0.006616799852986004,0.0075829505388387,0.1969485
2021-09-21,0.0083739156292727,0.008661856217043571,0.0079724865171973,0.1919584999999999
2021-09-22,0.0087500093377862,0.00783967649118272,0.0083739156292727,0.16618
2021-09-23,0.0088013791811045,0.007474552368214087,0.0087500093377862,0.1426745
2021-09-24,0.0088975244674447,0.007443500226721484,0.0088013791811045,0.1337634999999999
2021-09-27,0.008669349917104,0.007738840325544005,0.0088975244674447,0.142197
2021-09-28,0.0083773466065426,0.00993698566312444,0.008669349917104,0.1912005
2021-09-29,0.0084499254609277,0.009301590754891169,0.0083773466065426,0.188991
2021-09-30,0.0093568728173244,0.009618776153444916,0.0084499254609277,0.1983435
2021-10-01,0.0101083175314538,0.008648429755852775,0.0093568728173244,0.1769724999999999
2021-10-04,0.0105565684344118,0.010679207096050237,0.0101083175314538,0.195096
2021-10-05,0.0115292610905183,0.010661844115175255,0.0105565684344118,0.1787995
2021-10-06,0.0120855545434928,0.010959550090411429,0.0115292610905183,0.1757235
2021-10-07,0.0121463969712471,0.01146612176167459,0.0120855545434928,0.161898
2021-10-08,0.0128126999679309,0.011615648049659958,0.0121463969712471,0.156011
2021-10-11,0.012899731939379,0.012355572240239168,0.0128126999679309,0.1675305
2021-10-12,0.0133371739964225,0.012900577986779701,0.012899731939379,0.163011
2021-10-13,0.0133205544652002,0.01248320190916929,0.0133371739964225,0.1552974999999999
2021-10-14,0.0132826108279426,0.012188427420022244,0.0133205544652002,0.1328585
2021-10-15,0.0134874235025757,0.011742246848139444,0.0132826108279426,0.1251189999999999
2021-10-18,0.0134390128455931,0.011830526998261193,0.0134874235025757,0.1264845
2021-10-19,0.0132577688641107,0.01190895009677951,0.0134390128455931,0.1208055
2021-10-20,0.0130556918788239,0.011805139806304838,0.0132577688641107,0.1200035
2021-10-21,0.0129589700983062,0.011385439213712982,0.0130556918788239,0.1148965
2021-10-22,0.0127311870039752,0.011144988552929707,0.0129589700983062,0.1193415
2021-10-25,0.0126856829101505,0.011353639878849903,0.0127311870039752,0.1196485
2021-10-26,0.0124777590070457,0.011376610058377978,0.0126856829101505,0.1235945
2021-10-27,0.0120277686637492,0.011574002097042707,0.0124777590070457,0.135298
2021-10-28,0.0120229754286324,0.010955612628282239,0.0120277686637492,0.1258205
2021-10-29,0.0099238158205613,0.010390769658924982,0.0120229754286324,0.124082
2021-11-01,0.009525451424705,0.010805804204075103,0.0099238158205613,0.1262255
2021-11-02,0.0092560609491076,0.008511531858914682,0.009525451424705,0.1226765
2021-11-03,0.0088718726529267,0.007836891098395518,0.0092560609491076,0.1164055
2021-11-04,0.0089711859166799,0.007450448144181394,0.0088718726529267,0.1160394999999999
2021-11-05,0.0089493741850438,0.006993765931152484,0.0089711859166799,0.120893
2021-11-08,0.0089577918208766,0.007237080847879749,0.0089493741850438,0.1258615
2021-11-09,0.0091353397075671,0.007563010998739008,0.0089577918208766,0.133119
2021-11-10,0.008738685747631,0.0077877101389488765,0.0091353397075671,0.1408615
2021-11-11,0.007513313263249,0.007588340138978911,0.008738685747631,0.13724
2021-11-12,0.0067747231734829,0.006627207701196165,0.007513313263249,0.1261465
2021-11-15,0.0063443977463886,0.005401095371620642,0.0067747231734829,0.1300629999999999
2021-11-16,0.005372944965725,0.004509445854793508,0.0063443977463886,0.127209
2021-11-17,0.0051220864226654,0.003989036223396801,0.005372944965725,0.130801
2021-11-18,0.0051175275363283,0.0029602066923360582,0.0051220864226654,0.1312645
2021-11-19,0.0051262055327263,0.0027076576793536086,0.0051175275363283,0.1341455
2021-11-22,0.0054042230046965,0.003529204639608029,0.0051262055327263,0.1464639999999999
2021-11-23,0.0051899971138971,0.0035300773151562687,0.0054042230046965,0.1436275
2021-11-24,0.0054446086041437,0.003644764927547719,0.0051899971138971,0.138859
2021-11-26,0.0057355165501393,0.006315195044092049,0.0054446086041437,0.2070705
2021-11-29,0.0058479945834327,0.005107019589817713,0.0057355165501393,0.169986
2021-11-30,0.0087137343987684,0.007465552816232696,0.0058479945834327,0.2101225
2021-12-01,0.0093527606750722,0.008830508692460314,0.0087137343987684,0.2419204999999999
2021-12-02,0.0114786260171741,0.010659746554185306,0.0093527606750722,0.2162035
2021-12-03,0.011907156261674,0.01181189750745118,0.0114786260171741,0.2283015
2021-12-06,0.0118410665525595,0.0132843431859512,0.011907156261674,0.203069
2021-12-07,0.0118192561112178,0.01220796826514835,0.0118410665525595,0.1668204999999999
2021-12-08,0.0118210591700069,0.01153604910595979,0.0118192561112178,0.1514685
2021-12-09,0.0120988628337096,0.011974289530390508,0.0118210591700069,0.1630065
2021-12-10,0.0120035890365275,0.010999651452694513,0.0120988628337096,0.1421485
2021-12-13,0.0124377092960368,0.012004811416203642,0.0120035890365275,0.160151
2021-12-14,0.0134495062145558,0.012500923610699441,0.0124377092960368,0.176643
2021-12-15,0.0140089798318114,0.011586275077411192,0.0134495062145558,0.149446
2021-12-16,0.0146583772020204,0.013187688259496209,0.0140089798318114,0.1643804999999999
2021-12-17,0.0152436441121987,0.013993487081249185,0.0146583772020204,0.176797
2021-12-20,0.0155076667403418,0.015625655646370622,0.0152436441121987,0.1936705
2021-12-21,0.0154114702948309,0.015140546791478512,0.0155076667403418,0.1716095
2021-12-22,0.0151607694888437,0.01450830111598437,0.0154114702948309,0.147819
2021-12-23,0.0151324833847232,0.014002819180144007,0.0151607694888437,0.1368375
2021-12-27,0.0151280361320624,0.013723360931164146,0.0151324833847232,0.131672
2021-12-28,0.0151400017780844,0.013797974788137211,0.0151280361320624,0.1316405
2021-12-29,0.0151360054292581,0.013497515252979052,0.0151400017780844,0.124581
2021-12-30,0.0151979650510227,0.013560083032905783,0.0151360054292581,0.1303774999999999
2021-12-31,0.0151289483117666,0.01352716293575347,0.0151979650510227,0.1295725
2022-01-03,0.0153811489438412,0.014051446322703859,0.0151289483117666,0.1253695
2022-01-04,0.0150278595394214,0.01390609149881605,0.0153811489438412,0.1258285
2022-01-05,0.0151368849332967,0.015194866144352972,0.0150278595394214,0.1573875
2022-01-06,0.0151812703568826,0.014572337775820503,0.0151368849332967,0.1588554999999999
2022-01-07,0.0174422734552731,0.014273541631681161,0.0151812703568826,0.152895
2022-01-10,0.0180082265323265,0.014737934329471517,0.0174422734552731,0.1567235
2022-01-11,0.0179368432519754,0.016977447006745302,0.0180082265323265,0.148289
2022-01-12,0.0156739087854324,0.017317296548472243,0.0179368432519754,0.1435125
2022-01-13,0.0154648506091605,0.01821981474334127,0.0156739087854324,0.169928
2022-01-14,0.0134893615282773,0.015265802693242948,0.0154648506091605,0.160201
2022-01-18,0.0135912549960384,0.017022950951118672,0.0134893615282773,0.199038
2022-01-19,0.0161980169977241,0.014681357739287675,0.0135912549960384,0.204149
2022-01-20,0.0170374249955802,0.014933156273226514,0.0161980169977241,0.217257
2022-01-21,0.0285458309233964,0.01903009785464064,0.0170374249955802,0.2438055
2022-01-24,0.0317866438598071,0.020570958629647147,0.0285458309233964,0.248997
2022-01-25,0.0358414869592096,0.033444985126688025,0.0317866438598071,0.2628865
2022-01-26,0.0379533205262179,0.036305811800459005,0.0358414869592096,0.2614515
2022-01-27,0.0396602726210839,0.04014754595885918,0.0379533205262179,0.2621194999999999
2022-01-28,0.0397331640026316,0.04028691645253306,0.0396602726210839,0.2278615
2022-01-31,0.0400471099769694,0.04108662797085663,0.0397331640026316,0.2039775
2022-02-01,0.039667935602703,0.040176981537285494,0.0400471099769694,0.1810265
2022-02-02,0.0397085756236599,0.04014231124008959,0.039667935602703,0.170954
2022-02-03,0.0411543564133322,0.041077738114568434,0.0397085756236599,0.2137244999999999
2022-02-04,0.0413783106874131,0.03996773619424623,0.0411543564133322,0.1971445
2022-02-07,0.04192165214587,0.04157381596312297,0.0413783106874131,0.2000009999999999
2022-02-08,0.0418481070687054,0.041236921609035276,0.04192165214587,0.1838894999999999
2022-02-09,0.0435153853003544,0.04135998535028443,0.0418481070687054,0.170093
2022-02-10,0.0450008880246009,0.04203134655193997,0.0435153853003544,0.2024535
2022-02-11,0.04582326176803,0.04433283903086757,0.0450008880246009,0.233311
2022-02-14,0.045571212263704,0.04572200888784371,0.04582326176803,0.239725
2022-02-15,0.0459367967583055,0.0454666614271598,0.045571212263704,0.213109
2022-02-16,0.0457813478647582,0.044374887327048695,0.0459367967583055,0.2008805
2022-02-17,0.0459771909703765,0.0464711109936687,0.0457813478647582,0.236749
2022-02-18,0.0475420092048301,0.04613909952424387,0.0459771909703765,0.2416885
2022-02-22,0.0460555810975619,0.046921340172616774,0.0475420092048301,0.2552055
2022-02-23,0.048994833436562,0.04879532972809915,0.0460555810975619,0.2688295
2022-02-24,0.049198782904954,0.04602842152056226,0.048994833436562,0.251516
2022-02-25,0.049830831674583,0.048093803903492535,0.049198782904954,0.2321345
2022-02-28,0.0508700014130301,0.04876938434206397,0.049830831674583,0.2469085
2022-03-01,0.051173380594729,0.05108536276628989,0.0508700014130301,0.2858925
2022-03-02,0.0511716738724531,0.05038679098818061,0.051173380594729,0.2546615
2022-03-03,0.0495250716903906,0.05093787185533197,0.0511716738724531,0.2615455
2022-03-04,0.0485719620404117,0.0511729350764816,0.0495250716903906,0.2671685
2022-03-07,0.040983289555427,0.05181861312579393,0.0485719620404117,0.3023185
2022-03-08,0.0382037730584117,0.05117451173816395,0.040983289555427,0.300085
2022-03-09,0.0351866939655978,0.041940993576916455,0.0382037730584117,0.2746944999999999
2022-03-10,0.0331032358634404,0.03819638268255898,0.0351866939655978,0.2621635
2022-03-11,0.0321471407834053,0.03516687939459301,0.0331032358634404,0.2692995
2022-03-14,0.0316939510804931,0.03417935694481297,0.0321471407834053,0.2808385
2022-03-15,0.0324874462902667,0.032299797591263384,0.0316939510804931,0.2605484999999999
2022-03-16,0.0323650198544734,0.030297328048110243,0.0324874462902667,0.2275245
2022-03-17,0.0325542780854925,0.030600171270284825,0.0323650198544734,0.212314
2022-03-18,0.0317581558817239,0.030091015944088716,0.0325542780854925,0.1984739999999999
2022-03-21,0.0315549353369348,0.030753541525423814,0.0317581558817239,0.196668
2022-03-22,0.0311610150195079,0.02973829305317332,0.0315549353369348,0.184752
2022-03-23,0.0312313568196287,0.029826504824755774,0.0311610150195079,0.1943365
2022-03-24,0.0298496663964978,0.028776537881410595,0.0312313568196287,0.1770445
2022-03-25,0.0287323348307082,0.02848301158471387,0.0298496663964978,0.1693525
2022-03-28,0.0281166523491792,0.027117552809028653,0.0287323348307082,0.15926
2022-03-29,0.0284811208771148,0.026045060878503813,0.0281166523491792,0.1537285
2022-03-30,0.0278909965816564,0.025533237108610538,0.0284811208771148,0.161577
2022-03-31,0.0281844329609111,0.026254315721931192,0.0278909965816564,0.178082
2022-04-01,0.0275981806254349,0.024810720917077506,0.0281844329609111,0.157439
2022-04-04,0.0265583973907961,0.02528579496683566,0.0275981806254349,0.14821
2022-04-05,0.0261658185754218,0.0255715509238402,0.0265583973907961,0.173146
2022-04-06,0.0232316334027053,0.02453053522618554,0.0261658185754218,0.181012
2022-04-07,0.0231560953816983,0.024150200194026663,0.0232316334027053,0.1766154999999999
2022-04-08,0.0220392383033057,0.020782281444599086,0.0231560953816983,0.177549
2022-04-11,0.0219769483489019,0.02211504466587511,0.0220392383033057,0.2058555
2022-04-12,0.0216839525433517,0.021018136934132105,0.0219769483489019,0.205676
2022-04-13,0.0212590964719414,0.02013848170903114,0.0216839525433517,0.18236
2022-04-14,0.0204681953329845,0.020010399528325912,0.0212590964719414,0.1936585
2022-04-18,0.0206952201371477,0.0202945477208319,0.0204681953329845,0.1967445
2022-04-19,0.0170159956569773,0.019247359412677856,0.0206952201371477,0.179983
2022-04-20,0.0178645615859073,0.019774127591434397,0.0170159956569773,0.1778715
2022-04-21,0.0170279616333825,0.016513973754086295,0.0178645615859073,0.1982505
2022-04-22,0.0189128573484524,0.019027453003096512,0.0170279616333825,0.241357
2022-04-25,0.0171195744140773,0.01858298376378267,0.0189128573484524,0.2344815
2022-04-26,0.0184531543797044,0.02243976683764715,0.0171195744140773,0.2738005
2022-04-27,0.0190776791010704,0.019919859912125013,0.0184531543797044,0.266937
2022-04-28,0.0202409264427411,0.020199494758788888,0.0190776791010704,0.243164
2022-04-29,0.0230913141150691,0.02244903831430127,0.0202409264427411,0.2842835
2022-05-02,0.0229778570185505,0.023653478355255293,0.0230913141150691,0.2733955
2022-05-03,0.0255166425206975,0.025869299016226307,0.0229778570185505,0.2573305
2022-05-04,0.0286266491830883,0.023783529415883867,0.0255166425206975,0.220765
2022-05-05,0.0306754686549591,0.028751707415566832,0.0286266491830883,0.2754995
2022-05-06,0.0311427493261566,0.030814268645183787,0.0306754686549591,0.263695
2022-05-09,0.0335043364808609,0.03536427190336927,0.0311427493261566,0.303127
2022-05-10,0.0369370862170591,0.0351596298939173,0.0335043364808609,0.2934325
2022-05-11,0.0394680867746307,0.03703409143820907,0.0369370862170591,0.295519
2022-05-12,0.0399357355060072,0.04026551919154421,0.0394680867746307,0.290055
2022-05-13,0.0404437993738733,0.04129105904499557,0.0399357355060072,0.264822
2022-05-16,0.0408215387890254,0.041515257211238984,0.0404437993738733,0.2556355
2022-05-17,0.0408713962637808,0.04128894529040064,0.0408215387890254,0.241675
2022-05-18,0.0416608128450338,0.04273252880758812,0.0408713962637808,0.275119
2022-05-19,0.0471254827752505,0.04219064786799115,0.0416608128450338,0.263951
2022-05-20,0.0473017690273481,0.042192370771939054,0.0471254827752505,0.265191
2022-05-23,0.0497388263180496,0.04778417908856758,0.0473017690273481,0.2611225
2022-05-24,0.0491960933942401,0.047874029111081684,0.0497388263180496,0.2687975
2022-05-25,0.0497752624399776,0.04965261362166469,0.0491960933942401,0.2598519999999999
2022-05-26,0.0494113864454346,0.0481660771063403,0.0497752624399776,0.247169
2022-05-27,0.049994721208554,0.047828450491965546,0.0494113864454346,0.2315735
2022-05-31,0.0512677134693033,0.048615848176103496,0.049994721208554,0.239327
2022-06-01,0.0520697667030489,0.048798485147820356,0.0512677134693033,0.234149
2022-06-02,0.0507429022935769,0.04937176321498135,0.0520697667030489,0.2222645
2022-06-03,0.0514614170330751,0.050262495588300246,0.0507429022935769,0.2277529999999999
2022-06-06,0.0497667839099228,0.04953429844735144,0.0514614170330751,0.2278945
2022-06-07,0.0502106274333482,0.049924380133241394,0.0497667839099228,0.219277
2022-06-08,0.0494314168797369,0.04798969873176222,0.0502106274333482,0.2208165
2022-06-09,0.0470535281846097,0.04947350126490015,0.0494314168797369,0.2422585
2022-06-10,0.0464866316700068,0.04871025722754681,0.0470535281846097,0.2578485
2022-06-13,0.0444684813617829,0.04913075815281827,0.0464866316700068,0.3079524999999999
2022-06-14,0.0475318002115239,0.04766709658934528,0.0444684813617829,0.288675
2022-06-15,0.046255580455959,0.04440037112752156,0.0475318002115239,0.2699015
2022-06-16,0.0445317124334745,0.048212664153043025,0.046255580455959,0.2914985
2022-06-17,0.0429315485456112,0.04525181596063111,0.0445317124334745,0.273123
2022-06-21,0.0441486164254239,0.043811376546660896,0.0429315485456112,0.2693765
2022-06-22,0.0423099732388705,0.04148198312583893,0.0441486164254239,0.263089
2022-06-23,0.0386782030753276,0.0425539307714496,0.0423099732388705,0.2598465
2022-06-24,0.036036111412158,0.04012001073111922,0.0386782030753276,0.2470379999999999
2022-06-27,0.03777389005791,0.03683036478134994,0.036036111412158,0.242639
2022-06-28,0.0371560526386342,0.034337240290013046,0.03777389005791,0.2532975
2022-06-29,0.0385680452867487,0.036158465579813864,0.0371560526386342,0.25328
2022-06-30,0.0390524681530921,0.03556176636417466,0.0385680452867487,0.260105
2022-07-01,0.0402703066516515,0.036250971200189344,0.0390524681530921,0.2463135
2022-07-05,0.0349233194984702,0.03819123018920083,0.0402703066516515,0.2552585
2022-07-06,0.0345157231078077,0.03942814529577217,0.0349233194984702,0.2497745
2022-07-07,0.0325795875183863,0.03311319997211808,0.0345157231078077,0.2384165
2022-07-08,0.0318211878243998,0.032171446042605086,0.0325795875183863,0.227124
2022-07-11,0.0321504933549111,0.031200330700598473,0.0318211878243998,0.242358
2022-07-12,0.0334557981080285,0.031067571849450804,0.0321504933549111,0.2484645
2022-07-13,0.0343888231537532,0.031164769958300902,0.0334557981080285,0.2445895
2022-07-14,0.0328483244089782,0.03229793379483843,0.0343888231537532,0.2429325
2022-07-15,0.0329454690425853,0.032535399158174785,0.0328483244089782,0.2221915
2022-07-18,0.0328039522590992,0.032165701673077585,0.0329454690425853,0.2343704999999999
2022-07-19,0.0324305824839561,0.03251144357182245,0.0328039522590992,0.226558
2022-07-20,0.0327125301825476,0.03191763114865691,0.0324305824839561,0.222431
2022-07-21,0.0333620629139946,0.030933172817309763,0.0327125301825476,0.20934
2022-07-22,0.0327686704461942,0.030974209549958075,0.0333620629139946,0.2075894999999999
2022-07-25,0.0329791862399974,0.03211082051621284,0.0327686704461942,0.2099525
2022-07-26,0.0327682880531488,0.03228935552101812,0.0329791862399974,0.225093
2022-07-27,0.0328991108615347,0.03133351481170463,0.0327682880531488,0.2047189999999999
2022-07-28,0.0296488829039594,0.030758944608412355,0.0328991108615347,0.196176
2022-07-29,0.0287653875552562,0.030781295193820144,0.0296488829039594,0.1894779999999999
2022-08-01,0.0282476728275512,0.02820353228699105,0.0287653875552562,0.2003269999999999
2022-08-02,0.0280432923801039,0.027727237691698478,0.0282476728275512,0.210925
2022-08-03,0.0261396442027103,0.026586955501880567,0.0280432923801039,0.1929779999999999
2022-08-04,0.0253352280485834,0.02629300263380675,0.0261396442027103,0.19151
2022-08-05,0.0260756014397627,0.024138509899911183,0.0253352280485834,0.1840445
2022-08-08,0.025929562824162,0.023754058819582098,0.0260756014397627,0.189683
2022-08-09,0.0236771948087289,0.024827960432742834,0.025929562824162,0.1946205
2022-08-10,0.0240578552308719,0.023873342723049945,0.0236771948087289,0.1754685
2022-08-11,0.0222579103376892,0.021537182098247825,0.0240578552308719,0.1777524999999999
2022-08-12,0.0211855991941043,0.02172556548742702,0.0222579103376892,0.1712389999999999
2022-08-15,0.0189833218005037,0.02039354292621357,0.0211855991941043,0.176368
2022-08-16,0.0184952206041709,0.01946641174371586,0.0189833218005037,0.1745505
2022-08-17,0.0184554133343316,0.017565545508578067,0.0184952206041709,0.1801205
2022-08-18,0.0180385095401231,0.016784799144391696,0.0184554133343316,0.1729635
2022-08-19,0.0181601105022237,0.01691953120852299,0.0180385095401231,0.1804385
2022-08-22,0.0174537052902645,0.017794757753635766,0.0181601105022237,0.2114045
2022-08-23,0.0164376287520578,0.018050561320207447,0.0174537052902645,0.209977
2022-08-24,0.0147520645920509,0.0168938617376823,0.0164376287520578,0.201034
2022-08-25,0.0150212510258742,0.015657338410736917,0.0147520645920509,0.191748
2022-08-26,0.0144110781615555,0.014511478469165024,0.0150212510258742,0.2230285
2022-08-29,0.0152304697920979,0.015335507852110433,0.0144110781615555,0.23145
2022-08-30,0.015140003179454,0.01490710086753294,0.0152304697920979,0.235836
2022-08-31,0.0152639887823518,0.01579783656039883,0.015140003179454,0.2331185
2022-09-01,0.0162116380072209,0.01558415339126566,0.0152639887823518,0.22651
2022-09-02,0.0166285487799668,0.015818155832964788,0.0162116380072209,0.2318495
2022-09-06,0.016862500158869,0.018000080226384458,0.0166285487799668,0.241211
2022-09-07,0.0167407070743478,0.017656605199320274,0.016862500158869,0.223221
2022-09-08,0.0154559759313082,0.017402105608449108,0.0167407070743478,0.2132775
2022-09-09,0.0151484390411244,0.017065988653557993,0.0154559759313082,0.2064625
2022-09-12,0.0152525521205921,0.017144678268344725,0.0151484390411244,0.21627
2022-09-13,0.0149359121426009,0.017520415602379845,0.0152525521205921,0.2389649999999999
2022-09-14,0.0157270110612192,0.01723318706973274,0.0149359121426009,0.2353549999999999
2022-09-15,0.0164386908574669,0.01684949110633416,0.0157270110612192,0.239481
2022-09-16,0.0165776871574872,0.01769047418722278,0.0164386908574669,0.241095
2022-09-19,0.0165173201813673,0.01888797108122876,0.0165776871574872,0.2411595
2022-09-20,0.0187447750506869,0.019935605871287187,0.0165173201813673,0.255426
2022-09-21,0.0190062594977935,0.019542027168905733,0.0187447750506869,0.263599
2022-09-22,0.0204742273879449,0.0207772401238296,0.0190062594977935,0.2546665
2022-09-23,0.0217940627990862,0.02170108571573648,0.0204742273879449,0.272059
2022-09-26,0.023798039057696,0.024586736840830296,0.0217940627990862,0.2897245
2022-09-27,0.0247949094173108,0.02568938220972424,0.023798039057696,0.293941
2022-09-28,0.0257136298280411,0.026639703498200495,0.0247949094173108,0.273259
2022-09-29,0.0276365246031098,0.028081045537148675,0.0257136298280411,0.2839885
2022-09-30,0.0287458646933291,0.02846170153675205,0.0276365246031098,0.285343
2022-10-03,0.0285252108624733,0.030078191751172535,0.0287458646933291,0.268626
2022-10-04,0.0299522516889565,0.030730875259140478,0.0285252108624733,0.2586925
2022-10-05,0.0305728032537677,0.030341635162448963,0.0299522516889565,0.2567025
2022-10-06,0.0314273223444999,0.03238007218392348,0.0305728032537677,0.270735
2022-10-07,0.0321727905136457,0.03281070699481889,0.0314273223444999,0.2771385
2022-10-10,0.0334410749103736,0.03436389014493196,0.0321727905136457,0.2907025
2022-10-11,0.0328781371157055,0.03565803497679183,0.0334410749103736,0.299783
2022-10-12,0.0374578758707078,0.037218150105358276,0.0328781371157055,0.302298
2022-10-13,0.0382332465549,0.03487863002366577,0.0374578758707078,0.292081
2022-10-14,0.0365588272216403,0.03876758873370132,0.0382332465549,0.2919755
2022-10-17,0.0374618859121938,0.03970647844360485,0.0365588272216403,0.287697
2022-10-18,0.0381568270799735,0.037733722194574354,0.0374618859121938,0.2829135
2022-10-19,0.0397515074664569,0.03844543835289446,0.0381568270799735,0.285038
2022-10-20,0.0404385993880395,0.038608576499679276,0.0397515074664569,0.2798905
2022-10-21,0.0413356745259991,0.04014458987299115,0.0404385993880395,0.279642
2022-10-24,0.0407597933596316,0.04204133741469114,0.0413356745259991,0.281365
2022-10-25,0.0419468429738068,0.042646624882829,0.0407597933596316,0.268644
2022-10-26,0.0416121153802036,0.04162070103576237,0.0419468429738068,0.2604754999999999
2022-10-27,0.0409505775867009,0.04272380824557013,0.0416121153802036,0.2575245
2022-10-28,0.0407751848366924,0.041873489306170186,0.0409505775867009,0.2485085
2022-10-31,0.040707892812388,0.04200044016566225,0.0407751848366924,0.2458665
2022-11-01,0.0415697887586685,0.041948261285470544,0.040707892812388,0.244339
2022-11-02,0.0420226352655076,0.04138586477910154,0.0415697887586685,0.2447345
2022-11-03,0.0423603543817288,0.041839609199276914,0.0420226352655076,0.241136
2022-11-04,0.0414186449930023,0.0418798290939901,0.0423603543817288,0.2342219999999999
2022-11-07,0.0406160841722784,0.04251901937060346,0.0414186449930023,0.234342
2022-11-08,0.0396107417018008,0.04186399708438082,0.0406160841722784,0.241334
2022-11-09,0.0382526037989006,0.04102678806812786,0.0396107417018008,0.246604
2022-11-10,0.0367969875397297,0.03851987902501655,0.0382526037989006,0.2262819999999999
2022-11-11,0.0363258877986746,0.035936187139990035,0.0367969875397297,0.210011
2022-11-14,0.0378124636605303,0.03440365359927612,0.0363258877986746,0.2186345
2022-11-15,0.0360941366563979,0.03379826462984656,0.0378124636605303,0.217821
2022-11-16,0.0355999119793356,0.034919605982846505,0.0360941366563979,0.2174725
2022-11-17,0.0351565485620673,0.032913062346986204,0.0355999119793356,0.2172245
2022-11-18,0.0343510058081552,0.032001026056412855,0.0351565485620673,0.211763
2022-11-21,0.0327573283181276,0.03193959718535011,0.0343510058081552,0.208322
2022-11-22,0.0325037425409028,0.031119991003938807,0.0327573283181276,0.1982965
2022-11-23,0.0274965424458257,0.028978845891039776,0.0325037425409028,0.1887059999999999
2022-11-25,0.0259135306407578,0.02922354604752818,0.0274965424458257,0.187971
2022-11-28,0.025953064657179,0.025262811873152803,0.0259135306407578,0.206248
2022-11-29,0.0257075840400017,0.02419989526057283,0.025953064657179,0.2047005
2022-11-30,0.0251739236039778,0.024074734293841677,0.0257075840400017,0.1927019999999999
2022-12-01,0.0234614886998385,0.0241459616718081,0.0251739236039778,0.185819
2022-12-02,0.023034477948208,0.02376224636228226,0.0234614886998385,0.1763445
2022-12-05,0.0231021866852634,0.023795995145687622,0.023034477948208,0.191488
2022-12-06,0.0233423388423221,0.024370353919433617,0.0231021866852634,0.2068685
2022-12-07,0.0217770076092491,0.02453983602083985,0.0233423388423221,0.2118045
2022-12-08,0.0214939528179862,0.02453575716710965,0.0217770076092491,0.205505
2022-12-09,0.0213803641853112,0.02274643870642323,0.0214939528179862,0.2087975
2022-12-12,0.0235019857456065,0.023669198070494266,0.0213803641853112,0.223871
2022-12-13,0.024730120941476,0.02158355340466674,0.0235019857456065,0.2004225
2022-12-14,0.0222115181093108,0.02224568229910596,0.024730120941476,0.1873564999999999
2022-12-15,0.0222995386757878,0.023565063433420214,0.0222115181093108,0.1984
2022-12-16,0.0202673226185223,0.020576684553132694,0.0222995386757878,0.2007385
2022-12-19,0.020221534856013,0.020852603314699045,0.0202673226185223,0.2045954999999999
2022-12-20,0.0190407367280309,0.018719089424394413,0.020221534856013,0.2002775
2022-12-21,0.0215625156627037,0.018182669484852355,0.0190407367280309,0.189355
2022-12-22,0.0219747458632386,0.017269334157869718,0.0215625156627037,0.204859
2022-12-23,0.0216277324580395,0.019430135207280402,0.0219747458632386,0.1971155
2022-12-27,0.0215410277559776,0.02087055013166498,0.0216277324580395,0.2064369999999999
2022-12-28,0.0202835682910574,0.021071161503795025,0.0215410277559776,0.2121965
2022-12-29,0.0207995176916846,0.020874505569453413,0.0202835682910574,0.20354
