date,vix_close,vix_open,vix_high,vix_low,vix9d_close,vix9d_open,vix9d_high,vix9d_low,vvix
2000-01-03,24.21,24.36,26.15,23.98,,,,,
2000-01-04,27.01,24.94,27.18,24.8,,,,,
2000-01-05,26.41,27.98,29.0,25.85,,,,,
2000-01-06,25.73,26.68,26.71,24.7,,,,,
2000-01-07,21.72,25.14,25.17,21.72,,,,,
2000-01-10,21.71,21.89,22.49,21.36,,,,,
2000-01-11,22.5,21.98,22.63,21.69,,,,,
2000-01-12,22.84,23.05,23.49,22.41,,,,,
2000-01-13,21.71,22.73,23.1,21.32,,,,,
2000-01-14,19.66,19.83,20.15,19.51,,,,,
2000-01-18,21.5,21.39,21.63,20.97,,,,,
2000-01-19,21.72,22.15,22.16,21.44,,,,,
2000-01-20,21.75,21.31,22.6,21.18,,,,,
2000-01-21,20.82,21.55,21.91,20.5,,,,,
2000-01-24,24.07,21.43,24.44,21.43,,,,,
2000-01-25,23.02,23.79,24.28,22.87,,,,,
2000-01-26,23.03,22.91,23.19,22.45,,,,,
2000-01-27,23.54,22.37,24.39,22.03,,,,,
2000-01-28,26.14,23.75,26.54,23.17,,,,,
2000-01-31,24.95,26.78,27.43,24.94,,,,,
2000-02-01,23.45,24.43,24.74,23.29,,,,,
2000-02-02,23.12,23.02,24.74,22.62,,,,,
2000-02-03,22.01,22.72,23.73,21.93,,,,,
2000-02-04,21.54,20.77,21.77,20.69,,,,,
2000-02-07,22.79,22.97,23.27,22.79,,,,,
2000-02-08,21.25,21.68,22.08,21.17,,,,,
2000-02-09,22.9,21.54,22.9,21.29,,,,,
2000-02-10,23.07,23.36,23.55,22.75,,,,,
2000-02-11,24.42,22.94,24.8,22.82,,,,,
2000-02-14,24.38,24.67,24.89,24.27,,,,,
2000-02-15,22.92,24.08,24.75,22.84,,,,,
2000-02-16,23.51,23.2,23.83,22.74,,,,,
2000-02-17,23.17,22.9,23.48,22.63,,,,,
2000-02-18,26.0,23.37,26.37,23.37,,,,,
2000-02-22,25.86,25.91,28.12,25.47,,,,,
2000-02-23,23.89,25.2,25.37,23.56,,,,,
2000-02-24,24.38,24.18,25.94,24.15,,,,,
2000-02-25,25.2,24.13,25.37,23.58,,,,,
2000-02-28,24.68,25.9,26.19,24.09,,,,,
2000-02-29,23.37,23.76,23.88,23.24,,,,,
2000-03-01,21.64,22.65,22.72,21.41,,,,,
2000-03-02,21.06,21.62,22.1,20.93,,,,,
2000-03-03,19.21,19.98,20.04,19.19,,,,,
2000-03-06,21.5,20.38,21.74,20.33,,,,,
2000-03-07,24.31,22.24,24.49,22.24,,,,,
2000-03-08,23.82,24.57,25.2,23.48,,,,,
2000-03-09,22.21,24.18,24.18,22.2,,,,,
2000-03-10,21.24,20.89,21.69,20.84,,,,,
2000-03-13,22.85,23.03,23.26,21.99,,,,,
2000-03-14,24.41,22.75,24.41,22.33,,,,,
2000-03-15,22.34,24.66,24.76,21.98,,,,,
2000-03-16,20.77,21.65,21.92,20.49,,,,,
2000-03-17,22.37,21.26,22.56,21.07,,,,,
2000-03-20,22.96,22.31,23.26,22.28,,,,,
2000-03-21,21.7,23.45,23.45,21.27,,,,,
2000-03-22,21.49,21.91,22.02,21.22,,,,,
2000-03-23,22.26,21.82,22.42,21.1,,,,,
2000-03-24,23.31,22.45,23.96,22.12,,,,,
2000-03-27,24.53,24.35,24.8,24.1,,,,,
2000-03-28,24.86,24.99,25.2,24.47,,,,,
2000-03-29,24.1,24.37,25.02,23.79,,,,,
2000-03-30,25.47,23.95,25.87,23.79,,,,,
2000-03-31,24.11,24.78,24.97,23.44,,,,,
2000-04-03,24.03,24.99,25.86,24.03,,,,,
2000-04-04,27.12,23.5,31.16,23.25,,,,,
2000-04-05,28.41,28.56,30.01,27.77,,,,,
2000-04-06,27.15,27.71,27.83,27.05,,,,,
2000-04-07,24.39,25.64,25.64,23.58,,,,,
2000-04-10,25.99,25.44,26.04,24.97,,,,,
2000-04-11,27.25,27.67,28.08,26.64,,,,,
2000-04-12,28.98,27.19,28.98,27.04,,,,,
2000-04-13,29.4,28.46,29.4,27.78,,,,,
2000-04-14,33.49,30.09,33.79,30.09,,,,,
2000-04-17,28.95,33.7,34.31,28.47,,,,,
2000-04-18,26.12,27.93,28.13,26.12,,,,,
2000-04-19,27.02,26.54,27.23,26.27,,,,,
2000-04-20,25.85,26.54,27.21,25.77,,,,,
2000-04-24,27.37,27.79,28.5,27.25,,,,,
2000-04-25,25.24,26.26,26.45,25.2,,,,,
2000-04-26,26.97,25.39,27.24,25.27,,,,,
2000-04-27,26.19,29.43,29.5,25.95,,,,,
2000-04-28,26.2,25.62,26.8,25.61,,,,,
2000-05-01,25.88,26.07,26.44,25.26,,,,,
2000-05-02,28.5,26.81,28.5,26.5,,,,,
2000-05-03,31.63,30.0,32.89,30.0,,,,,
2000-05-04,30.77,31.45,32.06,30.56,,,,,
2000-05-05,27.53,29.49,29.54,27.44,,,,,
2000-05-08,28.2,28.8,29.05,28.2,,,,,
2000-05-09,28.93,28.25,29.68,28.16,,,,,
2000-05-10,29.87,29.68,30.6,28.9,,,,,
2000-05-11,27.76,29.07,29.12,27.76,,,,,
2000-05-12,26.05,26.33,26.33,25.61,,,,,
2000-05-15,24.86,26.47,26.7,24.8,,,,,
2000-05-16,24.34,24.46,25.15,24.09,,,,,
2000-05-17,23.98,24.62,25.11,23.74,,,,,
2000-05-18,23.96,23.42,24.03,23.29,,,,,
2000-05-19,25.44,24.85,26.15,24.85,,,,,
2000-05-22,26.0,26.25,27.9,25.98,,,,,
2000-05-23,25.87,25.75,26.12,24.97,,,,,
2000-05-24,24.32,25.96,26.73,24.19,,,,,
2000-05-25,24.58,23.87,25.03,23.85,,,,,
2000-05-26,24.47,24.61,24.91,24.2,,,,,
2000-05-30,23.62,24.59,24.78,23.6,,,,,
2000-05-31,23.65,24.09,24.09,23.23,,,,,
2000-06-01,22.36,23.2,23.21,22.32,,,,,
2000-06-02,21.48,21.32,21.68,21.3,,,,,
2000-06-05,22.71,23.06,23.29,22.59,,,,,
2000-06-06,23.05,23.2,23.24,22.72,,,,,
2000-06-07,22.48,23.17,23.4,22.34,,,,,
2000-06-08,22.77,23.36,23.53,22.77,,,,,
2000-06-09,22.14,22.08,22.49,21.99,,,,,
2000-06-12,22.32,22.22,22.75,22.13,,,,,
2000-06-13,21.67,23.28,23.39,21.6,,,,,
2000-06-14,21.48,21.61,21.74,21.0,,,,,
2000-06-15,20.68,21.42,21.63,20.52,,,,,
2000-06-16,20.5,20.54,20.9,20.3,,,,,
2000-06-19,20.63,21.16,21.36,20.34,,,,,
2000-06-20,20.88,20.81,21.23,20.7,,,,,
2000-06-21,20.61,21.06,21.25,20.46,,,,,
2000-06-22,22.0,21.54,22.29,21.43,,,,,
2000-06-23,22.34,22.13,22.82,22.02,,,,,
2000-06-26,22.45,24.85,25.01,22.45,,,,,
2000-06-27,21.8,22.1,22.17,21.64,,,,,
2000-06-28,20.29,21.87,21.87,19.99,,,,,
2000-06-29,19.7,20.76,21.16,19.63,,,,,
2000-06-30,19.54,19.68,19.78,19.39,,,,,
2000-07-03,19.83,20.51,20.51,19.83,,,,,
2000-07-05,21.16,20.63,21.65,20.56,,,,,
2000-07-06,20.94,20.77,21.51,20.76,,,,,
2000-07-07,19.22,19.68,20.25,19.17,,,,,
2000-07-10,20.33,20.2,20.63,20.08,,,,,
2000-07-11,20.11,19.64,20.45,19.43,,,,,
2000-07-12,20.03,20.29,20.3,19.94,,,,,
2000-07-13,20.03,19.9,20.17,19.76,,,,,
2000-07-14,19.32,19.21,19.59,19.21,,,,,
2000-07-17,19.45,20.02,20.13,19.13,,,,,
2000-07-18,19.75,19.7,19.92,19.33,,,,,
2000-07-19,19.65,19.28,19.83,19.19,,,,,
2000-07-20,18.94,19.05,19.19,18.87,,,,,
2000-07-21,18.94,19.04,19.39,18.77,,,,,
2000-07-24,19.92,19.35,19.99,19.17,,,,,
2000-07-25,19.39,19.46,19.74,19.35,,,,,
2000-07-26,19.67,19.63,19.99,19.48,,,,,
2000-07-27,19.6,19.26,20.19,19.26,,,,,
2000-07-28,20.84,19.33,20.98,19.33,,,,,
2000-07-31,20.74,20.98,21.17,20.54,,,,,
2000-08-01,20.55,20.66,20.84,20.27,,,,,
2000-08-02,20.0,20.2,20.2,19.82,,,,,
2000-08-03,19.99,20.29,20.38,19.66,,,,,
2000-08-04,18.62,18.75,18.97,18.53,,,,,
2000-08-07,19.03,19.31,19.36,18.91,,,,,
2000-08-08,18.79,18.89,19.07,18.75,,,,,
2000-08-09,19.18,18.78,19.28,18.74,,,,,
2000-08-10,19.19,18.97,19.19,18.83,,,,,
2000-08-11,18.55,19.26,19.36,18.34,,,,,
2000-08-14,17.88,18.98,18.99,17.84,,,,,
2000-08-15,17.98,17.97,18.27,17.86,,,,,
2000-08-16,18.02,17.81,18.12,17.69,,,,,
2000-08-17,17.48,18.0,18.06,17.39,,,,,
2000-08-18,17.05,17.17,17.51,16.99,,,,,
2000-08-21,17.35,17.71,17.71,17.26,,,,,
2000-08-22,17.47,17.83,17.83,17.27,,,,,
2000-08-23,17.38,17.59,17.74,17.34,,,,,
2000-08-24,17.04,17.42,17.59,16.95,,,,,
2000-08-25,16.53,16.96,17.06,16.49,,,,,
2000-08-28,16.54,17.11,17.11,16.28,,,,,
2000-08-29,16.89,16.84,17.1,16.68,,,,,
2000-08-30,17.69,17.13,17.96,17.11,,,,,
2000-08-31,16.84,17.44,17.45,16.64,,,,,
2000-09-01,17.53,16.81,17.77,16.47,,,,,
2000-09-05,19.82,19.18,20.06,19.16,,,,,
2000-09-06,20.79,19.7,20.92,19.7,,,,,
2000-09-07,19.42,20.47,20.51,19.34,,,,,
2000-09-08,18.46,18.81,19.07,18.46,,,,,
2000-09-11,18.4,19.03,19.1,18.31,,,,,
2000-09-12,18.59,18.33,19.04,18.15,,,,,
2000-09-13,18.32,18.76,18.76,18.16,,,,,
2000-09-14,18.26,18.24,18.51,17.96,,,,,
2000-09-15,18.52,18.09,18.72,18.01,,,,,
2000-09-18,20.25,18.88,20.35,18.78,,,,,
2000-09-19,19.54,20.22,20.25,19.54,,,,,
2000-09-20,19.93,19.99,21.18,19.92,,,,,
2000-09-21,20.18,20.17,20.71,20.01,,,,,
2000-09-22,20.74,22.09,22.66,20.74,,,,,
2000-09-25,21.41,20.85,21.66,20.66,,,,,
2000-09-26,21.88,21.5,22.09,21.1,,,,,
2000-09-27,21.67,21.71,22.1,21.39,,,,,
2000-09-28,19.47,21.28,21.31,19.4,,,,,
2000-09-29,20.57,19.88,20.57,19.8,,,,,
2000-10-02,21.23,20.98,21.56,20.8,,,,,
2000-10-03,21.85,20.99,21.85,20.41,,,,,
2000-10-04,21.54,22.18,22.66,21.21,,,,,
2000-10-05,21.03,21.02,21.3,20.65,,,,,
2000-10-06,22.71,20.53,23.35,20.43,,,,,
2000-10-09,24.02,23.92,24.67,23.63,,,,,
2000-10-10,24.86,23.77,25.02,23.72,,,,,
2000-10-11,26.57,26.23,28.37,26.09,,,,,
2000-10-12,30.51,27.21,30.55,26.95,,,,,
2000-10-13,27.6,29.34,29.42,27.5,,,,,
2000-10-16,26.79,27.33,27.65,26.59,,,,,
2000-10-17,27.84,26.19,28.29,26.19,,,,,
2000-10-18,28.72,30.7,30.8,28.17,,,,,
2000-10-19,25.09,26.8,27.02,24.85,,,,,
2000-10-20,24.24,24.63,24.63,23.02,,,,,
2000-10-23,24.69,24.58,25.13,24.27,,,,,
2000-10-24,24.28,24.14,24.81,23.6,,,,,
2000-10-25,26.65,25.58,26.78,25.01,,,,,
2000-10-26,28.62,26.64,30.08,26.43,,,,,
2000-10-27,26.47,27.42,28.05,26.47,,,,,
2000-10-30,25.46,26.23,26.48,25.07,,,,,
2000-10-31,23.63,24.77,24.87,23.37,,,,,
2000-11-01,24.28,24.07,24.86,23.91,,,,,
2000-11-02,23.92,23.71,24.24,23.64,,,,,
2000-11-03,23.67,24.05,24.06,23.51,,,,,
2000-11-06,24.52,24.53,24.75,24.13,,,,,
2000-11-07,24.91,25.12,25.41,24.73,,,,,
2000-11-08,25.66,24.87,25.74,24.87,,,,,
2000-11-09,27.2,26.79,28.46,26.18,,,,,
2000-11-10,28.53,28.07,28.81,28.0,,,,,
2000-11-13,29.06,29.13,30.57,28.74,,,,,
2000-11-14,26.81,27.93,27.93,26.38,,,,,
2000-11-15,26.15,27.24,27.25,25.85,,,,,
2000-11-16,25.05,25.82,25.82,24.67,,,,,
2000-11-17,24.81,25.5,25.88,24.47,,,,,
2000-11-20,27.43,26.49,27.6,26.37,,,,,
2000-11-21,26.62,27.43,27.64,26.52,,,,,
2000-11-22,27.71,26.91,27.83,26.87,,,,,
2000-11-24,26.0,27.32,27.32,25.99,,,,,
2000-11-27,26.93,26.12,26.98,26.12,,,,,
2000-11-28,27.64,26.99,27.84,26.78,,,,,
2000-11-29,27.49,27.88,28.22,27.3,,,,,
2000-11-30,29.65,28.64,31.11,28.43,,,,,
2000-12-01,27.48,28.31,28.39,27.08,,,,,
2000-12-04,27.78,28.55,28.74,27.65,,,,,
2000-12-05,24.99,27.28,27.31,24.97,,,,,
2000-12-06,25.07,24.32,25.21,23.89,,,,,
2000-12-07,25.34,25.46,25.55,24.91,,,,,
2000-12-08,22.41,23.74,23.84,22.38,,,,,
2000-12-11,23.51,23.8,23.99,22.81,,,,,
2000-12-12,24.88,24.03,25.36,23.97,,,,,
2000-12-13,23.63,23.69,24.32,23.3,,,,,
2000-12-14,24.86,23.4,25.41,23.4,,,,,
2000-12-15,26.55,25.43,26.87,25.43,,,,,
2000-12-18,27.7,26.79,27.89,26.43,,,,,
2000-12-19,27.17,27.35,27.54,25.41,,,,,
2000-12-20,31.74,29.95,32.02,29.43,,,,,
2000-12-21,29.66,31.97,32.32,29.22,,,,,
2000-12-22,27.55,28.75,28.83,27.55,,,,,
2000-12-26,28.73,28.47,29.13,28.37,,,,,
2000-12-27,28.14,28.88,28.95,27.96,,,,,
2000-12-28,26.57,27.99,28.06,26.53,,,,,
2000-12-29,26.85,26.35,26.96,26.32,,,,,
2001-01-02,29.99,27.93,30.4,27.92,,,,,
2001-01-03,26.6,29.63,29.96,25.99,,,,,
2001-01-04,26.97,26.35,27.19,26.13,,,,,
2001-01-05,28.67,27.81,29.04,27.21,,,,,
2001-01-08,29.84,29.98,30.8,29.72,,,,,
2001-01-09,27.99,29.47,29.53,27.77,,,,,
2001-01-10,26.8,28.44,28.47,26.7,,,,,
2001-01-11,25.79,26.68,26.71,25.65,,,,,
2001-01-12,24.56,25.31,25.48,24.5,,,,,
2001-01-16,25.28,25.59,25.68,24.88,,,,,
2001-01-17,24.93,24.4,25.22,24.28,,,,,
2001-01-18,23.37,24.48,24.53,23.18,,,,,
2001-01-19,23.24,23.62,24.08,23.0,,,,,
2001-01-22,23.25,24.27,24.31,23.24,,,,,
2001-01-23,21.57,23.0,23.15,21.47,,,,,
2001-01-24,22.03,21.98,22.41,21.87,,,,,
2001-01-25,22.64,22.44,22.86,22.27,,,,,
2001-01-26,22.57,22.52,23.05,22.44,,,,,
2001-01-29,22.61,22.8,22.96,22.56,,,,,
2001-01-30,22.57,23.07,23.35,22.47,,,,,
2001-01-31,22.02,22.94,23.02,21.98,,,,,
2001-02-01,21.66,22.39,22.68,21.61,,,,,
2001-02-02,21.95,20.87,21.95,20.81,,,,,
2001-02-05,22.19,22.75,23.01,22.18,,,,,
2001-02-06,21.98,22.04,22.12,21.42,,,,,
2001-02-07,21.67,21.63,22.36,21.44,,,,,
2001-02-08,21.46,21.46,21.61,20.92,,,,,
2001-02-09,22.03,21.67,22.24,21.16,,,,,
2001-02-12,21.92,23.06,23.13,21.83,,,,,
2001-02-13,21.37,21.64,21.66,21.12,,,,,
2001-02-14,21.52,21.84,22.52,21.52,,,,,
2001-02-15,20.27,21.51,21.51,20.22,,,,,
2001-02-16,22.12,21.65,22.73,21.43,,,,,
2001-02-20,24.69,23.43,24.76,23.16,,,,,
2001-02-21,25.75,24.81,25.81,24.24,,,,,
2001-02-22,26.76,25.96,28.41,25.96,,,,,
2001-02-23,27.21,27.18,30.62,26.94,,,,,
2001-02-26,25.43,27.18,27.48,25.43,,,,,
2001-02-27,26.49,25.57,26.59,25.02,,,,,
2001-02-28,28.35,26.37,28.82,26.05,,,,,
2001-03-01,28.08,29.66,30.26,28.08,,,,,
2001-03-02,27.43,29.08,29.34,26.82,,,,,
2001-03-05,27.12,28.32,28.43,27.08,,,,,
2001-03-06,25.89,26.26,26.28,25.58,,,,,
2001-03-07,24.12,25.28,25.53,24.12,,,,,
2001-03-08,24.29,24.42,24.9,24.23,,,,,
2001-03-09,25.62,24.47,25.76,24.46,,,,,
2001-03-12,30.32,27.88,30.54,27.74,,,,,
2001-03-13,27.55,30.77,30.84,27.55,,,,,
2001-03-14,29.61,30.37,30.71,28.86,,,,,
2001-03-15,28.56,28.53,28.98,28.25,,,,,
2001-03-16,29.91,28.78,29.91,28.56,,,,,
2001-03-19,29.78,30.61,31.33,29.5,,,,,
2001-03-20,30.96,30.02,31.27,29.3,,,,,
2001-03-21,31.93,31.41,32.18,30.26,,,,,
2001-03-22,32.84,32.41,35.45,32.35,,,,,
2001-03-23,30.45,33.0,33.0,30.41,,,,,
2001-03-26,29.04,30.0,30.24,29.04,,,,,
2001-03-27,27.04,28.52,28.63,27.03,,,,,
2001-03-28,28.58,28.26,28.98,28.21,,,,,
2001-03-29,29.17,29.27,29.84,28.16,,,,,
2001-03-30,28.64,28.76,29.32,28.3,,,,,
2001-04-02,31.21,29.4,31.61,29.16,,,,,
2001-04-03,34.72,32.92,35.2,32.92,,,,,
2001-04-04,34.07,34.28,34.74,33.21,,,,,
2001-04-05,29.94,32.51,32.51,29.88,,,,,
2001-04-06,31.69,30.39,32.04,30.22,,,,,
2001-04-09,31.91,31.94,32.55,31.38,,,,,
2001-04-10,29.44,30.67,30.69,29.33,,,,,
2001-04-11,28.46,28.94,29.13,28.4,,,,,
2001-04-12,26.12,28.09,28.37,26.12,,,,,
2001-04-16,26.33,26.85,27.18,26.22,,,,,
2001-04-17,25.61,26.04,26.22,25.33,,,,,
2001-04-18,24.13,24.58,24.65,23.01,,,,,
2001-04-19,24.16,24.51,24.62,24.12,,,,,
2001-04-20,25.38,24.67,25.45,24.5,,,,,
2001-04-23,28.16,27.35,28.6,27.28,,,,,
2001-04-24,28.49,27.7,28.61,27.23,,,,,
2001-04-25,27.4,28.64,28.68,27.25,,,,,
2001-04-26,25.96,26.41,26.41,25.62,,,,,
2001-04-27,24.02,25.0,25.0,24.02,,,,,
2001-04-30,25.48,24.21,25.74,23.9,,,,,
2001-05-01,24.2,25.46,25.57,24.16,,,,,
2001-05-02,24.23,24.6,25.04,23.97,,,,,
2001-05-03,25.78,25.52,26.32,25.43,,,,,
2001-05-04,23.91,26.49,26.49,23.88,,,,,
2001-05-07,24.86,25.1,25.46,24.53,,,,,
2001-05-08,24.44,24.49,25.35,24.44,,,,,
2001-05-09,24.35,24.94,25.06,24.27,,,,,
2001-05-10,24.0,23.69,24.67,23.55,,,,,
2001-05-11,23.54,23.14,23.86,23.14,,,,,
2001-05-14,24.26,24.23,24.5,24.06,,,,,
2001-05-15,23.71,24.41,24.5,23.34,,,,,
2001-05-16,21.89,23.17,23.22,21.17,,,,,
2001-05-17,21.47,22.5,22.74,21.32,,,,,
2001-05-18,21.23,21.46,21.71,21.17,,,,,
2001-05-21,20.76,21.9,21.96,20.74,,,,,
2001-05-22,21.35,21.53,21.56,21.09,,,,,
2001-05-23,22.08,21.6,22.15,21.58,,,,,
2001-05-24,20.57,21.85,21.89,20.55,,,,,
2001-05-25,20.6,20.6,21.13,20.46,,,,,
2001-05-29,22.14,22.16,22.37,21.93,,,,,
2001-05-30,22.76,22.4,23.16,22.25,,,,,
2001-05-31,22.64,22.96,23.16,22.33,,,,,
2001-06-01,21.59,23.02,23.12,21.52,,,,,
2001-06-04,21.38,21.64,22.07,21.33,,,,,
2001-06-05,19.58,20.8,20.92,19.47,,,,,
2001-06-06,20.39,20.09,20.64,19.93,,,,,
2001-06-07,19.67,20.35,20.39,19.67,,,,,
2001-06-08,19.92,19.62,20.44,19.58,,,,,
2001-06-11,20.7,20.62,21.09,20.37,,,,,
2001-06-12,20.7,21.21,21.68,20.43,,,,,
2001-06-13,21.45,20.79,21.6,20.7,,,,,
2001-06-14,23.12,22.13,23.12,22.12,,,,,
2001-06-15,22.81,23.98,24.42,22.44,,,,,
2001-06-18,23.17,23.26,23.54,22.93,,,,,
2001-06-19,22.34,22.4,22.82,21.93,,,,,
2001-06-20,21.71,22.05,22.29,21.6,,,,,
2001-06-21,19.38,21.31,21.36,19.34,,,,,
2001-06-22,20.02,19.82,20.2,19.59,,,,,
2001-06-25,20.67,20.36,20.89,20.25,,,,,
2001-06-26,21.2,21.45,21.65,20.75,,,,,
2001-06-27,20.88,21.55,21.84,20.54,,,,,
2001-06-28,20.01,20.18,20.18,19.52,,,,,
2001-06-29,19.06,19.9,19.9,18.83,,,,,
2001-07-02,18.76,19.75,19.75,18.74,,,,,
2001-07-03,18.92,19.21,19.37,18.92,,,,,
2001-07-05,20.09,20.14,20.39,19.7,,,,,
2001-07-06,21.63,20.96,21.9,20.96,,,,,
2001-07-09,22.48,22.71,22.96,22.3,,,,,
2001-07-10,23.25,22.28,23.26,22.28,,,,,
2001-07-11,24.01,24.17,24.91,23.59,,,,,
2001-07-12,22.09,23.29,23.29,22.09,,,,,
2001-07-13,21.14,22.03,22.12,21.02,,,,,
2001-07-16,22.91,21.69,22.91,21.58,,,,,
2001-07-17,22.61,23.54,23.6,22.46,,,,,
2001-07-18,23.6,23.19,23.84,23.07,,,,,
2001-07-19,22.51,22.58,23.07,21.84,,,,,
2001-07-20,22.34,22.67,23.01,22.19,,,,,
2001-07-23,23.74,22.64,23.87,22.51,,,,,
2001-07-24,25.24,24.2,25.61,24.16,,,,,
2001-07-25,24.0,24.92,25.23,23.92,,,,,
2001-07-26,23.01,24.02,24.23,22.98,,,,,
2001-07-27,22.0,23.02,23.13,21.93,,,,,
2001-07-30,22.69,22.48,23.03,22.48,,,,,
2001-07-31,21.62,22.31,22.45,20.79,,,,,
2001-08-01,20.56,20.97,20.99,20.13,,,,,
2001-08-02,20.09,20.33,20.48,19.69,,,,,
2001-08-03,19.89,20.23,21.03,19.83,,,,,
2001-08-06,21.89,21.07,22.26,20.88,,,,,
2001-08-07,21.01,21.43,21.51,20.73,,,,,
2001-08-08,22.32,21.52,22.57,20.72,,,,,
2001-08-09,21.75,22.02,22.43,21.64,,,,,
2001-08-10,20.55,20.56,21.53,20.37,,,,,
2001-08-13,20.42,20.58,20.69,20.24,,,,,
2001-08-14,20.48,19.95,20.54,19.93,,,,,
2001-08-15,20.91,20.14,20.91,19.84,,,,,
2001-08-16,21.54,21.26,22.15,21.06,,,,,
2001-08-17,23.84,21.94,24.24,21.91,,,,,
2001-08-20,22.87,24.83,24.85,22.87,,,,,
2001-08-21,24.4,22.55,24.51,21.63,,,,,
2001-08-22,22.44,22.71,23.28,22.34,,,,,
2001-08-23,22.23,22.05,22.36,21.85,,,,,
2001-08-24,19.71,21.3,21.31,19.7,,,,,
2001-08-27,20.56,20.5,20.85,20.13,,,,,
2001-08-28,22.0,20.9,22.12,20.9,,,,,
2001-08-29,23.03,21.85,23.26,21.84,,,,,
2001-08-30,25.41,23.16,25.84,23.16,,,,,
2001-08-31,24.92,25.31,25.47,24.41,,,,,
2001-09-04,25.85,26.11,26.17,24.19,,,,,
2001-09-05,26.35,26.22,27.37,26.22,,,,,
2001-09-06,28.61,27.23,28.73,27.23,,,,,
2001-09-07,30.99,29.89,31.3,28.92,,,,,
2001-09-10,31.84,33.11,33.34,31.84,,,,,
2001-09-17,41.76,43.2,44.33,39.77,,,,,
2001-09-18,38.87,41.07,42.17,38.87,,,,,
2001-09-19,40.56,37.88,44.26,37.5,,,,,
2001-09-20,43.74,41.4,43.76,41.17,,,,,
2001-09-21,42.66,48.93,49.35,42.66,,,,,
2001-09-24,37.75,41.32,41.49,37.2,,,,,
2001-09-25,35.81,37.06,37.26,35.81,,,,,
2001-09-26,35.26,35.0,35.74,34.49,,,,,
2001-09-27,34.0,35.45,36.11,33.99,,,,,
2001-09-28,31.93,33.08,33.08,31.74,,,,,
2001-10-01,32.32,33.42,34.08,32.29,,,,,
2001-10-02,31.18,32.41,32.64,31.16,,,,,
2001-10-03,31.34,32.4,32.47,31.15,,,,,
2001-10-04,31.97,31.37,32.16,30.31,,,,,
2001-10-05,33.39,32.68,34.39,32.64,,,,,
2001-10-08,35.12,35.66,36.18,34.84,,,,,
2001-10-09,34.83,35.25,35.53,34.48,,,,,
2001-10-10,31.6,34.17,34.17,31.34,,,,,
2001-10-11,31.5,30.93,32.16,30.83,,,,,
2001-10-12,35.27,32.48,36.56,32.27,,,,,
2001-10-15,35.31,36.75,36.95,35.24,,,,,
2001-10-16,32.88,34.81,35.32,32.85,,,,,
2001-10-17,35.08,32.44,35.09,32.44,,,,,
2001-10-18,34.95,35.42,35.61,34.85,,,,,
2001-10-19,34.11,34.76,35.46,33.89,,,,,
2001-10-22,32.25,34.47,34.66,32.17,,,,,
2001-10-23,32.0,32.24,32.46,31.3,,,,,
2001-10-24,30.95,31.74,31.84,30.8,,,,,
2001-10-25,29.46,32.4,32.92,29.45,,,,,
2001-10-26,28.42,30.02,30.02,28.11,,,,,
2001-10-29,31.64,30.43,31.67,30.31,,,,,
2001-10-30,33.46,33.24,34.77,33.0,,,,,
2001-10-31,33.56,33.12,33.59,32.27,,,,,
2001-11-01,32.31,33.97,34.57,32.0,,,,,
2001-11-02,30.71,32.45,32.67,30.46,,,,,
2001-11-05,30.5,31.14,31.21,30.23,,,,,
2001-11-06,28.8,30.64,31.19,28.72,,,,,
2001-11-07,29.13,29.41,29.54,28.11,,,,,
2001-11-08,28.62,28.51,28.88,27.43,,,,,
2001-11-09,27.44,28.99,29.05,27.34,,,,,
2001-11-12,29.35,31.94,31.94,29.04,,,,,
2001-11-13,26.47,27.95,28.02,26.34,,,,,
2001-11-14,26.56,26.27,27.04,26.26,,,,,
2001-11-15,25.56,26.33,26.46,25.53,,,,,
2001-11-16,25.07,25.76,25.95,25.03,,,,,
2001-11-19,24.46,25.43,25.43,24.46,,,,,
2001-11-20,24.12,24.35,24.48,23.5,,,,,
2001-11-21,24.19,23.86,24.42,23.84,,,,,
2001-11-23,23.25,23.93,23.94,23.0,,,,,
2001-11-26,23.79,24.22,24.74,23.75,,,,,
2001-11-27,24.0,23.6,24.56,22.96,,,,,
2001-11-28,25.9,24.57,25.91,24.29,,,,,
2001-11-29,25.18,26.16,26.46,25.14,,,,,
2001-11-30,23.84,25.05,25.3,23.6,,,,,
2001-12-03,25.77,25.92,26.38,25.52,,,,,
2001-12-04,24.08,25.41,25.75,24.08,,,,,
2001-12-05,23.02,23.15,23.15,22.58,,,,,
2001-12-06,23.71,23.5,24.14,23.35,,,,,
2001-12-07,23.49,23.76,23.85,23.18,,,,,
2001-12-10,25.62,24.97,25.87,24.58,,,,,
2001-12-11,25.3,25.25,25.58,24.22,,,,,
2001-12-12,24.87,25.0,25.91,24.66,,,,,
2001-12-13,25.91,25.48,25.93,25.03,,,,,
2001-12-14,24.63,25.28,25.53,24.23,,,,,
2001-12-17,24.26,25.02,25.06,23.96,,,,,
2001-12-18,23.29,23.43,23.71,23.19,,,,,
2001-12-19,22.58,23.34,23.34,22.26,,,,,
2001-12-20,23.67,22.56,23.69,22.48,,,,,
2001-12-21,22.5,23.13,23.28,22.38,,,,,
2001-12-24,22.62,23.06,23.11,22.62,,,,,
2001-12-26,22.29,22.36,22.42,22.01,,,,,
2001-12-27,21.59,22.01,22.01,21.59,,,,,
2001-12-28,21.4,21.4,21.59,21.12,,,,,
2001-12-31,23.8,22.5,23.8,22.46,,,,,
2002-01-02,22.71,23.78,24.2,22.71,,,,,
2002-01-03,21.34,22.22,22.43,21.33,,,,,
2002-01-04,20.45,20.97,21.53,20.4,,,,,
2002-01-07,21.94,21.41,22.15,21.35,,,,,
2002-01-08,21.83,21.63,22.29,21.28,,,,,
2002-01-09,22.13,21.3,22.42,20.66,,,,,
2002-01-10,22.36,22.28,22.78,21.78,,,,,
2002-01-11,22.6,22.29,22.84,21.92,,,,,
2002-01-14,23.58,23.94,24.04,23.24,,,,,
2002-01-15,22.7,23.39,23.74,22.58,,,,,
2002-01-16,23.45,23.42,23.6,22.87,,,,,
2002-01-17,22.25,23.34,23.55,22.13,,,,,
2002-01-18,22.52,22.97,23.07,22.22,,,,,
2002-01-22,23.61,22.93,23.83,22.76,,,,,
2002-01-23,21.88,23.35,23.54,21.68,,,,,
2002-01-24,21.15,21.19,21.34,20.74,,,,,
2002-01-25,21.01,21.36,21.57,20.74,,,,,
2002-01-28,21.14,21.24,21.88,21.11,,,,,
2002-01-29,24.35,20.92,24.99,20.69,,,,,
2002-01-30,23.22,24.58,26.88,23.22,,,,,
2002-01-31,21.09,22.45,22.7,21.09,,,,,
2002-02-01,21.12,21.12,21.43,20.95,,,,,
2002-02-04,24.87,22.77,25.15,22.69,,,,,
2002-02-05,25.45,25.26,26.19,24.51,,,,,
2002-02-06,26.09,25.53,27.32,25.34,,,,,
2002-02-07,25.11,25.99,26.54,24.24,,,,,
2002-02-08,23.26,24.56,24.67,23.07,,,,,
2002-02-11,21.78,24.04,24.04,21.78,,,,,
2002-02-12,21.62,22.3,22.44,21.44,,,,,
2002-02-13,20.85,20.92,21.17,20.55,,,,,
2002-02-14,21.77,21.92,21.92,21.32,,,,,
2002-02-15,22.37,21.98,22.79,21.54,,,,,
2002-02-19,24.43,23.92,24.59,23.83,,,,,
2002-02-20,22.66,23.78,24.94,22.62,,,,,
2002-02-21,23.8,22.59,23.96,21.9,,,,,
2002-02-22,22.86,24.04,24.44,22.75,,,,,
2002-02-25,21.84,23.09,23.11,21.42,,,,,
2002-02-26,21.68,21.36,22.25,21.35,,,,,
2002-02-27,21.49,21.18,22.42,20.82,,,,,
2002-02-28,21.59,21.12,21.59,20.71,,,,,
2002-03-01,19.96,21.06,21.06,19.88,,,,,
2002-03-04,20.5,20.69,20.95,20.35,,,,,
2002-03-05,20.3,20.76,21.12,20.24,,,,,
2002-03-06,19.94,20.27,20.49,19.55,,,,,
2002-03-07,20.04,20.72,20.81,19.97,,,,,
2002-03-08,19.27,19.76,20.22,19.27,,,,,
2002-03-11,19.84,20.66,20.77,19.56,,,,,
2002-03-12,19.59,20.52,20.57,19.51,,,,,
2002-03-13,19.46,19.83,19.89,19.4,,,,,
2002-03-14,19.2,19.45,19.56,18.98,,,,,
2002-03-15,18.42,18.77,18.84,18.38,,,,,
2002-03-18,18.93,18.79,19.4,18.74,,,,,
2002-03-19,18.16,18.5,18.66,18.09,,,,,
2002-03-20,18.46,18.7,18.75,18.33,,,,,
2002-03-21,18.15,18.61,18.84,18.14,,,,,
2002-03-22,17.77,18.34,18.38,17.62,,,,,
2002-03-25,18.48,18.18,18.72,18.04,,,,,
2002-03-26,18.13,18.44,18.44,17.81,,,,,
2002-03-27,17.7,18.1,18.16,17.55,,,,,
2002-03-28,17.4,17.23,17.51,17.02,,,,,
2002-04-01,18.73,18.99,19.5,18.61,,,,,
2002-04-02,19.16,19.12,19.41,19.12,,,,,
2002-04-03,20.2,19.41,20.47,19.4,,,,,
2002-04-04,19.78,19.9,20.09,19.46,,,,,
2002-04-05,19.13,19.33,19.4,18.78,,,,,
2002-04-08,19.61,20.35,20.46,19.57,,,,,
2002-04-09,19.47,19.31,19.73,19.3,,,,,
2002-04-10,18.19,19.22,19.28,18.17,,,,,
2002-04-11,20.3,18.72,20.35,18.56,,,,,
2002-04-12,19.42,19.96,20.19,19.31,,,,,
2002-04-15,19.82,20.13,20.2,19.47,,,,,
2002-04-16,18.11,18.58,19.03,18.06,,,,,
2002-04-17,18.43,18.34,19.03,17.9,,,,,
2002-04-18,19.29,17.82,19.8,17.82,,,,,
2002-04-19,18.3,18.41,18.96,17.73,,,,,
2002-04-22,19.77,19.41,20.09,19.34,,,,,
2002-04-23,20.28,19.23,20.33,19.2,,,,,
2002-04-24,20.77,20.01,20.86,19.71,,,,,
2002-04-25,20.95,21.56,21.7,20.86,,,,,
2002-04-26,22.14,20.72,22.14,20.67,,,,,
2002-04-29,24.05,23.23,24.5,22.91,,,,,
2002-04-30,21.91,24.03,24.03,21.64,,,,,
2002-05-01,20.06,21.44,22.03,19.91,,,,,
2002-05-02,20.07,20.11,20.51,19.91,,,,,
2002-05-03,20.19,20.25,20.96,20.05,,,,,
2002-05-06,22.56,20.99,22.57,20.83,,,,,
2002-05-07,21.94,22.38,22.59,21.64,,,,,
2002-05-08,20.39,21.3,21.31,20.21,,,,,
2002-05-09,21.56,20.84,21.62,20.83,,,,,
2002-05-10,22.41,21.83,22.71,21.77,,,,,
2002-05-13,20.72,22.25,22.25,20.67,,,,,
2002-05-14,19.35,19.87,20.08,19.2,,,,,
2002-05-15,19.19,19.5,19.65,18.5,,,,,
2002-05-16,18.5,19.31,19.31,18.48,,,,,
2002-05-17,17.7,18.01,18.57,17.7,,,,,
2002-05-20,19.24,18.76,19.42,18.76,,,,,
2002-05-21,20.05,19.04,20.11,18.99,,,,,
2002-05-22,19.58,20.25,20.71,19.54,,,,,
2002-05-23,18.23,19.05,19.16,18.19,,,,,
2002-05-24,18.9,18.22,19.03,18.22,,,,,
2002-05-28,20.31,20.21,20.77,20.07,,,,,
2002-05-29,20.39,20.41,20.79,19.73,,,,,
2002-05-30,20.61,20.88,21.58,20.42,,,,,
2002-05-31,19.98,20.26,20.26,19.43,,,,,
2002-06-03,23.37,20.98,23.37,20.62,,,,,
2002-06-04,23.89,23.6,24.82,23.31,,,,,
2002-06-05,22.61,23.52,23.77,22.46,,,,,
2002-06-06,24.16,22.97,24.64,22.94,,,,,
2002-06-07,23.51,25.96,26.15,22.98,,,,,
2002-06-10,23.72,24.18,24.28,23.05,,,,,
2002-06-11,24.45,23.11,24.5,22.81,,,,,
2002-06-12,24.15,24.18,25.5,23.85,,,,,
2002-06-13,25.02,24.65,25.56,23.97,,,,,
2002-06-14,25.96,28.43,28.78,25.8,,,,,
2002-06-17,24.64,25.92,25.92,24.6,,,,,
2002-06-18,24.24,24.75,24.81,24.06,,,,,
2002-06-19,26.06,25.05,26.08,24.65,,,,,
2002-06-20,27.48,26.1,27.56,26.0,,,,,
2002-06-21,27.23,28.38,28.5,26.84,,,,,
2002-06-24,26.98,27.93,29.02,26.46,,,,,
2002-06-25,27.84,26.41,27.92,25.49,,,,,
2002-06-26,28.42,29.99,30.98,28.41,,,,,
2002-06-27,26.29,27.67,29.24,26.29,,,,,
2002-06-28,25.4,25.74,25.88,24.88,,,,,
2002-07-01,27.11,25.71,27.16,25.63,,,,,
2002-07-02,28.96,27.56,29.78,27.56,,,,,
2002-07-03,29.42,28.88,31.03,28.76,,,,,
2002-07-05,27.11,27.3,27.3,25.68,,,,,
2002-07-08,28.25,28.54,28.78,27.88,,,,,
2002-07-09,30.22,27.96,30.34,27.79,,,,,
2002-07-10,34.1,31.4,34.17,30.77,,,,,
2002-07-11,33.85,34.42,36.35,33.85,,,,,
2002-07-12,32.94,34.3,34.3,32.41,,,,,
2002-07-15,35.03,35.07,38.38,34.86,,,,,
2002-07-16,36.65,35.97,36.82,35.2,,,,,
2002-07-17,35.45,34.25,36.73,33.62,,,,,
2002-07-18,35.12,35.2,35.42,33.45,,,,,
2002-07-19,38.17,36.42,38.17,35.98,,,,,
2002-07-22,41.87,39.13,42.58,38.57,,,,,
2002-07-23,44.92,42.27,46.13,42.05,,,,,
2002-07-24,39.86,48.17,48.46,39.83,,,,,
2002-07-25,39.27,40.65,42.05,38.89,,,,,
2002-07-26,35.51,38.61,38.8,35.51,,,,,
2002-07-29,31.33,33.89,33.89,31.19,,,,,
2002-07-30,31.92,32.04,32.77,30.6,,,,,
2002-07-31,32.03,32.78,33.68,32.03,,,,,
2002-08-01,36.95,32.77,36.95,32.77,,,,,
2002-08-02,41.29,37.53,43.93,36.86,,,,,
2002-08-05,45.08,41.95,45.21,41.77,,,,,
2002-08-06,42.03,43.06,43.06,40.28,,,,,
2002-08-07,38.73,40.72,41.37,38.65,,,,,
2002-08-08,36.33,38.53,39.06,36.19,,,,,
2002-08-09,35.33,37.41,37.48,34.69,,,,,
2002-08-12,37.05,37.23,37.52,36.83,,,,,
2002-08-13,35.82,37.24,37.31,34.2,,,,,
2002-08-14,32.36,35.56,35.99,32.35,,,,,
2002-08-15,29.43,31.9,32.1,29.43,,,,,
2002-08-16,28.81,29.88,29.95,28.01,,,,,
2002-08-19,28.61,29.6,29.73,28.29,,,,,
2002-08-20,29.59,29.52,30.22,29.18,,,,,
2002-08-21,28.23,29.18,30.06,28.07,,,,,
2002-08-22,27.75,28.64,28.64,27.61,,,,,
2002-08-23,29.32,28.08,29.54,28.08,,,,,
2002-08-26,29.89,30.73,31.93,29.63,,,,,
2002-08-27,30.11,29.89,30.8,29.53,,,,,
2002-08-28,33.32,31.24,33.6,31.19,,,,,
2002-08-29,33.67,35.42,35.42,33.21,,,,,
2002-08-30,32.64,33.64,33.64,31.93,,,,,
2002-09-03,39.97,37.12,39.97,37.12,,,,,
2002-09-04,37.44,39.21,39.71,37.05,,,,,
2002-09-05,38.86,39.58,40.41,38.21,,,,,
2002-09-06,36.33,36.88,37.35,35.99,,,,,
2002-09-09,36.45,39.1,39.63,36.04,,,,,
2002-09-10,35.08,35.98,35.98,35.08,,,,,
2002-09-11,34.81,35.98,34.81,33.72,,,,,
2002-09-12,37.5,36.24,37.74,36.1,,,,,
2002-09-13,35.82,38.22,38.52,35.82,,,,,
2002-09-16,36.74,37.34,38.55,36.64,,,,,
2002-09-17,38.01,35.87,38.06,35.79,,,,,
2002-09-18,37.52,38.68,39.71,36.96,,,,,
2002-09-19,40.65,39.92,40.7,38.92,,,,,
2002-09-20,38.98,39.93,40.23,38.72,,,,,
2002-09-23,39.68,40.78,41.18,39.26,,,,,
2002-09-24,40.52,40.95,41.34,39.57,,,,,
2002-09-25,37.33,39.65,39.92,36.79,,,,,
2002-09-26,34.6,36.09,36.15,34.6,,,,,
2002-09-27,36.97,35.07,36.97,33.96,,,,,
2002-09-30,39.69,41.07,41.86,38.89,,,,,
2002-10-01,34.12,37.25,37.61,33.77,,,,,
2002-10-02,36.83,35.16,36.97,34.42,,,,,
2002-10-03,37.31,37.33,37.75,36.11,,,,,
2002-10-04,39.46,39.18,40.29,38.67,,,,,
2002-10-07,42.64,41.65,42.95,41.04,,,,,
2002-10-08,41.02,42.09,43.44,39.96,,,,,
2002-10-09,42.13,42.25,42.58,41.21,,,,,
2002-10-10,37.55,39.13,39.39,37.54,,,,,
2002-10-11,35.7,36.36,36.53,35.2,,,,,
2002-10-14,36.04,36.92,37.18,36.02,,,,,
2002-10-15,34.02,34.36,34.71,33.79,,,,,
2002-10-16,36.0,34.91,36.27,34.91,,,,,
2002-10-17,34.1,34.77,35.13,33.93,,,,,
2002-10-18,33.53,34.6,34.73,33.34,,,,,
2002-10-21,33.11,35.34,35.55,33.0,,,,,
2002-10-22,34.09,34.39,34.76,33.61,,,,,
2002-10-23,33.2,34.06,35.61,33.2,,,,,
2002-10-24,34.03,32.99,34.43,32.53,,,,,
2002-10-25,30.0,33.37,33.37,29.88,,,,,
2002-10-28,31.07,30.78,31.67,30.31,,,,,
2002-10-29,32.27,31.53,33.53,31.53,,,,,
2002-10-30,31.23,32.5,32.5,30.79,,,,,
2002-10-31,31.14,31.57,31.57,29.69,,,,,
2002-11-01,29.3,31.57,31.7,28.62,,,,,
2002-11-04,30.82,29.81,30.9,28.83,,,,,
2002-11-05,31.23,31.01,31.72,30.43,,,,,
2002-11-06,30.73,31.89,32.6,30.71,,,,,
2002-11-07,31.42,31.42,31.85,30.76,,,,,
2002-11-08,29.41,30.39,31.03,29.1,,,,,
2002-11-11,31.3,30.63,31.64,30.41,,,,,
2002-11-12,30.58,31.09,31.2,29.75,,,,,
2002-11-13,31.24,31.21,31.9,30.5,,,,,
2002-11-14,28.67,29.69,29.76,28.65,,,,,
2002-11-15,26.65,27.92,28.23,26.44,,,,,
2002-11-18,27.66,27.09,27.66,26.73,,,,,
2002-11-19,27.41,28.12,28.15,26.63,,,,,
2002-11-20,25.32,26.93,26.93,25.06,,,,,
2002-11-21,23.81,24.6,24.75,23.41,,,,,
2002-11-22,23.16,23.99,24.22,23.05,,,,,
2002-11-25,24.07,23.92,25.42,23.62,,,,,
2002-11-26,25.97,24.56,26.15,24.56,,,,,
2002-11-27,27.25,25.15,27.42,23.97,,,,,
2002-11-29,27.5,27.1,27.7,26.84,,,,,
2002-12-02,27.46,28.35,28.61,27.28,,,,,
2002-12-03,28.33,27.79,28.41,27.47,,,,,
2002-12-04,28.92,29.1,29.51,28.27,,,,,
2002-12-05,30.1,29.5,30.2,29.26,,,,,
2002-12-06,28.88,30.64,30.64,28.77,,,,,
2002-12-09,30.78,30.07,31.2,29.99,,,,,
2002-12-10,28.76,30.44,30.49,28.65,,,,,
2002-12-11,27.76,28.92,29.0,27.55,,,,,
2002-12-12,27.29,27.95,28.16,27.23,,,,,
2002-12-13,28.18,28.01,28.67,27.56,,,,,
2002-12-16,26.24,28.25,28.29,26.22,,,,,
2002-12-17,26.66,26.25,26.82,25.9,,,,,
2002-12-18,28.29,27.29,28.55,27.29,,,,,
2002-12-19,30.21,28.26,30.84,27.88,,,,,
2002-12-20,26.71,28.59,28.75,26.59,,,,,
2002-12-23,26.2,27.61,27.69,25.87,,,,,
2002-12-24,26.49,26.39,26.82,26.38,,,,,
2002-12-26,27.37,26.32,27.57,26.16,,,,,
2002-12-27,29.55,27.72,29.97,27.52,,,,,
2002-12-30,29.62,30.69,30.83,29.47,,,,,
2002-12-31,28.62,29.08,29.62,28.6,,,,,
2003-01-02,25.39,28.74,28.74,25.32,,,,,
2003-01-03,24.68,25.55,25.55,24.68,,,,,
2003-01-06,24.91,25.32,25.42,24.29,,,,,
2003-01-07,25.13,25.13,25.69,24.91,,,,,
2003-01-08,25.53,25.62,25.76,25.07,,,,,
2003-01-09,24.25,24.9,24.9,24.02,,,,,
2003-01-10,24.32,24.62,24.69,24.15,,,,,
2003-01-13,24.9,24.95,25.48,24.68,,,,,
2003-01-14,24.57,25.01,25.09,24.38,,,,,
2003-01-15,25.51,24.85,26.01,24.85,,,,,
2003-01-16,25.01,24.92,25.8,24.69,,,,,
2003-01-17,25.7,25.39,26.0,25.2,,,,,
2003-01-21,27.59,26.75,27.7,26.73,,,,,
2003-01-22,29.01,28.16,29.08,27.77,,,,,
2003-01-23,27.53,28.72,29.19,27.35,,,,,
2003-01-24,31.51,28.47,32.41,28.45,,,,,
2003-01-27,34.69,33.31,35.33,32.97,,,,,
2003-01-28,31.93,34.42,34.47,31.82,,,,,
2003-01-29,31.26,32.45,33.24,31.05,,,,,
2003-01-30,31.32,31.38,31.5,30.66,,,,,
2003-01-31,31.17,31.15,31.66,30.61,,,,,
2003-02-03,31.02,32.45,32.45,30.87,,,,,
2003-02-04,32.76,32.74,33.37,32.7,,,,,
2003-02-05,33.04,32.76,33.22,31.98,,,,,
2003-02-06,33.35,34.03,34.24,33.12,,,,,
2003-02-07,34.01,33.3,34.31,33.19,,,,,
2003-02-10,33.99,35.21,35.66,33.99,,,,,
2003-02-11,33.68,33.18,33.97,32.72,,,,,
2003-02-12,34.33,33.88,34.33,33.77,,,,,
2003-02-13,33.7,34.99,35.2,33.33,,,,,
2003-02-14,32.62,33.74,33.94,32.42,,,,,
2003-02-18,31.11,32.12,32.12,31.11,,,,,
2003-02-19,31.31,31.17,31.72,31.13,,,,,
2003-02-20,31.16,30.97,31.27,30.86,,,,,
2003-02-21,30.25,30.98,31.65,30.16,,,,,
2003-02-24,31.98,31.46,32.31,31.46,,,,,
2003-02-25,31.74,32.71,33.06,31.6,,,,,
2003-02-26,31.94,32.12,32.21,31.75,,,,,
2003-02-27,30.53,31.76,31.85,30.47,,,,,
2003-02-28,29.63,29.84,29.84,29.06,,,,,
2003-03-03,30.43,29.78,30.52,29.71,,,,,
2003-03-04,31.83,31.05,31.98,30.98,,,,,
2003-03-05,30.38,31.25,31.33,30.38,,,,,
2003-03-06,31.37,31.04,31.53,30.69,,,,,
2003-03-07,31.08,32.64,32.81,30.84,,,,,
2003-03-10,33.31,33.37,33.85,33.08,,,,,
2003-03-11,33.61,33.32,33.75,32.97,,,,,
2003-03-12,33.51,33.69,34.4,33.32,,,,,
2003-03-13,31.76,32.98,32.98,31.67,,,,,
2003-03-14,30.98,30.85,31.25,30.45,,,,,
2003-03-17,31.75,31.85,32.62,31.67,,,,,
2003-03-18,30.43,31.51,31.51,30.24,,,,,
2003-03-19,31.54,30.82,31.54,30.4,,,,,
2003-03-20,30.44,31.81,32.0,30.41,,,,,
2003-03-21,28.67,29.41,29.7,28.44,,,,,
2003-03-24,30.39,30.53,31.0,30.33,,,,,
2003-03-25,28.75,30.27,30.5,28.75,,,,,
2003-03-26,28.23,28.62,28.79,27.89,,,,,
2003-03-27,27.96,28.94,29.1,27.62,,,,,
2003-03-28,27.75,28.21,28.25,27.58,,,,,
2003-03-31,29.15,29.95,30.21,28.57,,,,,
2003-04-01,28.36,29.58,29.58,28.18,,,,,
2003-04-02,28.02,27.5,28.12,27.45,,,,,
2003-04-03,28.21,28.32,28.44,27.54,,,,,
2003-04-04,29.13,28.35,30.04,28.35,,,,,
2003-04-07,28.45,28.86,28.86,27.68,,,,,
2003-04-08,27.13,27.87,27.94,26.86,,,,,
2003-04-09,27.11,27.08,27.23,26.13,,,,,
2003-04-10,25.6,26.92,27.13,25.51,,,,,
2003-04-11,24.44,24.42,25.2,24.31,,,,,
2003-04-14,23.41,24.83,25.0,23.32,,,,,
2003-04-15,22.56,23.24,23.42,22.44,,,,,
2003-04-16,22.52,22.5,22.85,21.95,,,,,
2003-04-17,21.5,22.11,22.38,21.33,,,,,
2003-04-21,21.95,21.81,22.35,21.56,,,,,
2003-04-22,20.7,21.83,21.86,20.26,,,,,
2003-04-23,20.8,20.86,21.07,20.68,,,,,
2003-04-24,20.33,21.03,21.27,20.31,,,,,
2003-04-25,20.8,20.51,20.89,20.36,,,,,
2003-04-28,20.84,20.89,20.96,20.65,,,,,
2003-04-29,20.76,20.66,21.33,20.46,,,,,
2003-04-30,21.21,21.04,21.56,20.87,,,,,
2003-05-01,21.59,21.35,22.33,21.32,,,,,
2003-05-02,20.63,21.09,21.42,20.63,,,,,
2003-05-05,21.13,21.32,21.71,21.06,,,,,
2003-05-06,20.8,21.0,21.35,20.4,,,,,
2003-05-07,21.0,21.45,21.58,20.94,,,,,
2003-05-08,21.24,21.66,21.66,20.7,,,,,
2003-05-09,19.69,20.85,20.93,19.66,,,,,
2003-05-12,19.52,19.96,20.02,19.39,,,,,
2003-05-13,19.91,19.51,20.05,19.35,,,,,
2003-05-14,20.0,20.02,20.29,19.82,,,,,
2003-05-15,19.24,19.55,19.79,19.22,,,,,
2003-05-16,18.4,19.26,19.42,18.24,,,,,
2003-05-19,20.51,19.49,20.69,19.45,,,,,
2003-05-20,21.29,20.49,21.68,20.3,,,,,
2003-05-21,21.21,21.69,21.72,21.21,,,,,
2003-05-22,19.78,20.99,21.0,19.56,,,,,
2003-05-23,19.17,20.07,20.08,19.14,,,,,
2003-05-27,19.99,20.68,20.75,19.66,,,,,
2003-05-28,20.03,19.79,20.35,19.79,,,,,
2003-05-29,20.43,19.72,20.74,19.66,,,,,
2003-05-30,19.47,19.83,19.83,19.44,,,,,
2003-06-02,20.85,20.35,20.98,20.06,,,,,
2003-06-03,20.84,20.85,21.22,20.7,,,,,
2003-06-04,20.62,20.95,20.95,20.5,,,,,
2003-06-05,20.83,21.21,21.39,20.81,,,,,
2003-06-06,21.25,20.41,21.44,20.16,,,,,
2003-06-09,22.15,22.2,22.81,22.12,,,,,
2003-06-10,20.64,21.87,21.87,20.64,,,,,
2003-06-11,20.21,20.61,20.72,20.1,,,,,
2003-06-12,20.41,20.74,21.04,20.39,,,,,
2003-06-13,20.66,20.57,20.9,20.5,,,,,
2003-06-16,20.22,21.28,21.28,20.22,,,,,
2003-06-17,20.01,20.3,20.55,19.78,,,,,
2003-06-18,19.76,20.25,20.33,19.74,,,,,
2003-06-19,19.8,19.83,19.99,19.51,,,,,
2003-06-20,19.14,19.54,19.59,18.89,,,,,
2003-06-23,20.58,20.16,20.99,20.16,,,,,
2003-06-24,20.75,20.29,20.89,20.24,,,,,
2003-06-25,20.81,21.14,21.25,20.48,,,,,
2003-06-26,19.4,20.19,20.47,19.4,,,,,
2003-06-27,19.16,19.4,19.64,18.87,,,,,
2003-06-30,19.52,19.31,19.63,19.21,,,,,
2003-07-01,19.46,20.49,20.8,19.29,,,,,
2003-07-02,19.03,18.91,19.4,18.84,,,,,
2003-07-03,19.39,19.33,19.73,18.86,,,,,
2003-07-07,20.06,19.99,20.32,19.84,,,,,
2003-07-08,19.48,19.96,20.05,19.37,,,,,
2003-07-09,18.93,19.5,19.63,18.93,,,,,
2003-07-10,19.19,19.26,19.5,19.05,,,,,
2003-07-11,18.47,18.75,18.89,18.26,,,,,
2003-07-14,19.59,18.88,19.67,18.7,,,,,
2003-07-15,19.55,19.7,19.93,19.38,,,,,
2003-07-16,19.76,19.71,20.15,19.66,,,,,
2003-07-17,20.22,19.8,20.45,19.8,,,,,
2003-07-18,19.11,20.14,20.2,19.1,,,,,
2003-07-21,19.78,20.06,20.36,19.78,,,,,
2003-07-22,19.17,19.85,20.07,19.1,,,,,
2003-07-23,18.64,19.44,19.6,18.6,,,,,
2003-07-24,18.6,18.37,18.65,17.88,,,,,
2003-07-25,17.75,18.6,18.88,17.65,,,,,
2003-07-28,18.36,18.69,18.76,18.25,,,,,
2003-07-29,18.67,18.6,19.5,18.32,,,,,
2003-07-30,18.85,18.88,19.03,18.73,,,,,
2003-07-31,19.49,18.82,19.58,18.36,,,,,
2003-08-01,20.75,20.06,20.77,20.06,,,,,
2003-08-04,21.27,22.16,22.86,21.25,,,,,
2003-08-05,22.68,21.61,22.68,21.36,,,,,
2003-08-06,21.5,23.26,23.89,21.48,,,,,
2003-08-07,20.26,21.51,21.72,20.09,,,,,
2003-08-08,19.59,19.78,20.21,19.48,,,,,
2003-08-11,19.75,20.04,20.31,19.51,,,,,
2003-08-12,17.94,19.11,19.55,17.75,,,,,
2003-08-13,18.77,18.31,18.99,18.05,,,,,
2003-08-14,18.47,18.96,18.96,18.2,,,,,
2003-08-15,18.27,18.65,18.94,18.15,,,,,
2003-08-18,18.18,18.72,18.85,18.01,,,,,
2003-08-19,17.86,17.99,18.38,17.79,,,,,
2003-08-20,17.82,18.07,18.33,17.81,,,,,
2003-08-21,17.84,17.64,18.18,17.64,,,,,
2003-08-22,18.55,17.74,18.63,17.73,,,,,
2003-08-25,19.53,19.45,19.58,19.21,,,,,
2003-08-26,19.49,19.77,20.3,19.45,,,,,
2003-08-27,19.13,19.91,19.93,19.09,,,,,
2003-08-28,18.48,19.09,19.59,18.45,,,,,
2003-08-29,18.63,18.53,18.75,18.52,,,,,
2003-09-02,19.02,19.31,19.83,18.95,,,,,
2003-09-03,19.44,19.31,19.58,19.21,,,,,
2003-09-04,18.71,19.58,19.64,18.7,,,,,
2003-09-05,18.17,18.64,18.69,18.15,,,,,
2003-09-08,18.26,18.3,18.59,18.25,,,,,
2003-09-09,18.85,18.48,19.14,18.45,,,,,
2003-09-10,20.01,19.26,20.15,19.26,,,,,
2003-09-11,19.25,19.87,20.02,19.19,,,,,
2003-09-12,18.68,20.58,20.66,18.51,,,,,
2003-09-15,19.28,19.15,19.35,18.85,,,,,
2003-09-16,18.03,18.94,18.94,17.95,,,,,
2003-09-17,18.15,18.03,18.24,17.98,,,,,
2003-09-18,17.57,18.14,18.15,17.56,,,,,
2003-09-19,17.54,17.83,17.86,17.52,,,,,
2003-09-22,19.65,19.08,23.9,19.03,,,,,
2003-09-23,19.47,19.91,19.97,19.31,,,,,
2003-09-24,21.22,19.53,21.26,19.44,,,,,
2003-09-25,22.26,21.11,22.27,21.04,,,,,
2003-09-26,22.23,22.28,22.73,21.85,,,,,
2003-09-29,21.67,22.85,22.85,21.64,,,,,
2003-09-30,22.72,22.04,23.26,22.03,,,,,
2003-10-01,21.07,22.81,22.82,20.99,,,,,
2003-10-02,20.8,21.23,21.45,20.71,,,,,
2003-10-03,19.5,19.94,20.09,18.95,,,,,
2003-10-06,19.51,20.69,20.69,19.45,,,,,
2003-10-07,19.41,20.14,20.14,19.4,,,,,
2003-10-08,19.18,19.26,19.61,19.08,,,,,
2003-10-09,18.82,18.51,19.28,18.26,,,,,
2003-10-10,18.45,18.92,18.92,18.42,,,,,
2003-10-13,17.55,17.62,17.91,17.42,,,,,
2003-10-14,17.37,17.4,17.79,17.2,,,,,
2003-10-15,17.69,17.73,17.96,16.98,,,,,
2003-10-16,17.19,17.58,18.05,16.86,,,,,
2003-10-17,17.62,16.97,17.85,16.97,,,,,
2003-10-20,17.04,17.84,18.07,17.04,,,,,
2003-10-21,16.55,17.16,17.23,16.19,,,,,
2003-10-22,17.67,17.1,17.98,17.1,,,,,
2003-10-23,17.68,18.51,18.51,17.48,,,,,
2003-10-24,17.71,18.25,18.68,17.67,,,,,
2003-10-27,18.05,17.97,18.18,17.74,,,,,
2003-10-28,16.82,17.79,17.89,16.77,,,,,
2003-10-29,16.43,16.85,17.02,16.34,,,,,
2003-10-30,16.33,18.45,18.45,16.01,,,,,
2003-10-31,16.1,16.11,16.19,15.79,,,,,
2003-11-03,16.55,16.33,16.7,16.22,,,,,
2003-11-04,16.55,16.57,16.78,16.45,,,,,
2003-11-05,16.86,16.99,17.32,16.55,,,,,
2003-11-06,16.74,17.0,17.37,16.62,,,,,
2003-11-07,16.93,16.63,16.93,16.5,,,,,
2003-11-10,17.62,17.79,17.88,17.53,,,,,
2003-11-11,17.54,18.14,18.53,17.5,,,,,
2003-11-12,16.75,17.78,17.85,16.55,,,,,
2003-11-13,16.47,17.05,17.13,16.43,,,,,
2003-11-14,16.94,16.63,17.0,16.17,,,,,
2003-11-17,18.6,18.14,19.36,18.04,,,,,
2003-11-18,19.11,18.09,19.17,17.78,,,,,
2003-11-19,18.8,19.14,19.51,18.65,,,,,
2003-11-20,19.48,19.09,19.61,18.46,,,,,
2003-11-21,18.98,19.08,19.4,18.82,,,,,
2003-11-24,17.44,18.91,18.98,17.19,,,,,
2003-11-25,16.71,17.4,17.87,16.4,,,,,
2003-11-26,16.23,16.11,17.26,16.02,,,,,
2003-11-28,16.32,16.51,16.62,16.16,,,,,
2003-12-01,16.77,16.74,17.03,16.17,,,,,
2003-12-02,16.27,16.89,16.89,16.17,,,,,
2003-12-03,16.63,16.08,16.68,15.77,,,,,
2003-12-04,16.3,16.48,16.83,16.29,,,,,
2003-12-05,17.09,16.76,17.32,16.5,,,,,
2003-12-08,16.54,17.55,17.59,16.52,,,,,
2003-12-09,17.63,16.63,17.8,16.56,,,,,
2003-12-10,17.87,17.66,18.27,17.58,,,,,
2003-12-11,16.73,17.95,17.95,16.51,,,,,
2003-12-12,16.41,16.19,16.98,16.09,,,,,
2003-12-15,17.23,15.8,17.42,15.79,,,,,
2003-12-16,15.93,17.27,17.45,15.9,,,,,
2003-12-17,15.58,16.12,16.27,15.52,,,,,
2003-12-18,16.16,15.59,16.19,14.66,,,,,
2003-12-19,16.42,16.66,16.81,15.71,,,,,
2003-12-22,16.94,17.06,17.31,16.61,,,,,
2003-12-23,16.49,17.32,17.4,16.29,,,,,
2003-12-24,16.66,16.65,16.77,16.24,,,,,
2003-12-26,17.45,16.76,17.49,16.63,,,,,
2003-12-29,17.09,17.81,17.86,17.07,,,,,
2003-12-30,17.68,17.32,17.97,17.2,,,,,
2003-12-31,18.31,17.49,18.86,17.41,,,,,
2004-01-02,18.22,17.96,18.68,17.54,,,,,
2004-01-05,17.49,18.45,18.49,17.44,,,,,
2004-01-06,16.73,17.66,17.67,16.19,,,,,
2004-01-07,15.5,16.72,16.75,15.5,,,,,
2004-01-08,15.61,15.42,15.68,15.32,,,,,
2004-01-09,16.75,16.15,16.88,15.57,,,,,
2004-01-12,16.82,17.32,17.46,16.79,,,,,
2004-01-13,18.04,16.6,18.33,16.53,,,,,
2004-01-14,16.75,17.29,17.3,16.4,,,,,
2004-01-15,15.56,17.07,17.31,15.49,,,,,
2004-01-16,15.0,15.4,15.44,14.9,,,,,
2004-01-20,15.21,15.77,16.13,15.09,,,,,
2004-01-21,14.34,36.55,36.55,14.24,,,,,
2004-01-22,14.71,14.2,14.87,14.01,,,,,
2004-01-23,14.84,14.73,15.05,14.56,,,,,
2004-01-26,14.55,15.78,15.78,14.52,,,,,
2004-01-27,15.35,15.28,15.44,14.74,,,,,
2004-01-28,16.78,15.37,17.06,15.29,,,,,
2004-01-29,17.14,16.88,17.66,16.79,,,,,
2004-01-30,16.63,16.55,17.35,16.55,,,,,
2004-02-02,17.11,17.45,17.56,16.67,,,,,
2004-02-03,17.34,17.29,17.78,17.17,,,,,
2004-02-04,17.87,17.84,18.06,17.46,,,,,
2004-02-05,17.71,17.91,17.99,17.6,,,,,
2004-02-06,16.0,17.71,17.71,15.94,,,,,
2004-02-09,16.39,16.54,16.82,16.12,,,,,
2004-02-10,15.94,16.41,16.76,15.84,,,,,
2004-02-11,15.39,15.9,16.16,15.26,,,,,
2004-02-12,15.31,15.36,15.72,15.23,,,,,
2004-02-13,15.58,15.12,16.03,14.86,,,,,
2004-02-17,15.4,15.63,15.96,15.32,,,,,
2004-02-18,15.59,15.51,15.76,15.3,,,,,
2004-02-19,15.8,15.33,15.97,15.2,,,,,
2004-02-20,16.04,15.85,16.55,15.82,,,,,
2004-02-23,16.29,16.5,16.78,16.25,,,,,
2004-02-24,15.9,16.38,16.76,15.77,,,,,
2004-02-25,14.93,15.58,16.05,14.93,,,,,
2004-02-26,14.83,15.32,15.33,14.69,,,,,
2004-02-27,14.55,13.8,14.77,13.8,,,,,
2004-03-01,14.44,14.91,15.05,14.4,,,,,
2004-03-02,14.86,14.59,14.89,14.18,,,,,
2004-03-03,14.55,14.73,15.27,14.47,,,,,
2004-03-04,14.4,14.45,14.5,14.19,,,,,
2004-03-05,14.48,14.81,14.82,13.83,,,,,
2004-03-08,15.79,14.83,15.83,14.54,,,,,
2004-03-09,16.6,15.57,16.74,15.56,,,,,
2004-03-10,18.67,16.12,18.7,16.11,,,,,
2004-03-11,20.67,18.81,20.69,17.63,,,,,
2004-03-12,18.3,19.94,20.08,18.06,,,,,
2004-03-15,21.13,18.98,21.39,18.86,,,,,
2004-03-16,20.34,20.27,20.94,19.86,,,,,
2004-03-17,18.11,19.54,19.55,17.98,,,,,
2004-03-18,18.53,18.38,19.23,18.35,,,,,
2004-03-19,19.15,17.98,19.25,17.89,,,,,
2004-03-22,21.58,20.61,22.67,20.61,,,,,
2004-03-23,20.67,21.06,21.33,20.01,,,,,
2004-03-24,19.81,20.24,20.83,19.45,,,,,
2004-03-25,17.88,19.58,19.58,17.61,,,,,
2004-03-26,17.33,18.19,18.23,16.67,,,,,
2004-03-29,16.5,17.11,17.17,16.29,,,,,
2004-03-30,16.28,16.68,16.8,16.13,,,,,
2004-03-31,16.74,16.33,16.96,16.23,,,,,
2004-04-01,16.65,16.76,17.25,16.65,,,,,
2004-04-02,15.64,15.21,16.55,15.21,,,,,
2004-04-05,14.97,16.17,16.64,14.81,,,,,
2004-04-06,15.32,15.35,15.53,15.07,,,,,
2004-04-07,15.76,15.41,16.36,15.34,,,,,
2004-04-08,16.26,14.96,16.82,14.96,,,,,
2004-04-12,15.28,15.71,16.12,15.0,,,,,
2004-04-13,17.26,15.29,17.98,15.29,,,,,
2004-04-14,15.62,17.29,17.71,15.6,,,,,
2004-04-15,15.74,16.02,16.78,15.22,,,,,
2004-04-16,14.94,15.59,15.69,14.77,,,,,
2004-04-19,15.42,15.73,16.08,15.33,,,,,
2004-04-20,16.67,15.24,16.72,14.79,,,,,
2004-04-21,15.6,16.61,16.94,15.55,,,,,
2004-04-22,14.61,15.89,15.98,13.86,,,,,
2004-04-23,14.01,12.89,14.56,12.89,,,,,
2004-04-26,14.77,14.75,15.22,14.39,,,,,
2004-04-27,15.07,15.05,15.17,14.37,,,,,
2004-04-28,16.29,15.55,16.54,15.55,,,,,
2004-04-29,16.6,16.36,17.27,15.87,,,,,
2004-04-30,17.19,16.27,17.23,16.14,,,,,
2004-05-03,16.62,17.69,17.72,16.61,,,,,
2004-05-04,16.55,16.8,17.13,15.97,,,,,
2004-05-05,15.77,16.43,16.55,15.64,,,,,
2004-05-06,17.05,16.45,17.67,16.45,,,,,
2004-05-07,18.13,17.22,18.17,16.44,,,,,
2004-05-10,19.77,19.44,20.2,18.99,,,,,
2004-05-11,18.57,19.23,19.28,17.94,,,,,
2004-05-12,18.14,18.79,20.41,18.14,,,,,
2004-05-13,18.86,18.78,18.92,17.97,,,,,
2004-05-14,18.47,18.66,19.27,18.06,,,,,
2004-05-17,19.96,19.7,20.45,19.65,,,,,
2004-05-18,19.33,19.6,19.7,19.14,,,,,
2004-05-19,18.93,18.48,18.93,17.58,,,,,
2004-05-20,18.67,18.6,19.25,18.55,,,,,
2004-05-21,18.49,18.73,18.74,18.0,,,,,
2004-05-24,18.08,18.79,18.82,17.96,,,,,
2004-05-25,15.96,18.41,18.42,15.73,,,,,
2004-05-26,15.97,16.09,16.3,15.78,,,,,
2004-05-27,15.28,15.74,15.86,15.19,,,,,
2004-05-28,15.5,15.44,15.65,15.39,,,,,
2004-06-01,16.3,16.6,16.96,16.19,,,,,
2004-06-02,16.08,16.05,16.7,15.95,,,,,
2004-06-03,17.03,16.43,17.04,16.16,,,,,
2004-06-04,16.78,16.24,16.9,15.82,,,,,
2004-06-07,15.39,16.6,16.7,15.33,,,,,
2004-06-08,15.01,15.79,15.88,15.0,,,,,
2004-06-09,15.39,14.56,15.46,14.56,,,,,
2004-06-10,15.04,15.33,15.35,14.92,,,,,
2004-06-11,15.04,15.04,15.04,15.04,,,,,
2004-06-14,16.07,15.54,16.36,15.54,,,,,
2004-06-15,15.05,15.34,15.35,14.72,,,,,
2004-06-16,14.79,14.83,15.22,14.48,,,,,
2004-06-17,15.15,15.06,15.58,15.0,,,,,
2004-06-18,14.99,14.74,15.25,14.51,,,,,
2004-06-21,15.26,15.61,15.62,14.96,,,,,
2004-06-22,14.31,15.44,15.64,14.31,,,,,
2004-06-23,13.98,14.6,14.82,13.75,,,,,
2004-06-24,14.81,14.39,14.97,14.16,,,,,
2004-06-25,15.19,14.78,15.29,14.47,,,,,
2004-06-28,16.07,15.28,16.13,15.19,,,,,
2004-06-29,15.47,15.22,16.28,15.22,,,,,
2004-06-30,14.34,15.27,15.73,14.25,,,,,
2004-07-01,15.2,14.74,15.57,14.41,,,,,
2004-07-02,15.08,15.23,15.45,14.8,,,,,
2004-07-06,16.25,16.25,16.75,16.13,,,,,
2004-07-07,15.81,16.36,16.47,15.59,,,,,
2004-07-08,16.2,15.86,16.36,15.5,,,,,
2004-07-09,15.78,16.01,16.03,15.71,,,,,
2004-07-12,14.96,15.25,15.61,14.61,,,,,
2004-07-13,14.46,14.86,15.08,14.28,,,,,
2004-07-14,13.76,14.9,16.59,13.34,,,,,
2004-07-15,14.71,13.94,14.73,13.6,,,,,
2004-07-16,14.34,14.27,14.58,13.95,,,,,
2004-07-19,15.17,15.17,15.83,14.86,,,,,
2004-07-20,14.17,15.53,15.57,13.98,,,,,
2004-07-21,16.41,14.0,16.46,13.91,,,,,
2004-07-22,15.75,16.65,17.1,15.29,,,,,
2004-07-23,16.5,15.82,16.94,15.82,,,,,
2004-07-26,17.3,17.22,17.93,16.98,,,,,
2004-07-27,16.55,17.24,17.34,16.3,,,,,
2004-07-28,16.15,16.77,17.41,15.94,,,,,
2004-07-29,15.68,16.0,16.12,15.42,,,,,
2004-07-30,15.32,15.85,15.89,15.27,,,,,
2004-08-02,15.37,16.42,16.58,15.22,,,,,
2004-08-03,16.03,15.56,16.05,15.28,,,,,
2004-08-04,16.21,16.33,16.65,15.82,,,,,
2004-08-05,18.32,16.19,18.41,16.17,,,,,
2004-08-06,19.34,18.21,19.68,18.18,,,,,
2004-08-09,18.89,19.97,19.97,18.63,,,,,
2004-08-10,17.47,18.8,18.86,17.25,,,,,
2004-08-11,18.04,18.15,18.49,17.84,,,,,
2004-08-12,19.08,18.61,19.3,18.36,,,,,
2004-08-13,17.98,18.91,19.25,17.97,,,,,
2004-08-16,17.57,19.28,19.28,17.42,,,,,
2004-08-17,17.02,16.58,17.28,16.16,,,,,
2004-08-18,16.23,17.55,17.55,16.13,,,,,
2004-08-19,16.96,16.54,17.55,16.31,,,,,
2004-08-20,16.0,16.99,17.04,15.78,,,,,
2004-08-23,15.88,16.68,16.71,15.79,,,,,
2004-08-24,15.33,15.63,15.81,15.33,,,,,
2004-08-25,14.98,15.4,15.76,14.81,,,,,
2004-08-26,14.91,15.22,15.22,14.76,,,,,
2004-08-27,14.71,14.91,15.02,14.67,,,,,
2004-08-30,15.44,15.35,15.58,15.3,,,,,
2004-08-31,15.29,15.64,15.85,15.28,,,,,
2004-09-01,14.91,15.39,15.39,14.72,,,,,
2004-09-02,14.28,14.97,15.05,14.18,,,,,
2004-09-03,13.91,14.36,14.38,13.79,,,,,
2004-09-07,14.07,14.52,14.64,14.03,,,,,
2004-09-08,14.06,13.41,14.31,13.41,,,,,
2004-09-09,14.01,14.12,14.41,13.7,,,,,
2004-09-10,13.76,13.9,14.23,13.69,,,,,
2004-09-13,13.17,13.64,13.78,13.16,,,,,
2004-09-14,13.56,13.5,13.89,13.5,,,,,
2004-09-15,14.64,13.88,14.67,13.68,,,,,
2004-09-16,14.39,14.29,14.66,14.27,,,,,
2004-09-17,14.03,14.11,14.43,13.93,,,,,
2004-09-20,14.43,13.98,15.29,13.98,,,,,
2004-09-21,13.66,15.98,15.98,13.38,,,,,
2004-09-22,14.74,15.28,15.3,13.95,,,,,
2004-09-23,14.8,14.85,15.08,14.61,,,,,
2004-09-24,14.28,14.93,14.94,14.08,,,,,
2004-09-27,14.62,14.86,31.36,14.55,,,,,
2004-09-28,13.83,14.73,14.84,13.69,,,,,
2004-09-29,13.21,14.09,14.14,13.2,,,,,
2004-09-30,13.34,13.49,13.67,13.2,,,,,
2004-10-01,12.75,13.11,13.11,12.6,,,,,
2004-10-04,13.41,13.05,13.45,12.99,,,,,
2004-10-05,13.95,13.51,14.19,13.51,,,,,
2004-10-06,13.28,14.01,14.1,13.24,,,,,
2004-10-07,14.5,13.33,14.66,13.32,,,,,
2004-10-08,15.05,14.7,15.52,13.78,,,,,
2004-10-11,14.71,14.69,15.27,14.28,,,,,
2004-10-12,15.05,15.21,15.69,14.91,,,,,
2004-10-13,15.42,13.92,15.63,13.92,,,,,
2004-10-14,16.43,15.22,16.56,15.22,,,,,
2004-10-15,15.04,16.28,16.49,14.72,,,,,
2004-10-18,14.71,16.16,16.16,14.64,,,,,
2004-10-19,15.13,16.32,16.32,14.32,,,,,
2004-10-20,14.85,15.46,15.53,14.8,,,,,
2004-10-21,14.54,14.98,15.19,14.28,,,,,
2004-10-22,15.28,14.59,15.41,14.31,,,,,
2004-10-25,16.58,16.07,16.71,16.02,,,,,
2004-10-26,16.39,19.54,16.87,15.97,,,,,
2004-10-27,15.72,16.48,16.53,15.66,,,,,
2004-10-28,15.39,16.02,16.05,15.36,,,,,
2004-10-29,16.27,15.83,16.29,14.96,,,,,
2004-11-01,16.27,16.43,16.76,16.18,,,,,
2004-11-02,16.18,15.99,16.32,15.21,,,,,
2004-11-03,14.04,15.05,15.18,13.79,,,,,
2004-11-04,13.97,13.83,14.02,12.95,,,,,
2004-11-05,13.84,13.67,14.1,13.23,,,,,
2004-11-08,13.8,2.58,14.48,13.68,,,,,
2004-11-09,13.61,12.89,13.96,12.89,,,,,
2004-11-10,13.08,13.16,13.51,12.79,,,,,
2004-11-11,13.04,13.11,13.12,12.64,,,,,
2004-11-12,13.33,13.24,13.48,13.04,,,,,
2004-11-15,13.38,14.05,14.06,13.25,,,,,
2004-11-16,13.21,13.41,13.67,13.2,,,,,
2004-11-17,13.21,13.2,13.39,12.77,,,,,
2004-11-18,12.98,13.22,13.29,12.96,,,,,
2004-11-19,13.5,12.79,13.83,12.77,,,,,
2004-11-22,12.97,13.71,13.71,12.94,,,,,
2004-11-23,12.67,12.78,12.91,12.57,,,,,
2004-11-24,12.72,12.58,12.89,12.56,,,,,
2004-11-26,12.79,14.98,14.98,12.59,,,,,
2004-11-29,13.3,12.99,13.69,12.93,,,,,
2004-11-30,13.24,13.27,13.38,13.07,,,,,
2004-12-01,12.97,13.1,13.12,12.77,,,,,
2004-12-02,12.98,12.97,13.04,12.72,,,,,
2004-12-03,12.96,13.02,13.06,12.4,,,,,
2004-12-06,13.19,12.95,13.4,12.93,,,,,
2004-12-07,13.67,13.07,13.74,12.96,,,,,
2004-12-08,13.19,13.52,13.68,13.18,,,,,
2004-12-09,12.88,13.52,13.71,12.77,,,,,
2004-12-10,12.76,13.05,13.15,12.68,,,,,
2004-12-13,12.54,12.37,12.61,12.13,,,,,
2004-12-14,12.73,12.55,12.97,12.21,,,,,
2004-12-15,12.35,12.41,12.88,12.23,,,,,
2004-12-16,12.27,12.34,12.59,11.96,,,,,
2004-12-17,11.95,12.34,12.75,11.87,,,,,
2004-12-20,11.83,12.26,12.34,11.77,,,,,
2004-12-21,11.55,11.78,12.0,11.37,,,,,
2004-12-22,11.45,11.42,11.71,11.37,,,,,
2004-12-23,11.23,11.41,11.64,11.14,,,,,
2004-12-27,12.14,11.53,12.16,11.53,,,,,
2004-12-28,12.0,12.25,12.4,11.97,,,,,
2004-12-29,11.62,11.61,11.79,11.61,,,,,
2004-12-30,12.56,12.25,12.61,12.18,,,,,
2004-12-31,13.29,12.42,13.29,12.42,,,,,
2005-01-03,14.08,13.39,14.23,13.25,,,,,
2005-01-04,13.98,14.01,14.45,13.93,,,,,
2005-01-05,14.09,13.98,14.09,13.26,,,,,
2005-01-06,13.58,14.09,14.09,13.33,,,,,
2005-01-07,13.49,13.47,13.51,12.94,,,,,
2005-01-10,13.23,13.92,13.93,12.94,,,,,
2005-01-11,13.19,13.44,13.68,13.05,,,,,
2005-01-12,12.56,13.94,13.94,12.54,,,,,
2005-01-13,12.84,12.7,12.86,12.37,,,,,
2005-01-14,12.43,12.68,12.82,12.29,,,,,
2005-01-18,12.47,13.13,13.15,12.3,,,,,
2005-01-19,13.18,12.47,13.21,12.41,,,,,
2005-01-20,13.83,13.37,14.11,13.28,,,,,
2005-01-21,14.36,13.75,14.46,13.4,,,,,
2005-01-24,14.65,14.38,14.75,14.17,,,,,
2005-01-25,14.06,14.34,14.36,13.88,,,,,
2005-01-26,13.44,13.84,13.84,13.06,,,,,
2005-01-27,13.24,13.5,13.57,12.96,,,,,
2005-01-28,13.24,13.15,13.56,12.83,,,,,
2005-01-31,12.82,13.63,13.63,12.79,,,,,
2005-02-01,12.03,12.8,20.13,12.02,,,,,
2005-02-02,11.66,12.01,12.06,11.52,,,,,
2005-02-03,11.79,12.03,12.12,11.72,,,,,
2005-02-04,11.21,11.97,11.97,10.9,,,,,
2005-02-07,11.73,11.53,11.75,11.36,,,,,
2005-02-08,11.6,11.66,11.67,11.45,,,,,
2005-02-09,12.0,11.52,12.02,11.41,,,,,
2005-02-10,11.51,11.98,11.99,11.38,,,,,
2005-02-11,11.43,11.64,11.82,11.25,,,,,
2005-02-14,11.52,11.28,11.86,11.18,,,,,
2005-02-15,11.27,11.57,11.76,11.13,,,,,
2005-02-16,11.1,11.4,11.5,11.03,,,,,
2005-02-17,11.77,11.25,11.91,11.21,,,,,
2005-02-18,11.18,11.99,12.12,11.18,,,,,
2005-02-22,13.14,12.18,13.2,12.09,,,,,
2005-02-23,12.39,12.94,12.94,12.3,,,,,
2005-02-24,11.57,12.51,12.51,11.48,,,,,
2005-02-25,11.49,11.75,11.78,10.92,,,,,
2005-02-28,12.08,11.89,12.5,11.73,,,,,
2005-03-01,12.04,11.95,12.1,11.66,,,,,
2005-03-02,12.5,12.88,12.91,12.2,,,,,
2005-03-03,12.93,12.28,13.07,12.23,,,,,
2005-03-04,11.94,12.49,12.5,11.94,,,,,
2005-03-07,12.26,12.36,12.6,12.05,,,,,
2005-03-08,12.4,12.06,12.5,11.95,,,,,
2005-03-09,12.7,12.23,12.72,12.2,,,,,
2005-03-10,12.49,12.62,12.97,12.42,,,,,
2005-03-11,12.8,12.29,12.98,12.11,,,,,
2005-03-14,12.39,12.82,12.99,12.36,,,,,
2005-03-15,13.15,12.44,13.22,12.33,,,,,
2005-03-16,13.49,13.3,13.81,13.19,,,,,
2005-03-17,13.29,13.25,13.67,13.2,,,,,
2005-03-18,13.14,13.65,13.67,13.08,,,,,
2005-03-21,13.61,13.62,13.98,13.33,,,,,
2005-03-22,14.27,13.76,14.28,13.15,,,,,
2005-03-23,14.06,14.61,14.89,13.88,,,,,
2005-03-24,13.42,13.86,13.88,12.97,,,,,
2005-03-28,13.75,14.01,14.01,13.44,,,,,
2005-03-29,14.49,13.96,14.68,13.38,,,,,
2005-03-30,13.64,14.47,14.47,13.64,,,,,
2005-03-31,14.02,13.71,14.1,13.57,,,,,
2005-04-01,14.09,13.64,14.38,12.92,,,,,
2005-04-04,14.11,14.53,14.76,13.96,,,,,
2005-04-05,13.68,14.1,14.11,13.66,,,,,
2005-04-06,13.15,13.75,13.76,12.89,,,,,
2005-04-07,12.33,12.92,12.96,12.3,,,,,
2005-04-08,12.62,12.06,12.65,11.52,,,,,
2005-04-11,11.98,12.09,12.46,11.82,,,,,
2005-04-12,11.3,11.66,12.83,11.19,,,,,
2005-04-13,13.31,11.68,13.44,11.27,,,,,
2005-04-14,14.53,13.4,14.6,12.67,,,,,
2005-04-15,17.74,14.92,18.05,14.71,,,,,
2005-04-18,16.56,18.33,18.59,16.41,,,,,
2005-04-19,14.96,15.28,15.97,14.81,,,,,
2005-04-20,16.92,14.86,17.25,14.52,,,,,
2005-04-21,14.41,16.22,16.22,14.26,,,,,
2005-04-22,15.38,14.54,16.32,14.2,,,,,
2005-04-25,14.62,15.29,15.47,14.6,,,,,
2005-04-26,14.91,14.27,15.15,14.27,,,,,
2005-04-27,14.87,14.62,15.93,14.43,,,,,
2005-04-28,16.86,14.19,16.87,14.19,,,,,
2005-04-29,15.31,15.75,16.92,15.26,,,,,
2005-05-02,15.12,15.45,16.01,15.08,,,,,
2005-05-03,14.53,17.89,17.89,14.53,,,,,
2005-05-04,13.85,14.44,15.38,13.7,,,,,
2005-05-05,13.98,13.48,15.82,13.43,,,,,
2005-05-06,14.05,13.29,14.06,13.11,,,,,
2005-05-09,13.75,14.11,14.56,13.53,,,,,
2005-05-10,14.91,14.05,15.11,14.03,,,,,
2005-05-11,14.45,14.69,15.8,14.31,,,,,
2005-05-12,16.12,14.43,16.23,14.16,,,,,
2005-05-13,16.32,15.88,17.7,15.4,,,,,
2005-05-16,15.68,16.87,16.87,15.67,,,,,
2005-05-17,14.57,15.92,16.21,14.45,,,,,
2005-05-18,13.63,14.11,14.18,13.3,,,,,
2005-05-19,13.32,13.35,14.02,13.25,,,,,
2005-05-20,13.14,13.57,13.73,13.07,,,,,
2005-05-23,12.95,13.38,13.45,12.75,,,,,
2005-05-24,12.69,13.12,13.3,12.53,,,,,
2005-05-25,12.58,12.83,13.11,12.58,,,,,
2005-05-26,12.24,12.23,12.38,11.65,,,,,
2005-05-27,12.15,12.06,12.43,12.06,,,,,
2005-05-31,13.29,12.69,13.45,12.67,,,,,
2005-06-01,12.36,13.34,13.34,12.17,,,,,
2005-06-02,11.84,12.35,12.43,11.8,,,,,
2005-06-03,12.15,11.78,12.49,11.52,,,,,
2005-06-06,12.28,12.68,26.83,12.21,,,,,
2005-06-07,12.39,12.22,12.43,11.47,,,,,
2005-06-08,12.7,13.1,13.11,12.05,,,,,
2005-06-09,12.08,12.69,13.07,12.06,,,,,
2005-06-10,11.96,12.16,12.4,11.9,,,,,
2005-06-13,11.65,12.12,12.12,11.31,,,,,
2005-06-14,11.79,11.65,12.02,11.52,,,,,
2005-06-15,11.46,11.22,11.96,11.05,,,,,
2005-06-16,11.15,11.24,11.36,11.04,,,,,
2005-06-17,11.48,10.83,11.64,10.78,,,,,
2005-06-20,11.47,12.51,12.53,11.31,,,,,
2005-06-21,11.08,11.52,11.67,11.01,,,,,
2005-06-22,11.05,10.96,11.31,10.81,,,,,
2005-06-23,12.13,11.19,12.13,10.96,,,,,
2005-06-24,12.18,12.27,12.32,11.95,,,,,
2005-06-27,12.52,12.73,12.78,12.38,,,,,
2005-06-28,11.58,12.31,12.31,11.55,,,,,
2005-06-29,11.77,11.54,11.78,11.44,,,,,
2005-06-30,12.04,11.72,12.1,11.5,,,,,
2005-07-01,11.4,11.75,11.92,11.38,,,,,
2005-07-05,11.68,12.41,12.41,11.53,,,,,
2005-07-06,12.27,11.67,12.33,11.54,,,,,
2005-07-07,12.49,13.91,13.92,12.48,,,,,
2005-07-08,11.45,12.24,12.29,11.09,,,,,
2005-07-11,11.28,10.96,11.41,10.53,,,,,
2005-07-12,10.95,11.03,11.37,10.85,,,,,
2005-07-13,10.84,11.09,11.44,10.8,,,,,
2005-07-14,10.81,10.87,11.13,10.5,,,,,
2005-07-15,10.33,10.61,10.9,10.13,,,,,
2005-07-18,10.77,11.09,11.09,10.77,,,,,
2005-07-19,10.45,10.63,10.79,10.36,,,,,
2005-07-20,10.23,10.8,10.94,9.88,,,,,
2005-07-21,10.97,10.23,11.21,10.23,,,,,
2005-07-22,10.52,11.01,11.05,10.51,,,,,
2005-07-25,11.1,11.12,36.56,10.7,,,,,
2005-07-26,10.99,11.11,11.25,10.92,,,,,
2005-07-27,10.36,11.03,11.03,10.34,,,,,
2005-07-28,10.52,10.4,10.58,10.27,,,,,
2005-07-29,11.57,10.24,11.73,10.24,,,,,
2005-08-01,12.08,11.75,12.23,11.36,,,,,
2005-08-02,11.75,12.0,12.03,11.69,,,,,
2005-08-03,11.83,11.9,12.01,11.62,,,,,
2005-08-04,12.52,12.12,12.57,11.99,,,,,
2005-08-05,12.48,11.82,12.92,11.82,,,,,
2005-08-08,13.21,12.56,13.29,12.56,,,,,
2005-08-09,12.4,12.25,12.78,12.24,,,,,
2005-08-10,12.38,12.03,12.56,11.51,,,,,
2005-08-11,12.42,12.34,12.94,11.88,,,,,
2005-08-12,12.74,12.36,12.98,12.18,,,,,
2005-08-15,12.26,12.87,12.99,12.08,,,,,
2005-08-16,13.52,12.37,13.89,12.28,,,,,
2005-08-17,13.3,13.35,13.76,12.78,,,,,
2005-08-18,13.42,13.47,13.88,13.01,,,,,
2005-08-19,13.42,12.84,13.85,12.61,,,,,
2005-08-22,13.42,13.67,13.89,13.2,,,,,
2005-08-23,13.34,13.63,14.05,13.3,,,,,
2005-08-24,14.17,13.56,14.18,13.0,,,,,
2005-08-25,13.73,13.92,14.12,13.66,,,,,
2005-08-26,13.72,13.79,14.2,13.65,,,,,
2005-08-29,13.52,14.34,14.41,13.38,,,,,
2005-08-30,13.65,13.49,14.18,13.47,,,,,
2005-08-31,12.6,13.37,13.63,12.56,,,,,
2005-09-01,13.15,12.86,13.37,12.31,,,,,
2005-09-02,13.57,13.21,13.72,13.03,,,,,
2005-09-06,12.93,14.17,14.18,12.9,,,,,
2005-09-07,12.52,13.06,13.2,12.44,,,,,
2005-09-08,12.93,12.72,12.94,12.37,,,,,
2005-09-09,11.98,12.46,12.65,11.96,,,,,
2005-09-12,11.65,11.66,11.89,11.45,,,,,
2005-09-13,12.39,11.76,12.48,11.75,,,,,
2005-09-14,12.91,12.79,13.26,12.67,,,,,
2005-09-15,12.49,12.72,13.17,12.28,,,,,
2005-09-16,11.22,11.89,11.93,11.07,,,,,
2005-09-19,12.14,12.17,12.46,12.04,,,,,
2005-09-20,12.64,12.23,12.96,11.83,,,,,
2005-09-21,13.79,13.07,13.91,12.96,,,,,
2005-09-22,13.33,13.85,14.39,13.31,,,,,
2005-09-23,12.96,13.64,13.88,12.75,,,,,
2005-09-26,13.04,13.27,13.47,12.64,,,,,
2005-09-27,12.76,13.06,13.46,12.51,,,,,
2005-09-28,12.63,12.6,12.98,12.37,,,,,
2005-09-29,12.24,12.92,13.23,12.15,,,,,
2005-09-30,11.92,12.42,12.44,11.92,,,,,
2005-10-03,12.46,12.37,12.62,11.98,,,,,
2005-10-04,13.2,12.5,13.21,12.11,,,,,
2005-10-05,14.55,13.15,14.58,12.97,,,,,
2005-10-06,14.96,14.53,15.63,14.04,,,,,
2005-10-07,14.59,14.56,14.82,14.3,,,,,
2005-10-10,15.55,14.93,15.61,14.87,,,,,
2005-10-11,15.63,15.35,15.7,15.06,,,,,
2005-10-12,16.22,15.56,16.27,15.04,,,,,
2005-10-13,16.47,16.32,17.19,15.98,,,,,
2005-10-14,14.87,15.99,16.03,14.83,,,,,
2005-10-17,14.67,15.3,15.3,14.58,,,,,
2005-10-18,15.33,14.92,15.4,14.79,,,,,
2005-10-19,13.5,15.63,15.86,13.47,,,,,
2005-10-20,16.11,14.18,16.19,13.98,,,,,
2005-10-21,16.13,15.53,16.27,15.26,,,,,
2005-10-24,14.74,16.18,16.44,14.61,,,,,
2005-10-25,14.53,14.96,15.3,14.2,,,,,
2005-10-26,14.59,14.8,14.88,13.72,,,,,
2005-10-27,16.02,14.73,16.3,14.57,,,,,
2005-10-28,14.25,15.45,15.61,14.11,,,,,
2005-10-31,15.32,14.04,15.39,13.93,,,,,
2005-11-01,14.85,14.85,15.66,14.65,,,,,
2005-11-02,13.48,14.99,14.99,13.38,,,,,
2005-11-03,13.0,13.12,13.23,12.5,,,,,
2005-11-04,13.17,12.88,13.62,12.69,,,,,
2005-11-07,13.1,13.11,13.65,12.76,,,,,
2005-11-08,13.08,13.61,13.61,13.04,,,,,
2005-11-09,12.8,13.14,13.36,12.42,,,,,
2005-11-10,11.9,12.68,13.17,11.73,,,,,
2005-11-11,11.63,11.82,11.96,11.63,,,,,
2005-11-14,12.18,11.99,12.34,11.77,,,,,
2005-11-15,12.23,12.16,12.69,11.7,,,,,
2005-11-16,12.26,12.22,12.68,12.17,,,,,
2005-11-17,11.25,11.92,12.2,11.25,,,,,
2005-11-18,11.12,11.19,11.67,10.96,,,,,
2005-11-21,10.82,11.18,11.38,10.71,,,,,
2005-11-22,10.6,11.01,11.1,10.5,,,,,
2005-11-23,10.96,10.96,11.03,10.67,,,,,
2005-11-25,10.88,11.04,11.24,10.88,,,,,
2005-11-28,11.84,11.34,11.99,11.33,,,,,
2005-11-29,11.89,11.77,11.96,11.61,,,,,
2005-11-30,12.06,11.84,12.13,11.55,,,,,
2005-12-01,11.24,12.09,12.23,11.14,,,,,
2005-12-02,11.01,11.1,11.23,10.94,,,,,
2005-12-05,11.6,11.45,11.68,11.4,,,,,
2005-12-06,11.52,11.16,11.59,10.96,,,,,
2005-12-07,12.18,11.49,12.44,11.45,,,,,
2005-12-08,12.21,11.88,12.41,11.73,,,,,
2005-12-09,11.69,11.91,12.2,11.56,,,,,
2005-12-12,11.47,10.86,11.81,10.83,,,,,
2005-12-13,11.11,11.18,11.42,10.74,,,,,
2005-12-14,10.48,10.75,10.79,10.39,,,,,
2005-12-15,10.73,10.66,11.11,10.37,,,,,
2005-12-16,10.68,10.7,10.75,10.15,,,,,
2005-12-19,11.38,11.11,11.38,10.65,,,,,
2005-12-20,11.19,11.32,11.45,11.0,,,,,
2005-12-21,10.81,10.71,11.07,10.34,,,,,
2005-12-22,10.29,10.82,10.89,10.28,,,,,
2005-12-23,10.27,10.37,10.48,10.24,,,,,
2005-12-27,11.57,10.97,11.65,10.83,,,,,
2005-12-28,11.35,11.55,11.64,11.26,,,,,
2005-12-29,11.61,11.36,11.67,11.14,,,,,
2005-12-30,12.07,11.96,12.07,11.55,,,,,
2006-01-03,11.14,12.25,12.51,10.99,,,,,
2006-01-04,11.37,11.22,11.71,10.97,,,,,
2006-01-05,11.31,11.43,11.84,11.31,,,,,
2006-01-06,11.0,11.23,11.5,10.81,,,,,
2006-01-09,11.13,11.35,11.35,10.98,,,,,
2006-01-10,10.86,11.39,11.39,10.84,,,,,
2006-01-11,10.94,11.03,11.16,10.83,,,,,
2006-01-12,11.2,10.98,11.38,10.94,,,,,
2006-01-13,11.23,11.4,11.61,11.11,,,,,
2006-01-17,11.91,12.13,12.46,11.87,,,,,
2006-01-18,12.25,12.62,12.7,12.2,,,,,
2006-01-19,11.98,12.12,12.34,11.65,,,,,
2006-01-20,14.56,12.1,14.56,11.89,,,,,
2006-01-23,13.93,14.44,14.48,13.58,,,,,
2006-01-24,13.31,13.79,13.83,13.14,,,,,
2006-01-25,12.87,12.95,13.38,12.62,,,,,
2006-01-26,12.42,12.89,12.91,12.19,,,,,
2006-01-27,11.97,12.27,12.33,11.72,,,,,
2006-01-30,12.39,12.22,12.46,12.07,,,,,
2006-01-31,12.95,12.45,13.06,12.45,,,,,
2006-02-01,12.36,13.03,13.03,12.34,,,,,
2006-02-02,13.23,12.54,13.47,12.48,,,,,
2006-02-03,12.96,13.37,13.7,12.64,,,,,
2006-02-06,13.04,13.43,13.43,12.99,,,,,
2006-02-07,13.59,13.2,13.67,12.97,,,,,
2006-02-08,12.83,41.6,13.61,12.76,,,,,
2006-02-09,13.12,12.56,13.15,12.27,,,,,
2006-02-10,12.87,13.35,13.73,12.69,,,,,
2006-02-13,13.35,13.34,13.7,13.05,,,,,
2006-02-14,12.25,13.09,13.15,12.01,,,,,
2006-02-15,12.31,12.43,12.95,12.21,,,,,
2006-02-16,11.48,12.19,12.29,11.13,,,,,
2006-02-17,12.01,11.64,12.21,11.52,,,,,
2006-02-21,12.41,12.36,12.64,12.28,,,,,
2006-02-22,11.88,12.27,12.3,11.68,,,,,
2006-02-23,11.87,11.86,11.97,11.58,,,,,
2006-02-24,11.46,11.94,12.06,11.42,,,,,
2006-02-27,11.59,11.79,11.83,11.4,,,,,
2006-02-28,12.34,11.74,12.36,11.71,,,,,
2006-03-01,11.54,12.05,12.07,11.52,,,,,
2006-03-02,11.72,11.79,11.95,11.56,,,,,
2006-03-03,11.96,12.03,12.1,11.36,,,,,
2006-03-06,12.74,12.22,12.91,12.22,,,,,71.73
2006-03-07,12.66,12.92,13.34,12.64,,,,,
2006-03-08,12.32,12.83,13.34,12.26,,,,,
2006-03-09,12.68,12.21,12.69,12.01,,,,,
2006-03-10,11.85,12.52,12.6,11.79,,,,,
2006-03-13,11.37,11.72,11.75,10.89,,,,,
2006-03-14,10.74,11.61,11.72,10.53,,,,,
2006-03-15,11.35,11.17,11.54,10.98,,,,,15.71
2006-03-16,11.98,10.59,12.05,10.57,,,,,27.94
2006-03-17,12.12,11.56,12.2,11.53,,,,,28.6
2006-03-20,11.79,11.23,12.21,11.13,,,,,37.93
2006-03-21,11.62,11.71,11.89,11.17,,,,,37.35
2006-03-22,11.21,11.71,11.79,11.11,,,,,
2006-03-23,11.17,11.19,11.57,11.11,,,,,
2006-03-24,11.19,11.23,11.48,11.09,,,,,
2006-03-27,11.46,11.46,11.72,11.41,,,,,
2006-03-28,11.58,11.69,11.9,11.38,,,,,
2006-03-29,10.95,11.46,11.57,10.79,,,,,
2006-03-30,11.57,11.03,11.73,10.7,,,,,
2006-03-31,11.39,11.42,11.65,11.27,,,,,
2006-04-03,11.57,11.47,11.62,11.03,,,,,
2006-04-04,11.14,11.66,11.8,11.09,,,,,
2006-04-05,11.13,11.24,11.36,11.06,,,,,
2006-04-06,11.45,11.34,11.74,11.25,,,,,
2006-04-07,12.26,11.44,12.31,11.2,,,,,
2006-04-10,12.19,12.44,12.49,12.04,,,,,
2006-04-11,13.0,12.09,13.06,12.06,,,,,69.55
2006-04-12,12.76,13.08,13.9,12.66,,,,,
2006-04-13,12.38,12.93,13.0,12.28,,,,,
2006-04-17,12.58,12.8,13.02,12.27,,,,,
2006-04-18,11.4,12.55,12.55,11.31,,,,,
2006-04-19,11.32,11.52,11.8,11.23,,,,,
2006-04-20,11.64,11.3,11.67,11.02,,,,,
2006-04-21,11.59,11.24,11.98,11.19,,,,,
2006-04-24,11.75,12.26,12.42,11.67,,,,,63.42
2006-04-25,11.75,11.71,12.19,11.59,,,,,61.33
2006-04-26,11.76,11.76,11.79,11.34,,,,,
2006-04-27,11.84,12.27,12.52,11.55,,,,,
2006-04-28,11.59,12.13,12.13,11.42,,,,,
2006-05-01,12.54,11.83,12.59,11.75,,,,,61.96
2006-05-02,11.99,12.2,12.27,11.93,,,,,
2006-05-03,11.99,12.21,12.45,11.95,,,,,
2006-05-04,11.86,11.92,12.16,11.71,,,,,
2006-05-05,11.62,11.39,11.62,11.18,,,,,
2006-05-08,12.0,11.98,12.06,11.81,,,,,
2006-05-09,11.99,12.1,12.15,11.88,,,,,
2006-05-10,11.78,12.22,12.32,11.78,,,,,
2006-05-11,12.49,12.33,12.92,11.99,,,,,
2006-05-12,14.19,12.71,14.26,12.71,,,,,
2006-05-15,13.57,15.12,15.13,13.44,,,,,
2006-05-16,13.35,13.49,13.61,12.98,,,,,
2006-05-17,16.26,13.83,16.26,13.39,,,,,
2006-05-18,16.99,15.54,17.09,14.96,,,,,
2006-05-19,17.18,16.16,18.01,15.9,,,,,
2006-05-22,17.72,18.55,19.62,16.73,,,,,91.76
2006-05-23,18.26,16.7,18.26,15.36,,,,,88.66
2006-05-24,17.36,17.87,19.87,17.13,,,,,88.63
2006-05-25,15.5,16.67,16.67,15.31,,,,,82.64
2006-05-26,14.26,14.92,15.04,14.26,,,,,72.5
2006-05-30,18.66,15.39,18.72,15.39,,,,,82.14
2006-05-31,16.44,18.09,18.09,16.41,,,,,77.44
2006-06-01,14.52,16.47,16.56,14.48,,,,,74.08
2006-06-02,14.32,14.17,14.97,13.92,,,,,70.27
2006-06-05,16.65,14.97,17.14,14.97,,,,,77.38
2006-06-06,17.34,16.72,18.56,16.65,,,,,78.66
2006-06-07,17.8,15.83,17.86,15.83,,,,,73.86
2006-06-08,18.35,17.92,20.75,17.88,,,,,78.12
2006-06-09,18.12,17.9,18.45,17.07,,,,,79.87
2006-06-12,20.96,18.13,21.25,17.89,,,,,83.52
2006-06-13,23.81,20.95,23.81,20.27,,,,,93.2
2006-06-14,21.46,23.45,23.49,21.45,,,,,102.11
2006-06-15,15.9,21.05,21.14,15.65,,,,,99.13
2006-06-16,17.25,16.56,18.13,16.52,,,,,106.93
2006-06-19,17.83,16.06,18.1,15.73,,,,,102.56
2006-06-20,16.69,17.52,17.65,16.39,,,,,94.76
2006-06-21,15.52,16.67,16.72,14.88,,,,,92.4
2006-06-22,15.88,15.95,16.66,15.56,,,,,91.85
2006-06-23,15.89,16.41,16.58,14.94,,,,,86.81
2006-06-26,15.62,16.55,16.61,15.49,,,,,90.71
2006-06-27,16.4,15.58,16.55,15.27,,,,,95.12
2006-06-28,15.79,16.02,17.0,15.78,,,,,96.44
2006-06-29,13.03,15.28,15.3,12.93,,,,,96.63
2006-06-30,13.08,12.9,13.47,12.74,,,,,92.1
2006-07-03,13.05,13.29,13.51,12.77,,,,,89.13
2006-07-05,14.15,13.92,14.77,13.86,,,,,91.98
2006-07-06,13.65,14.04,14.04,13.25,,,,,92.88
2006-07-07,13.97,13.9,14.45,13.43,,,,,91.46
2006-07-10,14.02,14.17,14.5,13.67,,,,,93.52
2006-07-11,13.14,14.31,14.68,13.1,,,,,91.99
2006-07-12,14.49,13.39,14.85,13.26,,,,,
2006-07-13,17.79,15.17,17.83,15.17,,,,,
2006-07-14,18.05,17.57,18.79,17.28,,,,,
2006-07-17,18.64,18.73,18.76,17.75,,,,,
2006-07-18,17.74,18.2,19.58,17.66,,,,,
2006-07-19,15.55,17.62,17.62,14.47,,,,,
2006-07-20,16.21,15.1,16.37,14.87,,,,,
2006-07-21,17.4,16.23,17.56,16.23,,,,,
2006-07-24,14.98,17.08,17.08,14.89,,,,,99.61
2006-07-25,14.85,15.44,15.68,14.31,,,,,94.97
2006-07-26,14.62,15.04,15.21,14.09,,,,,89.23
2006-07-27,14.94,14.26,15.39,14.07,,,,,95.29
2006-07-28,14.33,14.73,14.75,14.06,,,,,93.16
2006-07-31,14.95,15.01,15.13,14.86,,,,,92.79
2006-08-01,15.05,15.49,16.15,15.03,,,,,92.67
2006-08-02,14.34,14.93,14.93,13.92,,,,,91.34
2006-08-03,14.46,15.1,15.19,14.2,,,,,89.24
2006-08-04,14.34,14.03,14.91,13.65,,,,,90.68
2006-08-07,15.23,14.98,15.53,14.97,,,,,89.58
2006-08-08,15.23,15.2,15.55,14.86,,,,,88.09
2006-08-09,15.2,14.76,15.41,14.07,,,,,
2006-08-10,14.46,15.56,15.73,14.45,,,,,
2006-08-11,14.3,14.72,14.85,14.3,,,,,
2006-08-14,14.26,14.15,14.43,13.41,,,,,
2006-08-15,13.42,13.57,13.72,13.15,,,,,
2006-08-16,12.41,12.69,12.95,12.11,,,,,57.01
2006-08-17,12.24,12.69,12.72,12.21,,,,,
2006-08-18,11.64,12.11,12.52,11.57,,,,,
2006-08-21,12.22,12.4,12.62,12.21,,,,,80.68
2006-08-22,12.19,12.42,12.42,11.93,,,,,78.75
2006-08-23,12.4,12.26,12.73,12.16,,,,,81.15
2006-08-24,12.4,12.24,12.58,12.21,,,,,79.7
2006-08-25,12.31,12.41,12.47,12.08,,,,,81.94
2006-08-28,12.18,12.92,12.92,12.07,,,,,79.47
2006-08-29,12.28,12.27,12.83,12.21,,,,,81.8
2006-08-30,12.22,12.14,12.35,12.1,,,,,80.77
2006-08-31,12.31,12.23,12.33,12.07,,,,,79.84
2006-09-01,11.96,12.14,12.33,11.91,,,,,77.19
2006-09-05,12.63,12.8,12.86,12.43,,,,,80.18
2006-09-06,13.74,13.06,13.88,13.06,,,,,82.96
2006-09-07,13.88,14.07,14.49,13.67,,,,,86.18
2006-09-08,13.16,13.79,13.8,13.05,,,,,83.7
2006-09-11,12.99,13.95,13.95,12.75,,,,,85.78
2006-09-12,11.92,13.04,13.14,11.55,,,,,80.99
2006-09-13,11.18,10.72,12.54,10.54,,,,,81.55
2006-09-14,11.55,11.36,12.02,10.74,,,,,81.93
2006-09-15,11.76,11.49,12.54,11.4,,,,,59.52
2006-09-18,11.78,12.28,12.41,11.58,,,,,80.97
2006-09-19,11.98,11.96,12.69,11.86,,,,,81.77
2006-09-20,11.39,11.75,11.75,11.34,,,,,80.83
2006-09-21,12.25,11.43,12.6,11.28,,,,,85.95
2006-09-22,12.59,12.47,13.28,12.47,,,,,85.74
2006-09-25,12.12,12.97,13.41,11.93,,,,,82.01
2006-09-26,11.53,12.23,12.23,11.51,,,,,81.59
2006-09-27,11.58,11.65,11.9,11.42,,,,,81.08
2006-09-28,11.72,11.64,12.06,11.59,,,,,84.74
2006-09-29,11.98,11.75,12.1,11.72,,,,,84.31
2006-10-02,12.57,12.45,12.72,12.11,,,,,85.46
2006-10-03,12.24,12.68,12.91,11.97,,,,,86.57
2006-10-04,11.86,12.64,12.64,11.62,,,,,82.5
2006-10-05,11.98,11.94,12.06,11.65,,,,,87.5
2006-10-06,11.56,11.99,12.17,11.55,,,,,85.63
2006-10-09,11.68,12.07,12.09,11.58,,,,,84.76
2006-10-10,11.52,11.77,11.89,11.47,,,,,83.62
2006-10-11,11.62,11.75,12.03,11.31,,,,,88.4
2006-10-12,11.09,11.5,11.51,11.09,,,,,86.87
2006-10-13,10.75,11.17,11.35,10.75,,,,,86.61
2006-10-16,11.09,11.07,11.2,10.91,,,,,82.29
2006-10-17,11.73,11.36,12.03,11.35,,,,,66.99
2006-10-18,11.34,11.44,11.83,11.33,,,,,79.1
2006-10-19,10.9,11.51,11.57,10.78,,,,,77.71
2006-10-20,10.63,11.06,11.23,10.44,,,,,78.6
2006-10-23,11.08,11.15,11.25,10.62,,,,,84.73
2006-10-24,10.78,11.25,11.27,10.78,,,,,87.39
2006-10-25,10.66,10.88,10.88,10.6,,,,,85.9
2006-10-26,10.56,10.56,10.96,10.47,,,,,81.6
2006-10-27,10.8,10.66,10.99,10.53,,,,,82.71
2006-10-30,11.2,11.36,11.43,10.92,,,,,80.16
2006-10-31,11.1,11.1,11.39,10.99,,,,,76.4
2006-11-01,11.51,10.93,11.68,10.89,,,,,78.89
2006-11-02,11.42,11.61,11.76,11.41,,,,,77.08
2006-11-03,11.16,11.16,11.43,10.34,,,,,75.19
2006-11-06,11.16,11.39,11.41,10.99,,,,,70.46
2006-11-07,11.09,11.06,11.19,10.87,,,,,67.5
2006-11-08,10.75,11.41,11.49,10.7,,,,,62.08
2006-11-09,11.01,10.65,11.07,10.57,,,,,60.42
2006-11-10,10.79,11.01,11.12,10.77,,,,,61.06
2006-11-13,10.86,11.19,11.26,10.69,,,,,36.14
2006-11-14,10.5,10.89,11.31,10.14,,,,,60.77
2006-11-15,10.31,10.47,10.61,10.13,,,,,58.58
2006-11-16,10.16,10.13,10.35,10.04,,,,,62.48
2006-11-17,10.05,10.37,10.48,10.05,,,,,64.3
2006-11-20,9.97,10.42,10.48,9.91,,,,,65.98
2006-11-21,9.9,10.05,10.06,9.84,,,,,65.3
2006-11-22,10.14,10.02,10.15,9.81,,,,,63.62
2006-11-24,10.73,10.81,10.86,10.56,,,,,66.48
2006-11-27,12.3,11.26,12.33,11.14,,,,,71.6
2006-11-28,11.62,12.48,12.55,11.56,,,,,66.56
2006-11-29,10.83,11.41,11.43,10.67,,,,,60.3
2006-11-30,10.91,10.88,11.3,10.58,,,,,61.39
2006-12-01,11.66,11.07,12.28,10.96,,,,,62.33
2006-12-04,11.23,12.01,12.01,10.98,,,,,62.11
2006-12-05,11.27,11.13,11.59,10.85,,,,,65.87
2006-12-06,11.33,11.39,11.55,11.19,,,,,66.49
2006-12-07,12.67,11.35,12.68,11.17,,,,,68.65
2006-12-08,12.07,12.58,12.67,11.91,,,,,71.34
2006-12-11,10.71,11.88,11.93,10.71,,,,,72.84
2006-12-12,10.65,11.2,11.39,10.35,,,,,74.78
2006-12-13,10.18,10.45,10.58,10.15,,,,,79.06
2006-12-14,9.97,10.74,10.75,9.64,,,,,82.57
2006-12-15,10.05,9.68,10.07,9.39,,,,,84.63
2006-12-18,10.6,10.64,10.91,10.4,,,,,84.26
2006-12-19,10.3,11.06,11.31,10.27,,,,,78.91
2006-12-20,10.26,10.3,10.33,10.03,,,,,84.68
2006-12-21,10.53,10.36,10.89,10.13,,,,,83.94
2006-12-22,11.36,10.59,11.46,10.59,,,,,83.41
2006-12-26,11.26,12.03,12.03,11.24,,,,,85.28
2006-12-27,10.64,11.12,11.12,10.59,,,,,83.01
2006-12-28,10.99,10.84,11.06,10.73,,,,,88.72
2006-12-29,11.56,10.95,11.65,10.71,,,,,88.16
2007-01-03,12.04,12.16,12.75,11.53,,,,,87.63
2007-01-04,11.51,12.4,12.42,11.28,,,,,88.19
2007-01-05,12.14,11.84,12.25,11.68,,,,,90.17
2007-01-08,12.0,12.48,12.83,11.78,,,,,92.04
2007-01-09,11.91,11.86,12.47,11.69,,,,,92.76
2007-01-10,11.47,12.34,12.5,11.43,,,,,93.78
2007-01-11,10.87,11.42,11.48,10.5,,,,,85.97
2007-01-12,10.15,10.93,10.93,10.14,,,,,85.18
2007-01-16,10.74,10.64,10.89,10.4,,,,,85.3
2007-01-17,10.59,10.9,10.9,10.35,,,,,84.93
2007-01-18,10.85,10.65,11.04,10.45,,,,,83.66
2007-01-19,10.4,10.8,11.03,10.24,,,,,82.49
2007-01-22,10.77,10.77,11.08,10.62,,,,,84.43
2007-01-23,10.34,10.77,10.94,10.22,,,,,81.48
2007-01-24,9.89,10.41,10.41,9.87,,,,,77.51
2007-01-25,11.22,9.99,11.38,9.95,,,,,80.45
2007-01-26,11.13,10.95,11.6,10.92,,,,,81.36
2007-01-29,11.45,11.5,11.6,10.92,,,,,81.68
2007-01-30,10.96,11.28,11.49,10.95,,,,,78.9
2007-01-31,10.42,11.09,11.26,10.27,,,,,77.28
2007-02-01,10.31,10.32,10.43,10.14,,,,,73.5
2007-02-02,10.08,10.3,10.36,9.96,,,,,72.44
2007-02-05,10.55,10.53,10.7,10.44,,,,,70.29
2007-02-06,10.65,10.55,10.88,10.44,,,,,68.55
2007-02-07,10.32,10.31,10.56,10.24,,,,,70.32
2007-02-08,10.44,10.49,10.91,10.4,,,,,73.18
2007-02-09,11.1,10.42,11.56,10.25,,,,,74.39
2007-02-12,11.61,11.33,11.88,11.3,,,,,79.12
2007-02-13,10.34,11.42,11.42,10.33,,,,,75.72
2007-02-14,10.23,10.19,10.26,9.7,,,,,74.0
2007-02-15,10.22,10.28,10.32,10.05,,,,,70.34
2007-02-16,10.02,10.42,10.44,9.98,,,,,70.74
2007-02-20,10.24,10.62,10.72,10.14,,,,,65.87
2007-02-21,10.2,10.48,10.53,10.17,,,,,67.37
2007-02-22,10.18,10.23,10.52,10.01,,,,,66.05
2007-02-23,10.58,10.41,10.7,10.36,,,,,70.71
2007-02-26,11.15,10.59,11.44,10.52,,,,,70.33
2007-02-27,18.31,12.12,19.01,12.1,,,,,110.42
2007-02-28,15.42,17.21,17.29,14.5,,,,,91.64
2007-03-01,15.82,17.76,19.4,15.36,,,,,99.47
2007-03-02,18.61,16.7,18.63,16.04,,,,,104.17
2007-03-05,19.63,20.4,20.41,18.13,,,,,101.2
2007-03-06,15.96,18.31,18.34,15.76,,,,,93.65
2007-03-07,15.24,16.25,16.27,14.52,,,,,94.41
2007-03-08,14.29,14.34,14.7,13.48,,,,,93.97
2007-03-09,14.09,13.7,14.62,13.67,,,,,91.82
2007-03-12,13.99,14.96,14.96,13.76,,,,,90.02
2007-03-13,18.13,14.87,18.42,14.6,,,,,94.53
2007-03-14,17.27,17.63,21.25,16.75,,,,,98.08
2007-03-15,16.43,16.91,16.91,15.27,,,,,99.55
2007-03-16,16.79,15.38,17.71,15.29,,,,,102.74
2007-03-19,14.59,15.82,15.82,14.58,,,,,93.9
2007-03-20,13.27,15.01,15.16,13.25,,,,,89.55
2007-03-21,12.19,13.27,13.67,11.21,,,,,94.13
2007-03-22,12.93,12.29,12.95,12.04,,,,,95.52
2007-03-23,12.95,13.13,13.18,12.46,,,,,96.37
2007-03-26,13.16,13.39,14.7,12.91,,,,,95.95
2007-03-27,13.48,13.35,13.9,13.35,,,,,101.0
2007-03-28,14.98,14.28,15.51,14.22,,,,,104.79
2007-03-29,15.14,14.45,16.05,14.34,,,,,102.31
2007-03-30,14.64,14.94,15.82,14.14,,,,,99.78
2007-04-02,14.53,14.91,15.46,14.4,,,,,98.92
2007-04-03,13.46,14.02,14.06,12.81,,,,,94.98
2007-04-04,13.24,13.82,13.91,13.2,,,,,96.12
2007-04-05,13.23,13.57,13.66,12.69,,,,,93.6
2007-04-09,13.14,13.26,13.56,12.89,,,,,92.3
2007-04-10,12.68,13.33,13.33,12.56,,,,,87.37
2007-04-11,13.49,12.72,14.08,12.72,,,,,93.47
2007-04-12,12.71,13.65,14.15,12.58,,,,,91.38
2007-04-13,12.2,12.67,13.0,12.13,,,,,88.71
2007-04-16,11.98,11.86,12.1,11.46,,,,,83.98
2007-04-17,12.14,11.7,12.17,11.5,,,,,83.68
2007-04-18,12.42,12.48,12.57,11.95,,,,,80.59
2007-04-19,12.54,13.16,13.27,12.41,,,,,77.91
2007-04-20,12.07,12.03,12.67,11.97,,,,,79.18
2007-04-23,13.04,12.6,13.08,12.48,,,,,79.33
2007-04-24,13.12,13.12,13.89,13.04,,,,,77.83
2007-04-25,13.21,12.74,13.23,12.58,,,,,80.79
2007-04-26,12.79,13.16,13.67,12.67,,,,,81.67
2007-04-27,12.45,13.12,13.26,12.41,,,,,80.66
2007-04-30,14.22,12.9,14.31,12.78,,,,,85.33
2007-05-01,13.51,14.1,14.6,13.48,,,,,81.28
2007-05-02,13.08,13.52,13.52,12.55,,,,,82.59
2007-05-03,13.09,13.01,13.36,12.89,,,,,78.81
2007-05-04,12.91,12.91,13.36,12.59,,,,,77.1
2007-05-07,13.15,13.34,13.37,13.11,,,,,78.51
2007-05-08,13.21,13.48,13.69,13.16,,,,,79.9
2007-05-09,12.88,13.43,13.5,12.54,,,,,85.89
2007-05-10,13.6,13.31,13.85,12.89,,,,,83.58
2007-05-11,12.95,13.47,13.47,12.63,,,,,79.47
2007-05-14,13.96,13.26,14.43,13.01,,,,,82.02
2007-05-15,14.01,13.88,14.3,13.27,,,,,76.68
2007-05-16,13.5,14.02,14.18,13.47,,,,,70.26
2007-05-17,13.51,13.62,13.82,13.25,,,,,72.94
2007-05-18,12.76,13.01,13.22,12.69,,,,,75.43
2007-05-21,13.3,13.24,13.3,12.7,,,,,71.82
2007-05-22,13.06,12.09,13.38,12.08,,,,,72.36
2007-05-23,13.24,12.77,13.28,12.55,,,,,71.44
2007-05-24,14.08,13.15,14.36,12.92,,,,,74.36
2007-05-25,13.34,13.81,13.87,13.23,,,,,72.42
2007-05-29,13.53,13.86,13.95,13.31,,,,,72.48
2007-05-30,12.83,14.18,14.29,12.82,,,,,71.61
2007-05-31,13.05,12.78,13.18,12.62,,,,,72.2
2007-06-01,12.78,12.77,13.01,12.43,,,,,70.19
2007-06-04,13.29,13.47,13.54,13.21,,,,,70.74
2007-06-05,13.63,13.58,14.17,13.54,,,,,69.24
2007-06-06,14.87,14.07,15.06,14.06,,,,,72.06
2007-06-07,17.06,15.08,17.09,14.89,,,,,75.83
2007-06-08,14.84,16.75,16.78,14.73,,,,,70.69
2007-06-11,14.71,15.31,15.47,14.24,,,,,68.73
2007-06-12,16.67,15.46,16.7,14.77,,,,,69.48
2007-06-13,14.73,16.05,16.1,14.67,,,,,68.81
2007-06-14,13.64,14.76,14.82,13.59,,,,,63.52
2007-06-15,13.94,13.01,13.97,12.58,,,,,64.03
2007-06-18,13.42,14.42,14.51,13.35,,,,,66.76
2007-06-19,12.85,13.78,13.8,12.79,,,,,67.24
2007-06-20,14.67,12.77,14.76,12.75,,,,,76.8
2007-06-21,14.21,14.8,15.56,14.17,,,,,74.76
2007-06-22,15.75,14.45,16.58,14.31,,,,,78.35
2007-06-25,16.65,16.5,17.24,15.41,,,,,78.07
2007-06-26,18.89,16.46,18.89,16.21,,,,,82.01
2007-06-27,15.53,18.87,18.98,15.44,,,,,78.48
2007-06-28,15.54,15.7,15.71,14.98,,,,,76.04
2007-06-29,16.23,15.25,17.13,14.62,,,,,76.94
2007-07-02,15.4,16.48,16.48,15.31,,,,,75.56
2007-07-03,14.92,14.96,15.3,14.85,,,,,74.63
2007-07-05,15.48,15.37,15.95,15.17,,,,,75.86
2007-07-06,14.72,15.36,15.59,14.67,,,,,74.85
2007-07-09,15.16,15.34,15.69,15.03,,,,,73.05
2007-07-10,17.57,15.88,17.68,15.83,,,,,79.99
2007-07-11,16.64,17.69,17.91,16.64,,,,,81.55
2007-07-12,15.54,16.39,16.39,14.93,,,,,76.6
2007-07-13,15.15,15.39,15.51,14.79,,,,,76.65
2007-07-16,15.59,15.57,15.83,15.27,,,,,72.56
2007-07-17,15.63,15.58,15.78,15.31,,,,,72.41
2007-07-18,16.0,16.38,17.06,15.95,,,,,73.57
2007-07-19,15.23,15.43,15.62,15.06,,,,,72.02
2007-07-20,16.95,15.39,18.53,15.36,,,,,73.76
2007-07-23,16.81,16.62,17.09,16.39,,,,,74.56
2007-07-24,18.55,17.63,19.09,17.48,,,,,79.32
2007-07-25,18.1,17.77,19.46,17.38,,,,,75.31
2007-07-26,20.74,19.41,23.36,19.3,,,,,87.38
2007-07-27,24.17,20.34,24.17,19.6,,,,,97.23
2007-07-30,20.87,23.64,23.64,20.86,,,,,97.45
2007-07-31,23.52,20.08,23.93,19.68,,,,,104.08
2007-08-01,23.67,23.71,26.22,23.26,,,,,108.86
2007-08-02,21.22,22.94,23.0,21.2,,,,,100.8
2007-08-03,25.16,21.52,25.55,21.09,,,,,104.05
2007-08-06,22.94,25.32,26.47,22.44,,,,,95.22
2007-08-07,21.56,23.33,23.74,20.79,,,,,85.96
2007-08-08,21.45,20.97,22.95,19.33,,,,,82.52
2007-08-09,26.48,24.46,26.9,23.84,,,,,99.87
2007-08-10,28.3,28.04,29.84,26.91,,,,,108.91
2007-08-13,26.57,28.02,28.02,25.48,,,,,108.57
2007-08-14,27.68,25.56,28.29,25.31,,,,,114.96
2007-08-15,30.67,28.22,31.76,26.16,,,,,121.67
2007-08-16,30.83,32.68,37.5,30.44,,,,,142.99
2007-08-17,29.99,25.25,31.46,25.23,,,,,133.87
2007-08-20,26.33,29.87,29.95,25.8,,,,,125.04
2007-08-21,25.25,26.39,26.72,24.77,,,,,122.6
2007-08-22,22.89,24.33,24.44,22.87,,,,,117.47
2007-08-23,22.62,22.47,23.61,22.05,,,,,117.42
2007-08-24,20.72,22.75,23.03,20.44,,,,,111.95
2007-08-27,22.72,22.24,22.83,21.96,,,,,115.24
2007-08-28,26.3,23.87,26.57,23.72,,,,,119.79
2007-08-29,23.81,25.87,26.02,23.44,,,,,113.22
2007-08-30,25.06,25.4,25.58,23.69,,,,,112.66
2007-08-31,23.38,23.53,24.07,22.47,,,,,109.27
2007-09-04,22.78,21.93,24.81,21.71,,,,,104.87
2007-09-05,24.58,24.03,25.45,23.8,,,,,107.91
2007-09-06,23.99,24.43,25.14,23.66,,,,,106.6
2007-09-07,26.23,25.98,26.97,25.6,,,,,108.22
2007-09-10,27.38,26.91,28.82,26.56,,,,,107.07
2007-09-11,25.27,27.11,27.21,25.19,,,,,103.75
2007-09-12,24.96,25.97,26.21,24.57,,,,,106.95
2007-09-13,24.76,25.01,25.32,23.83,,,,,104.63
2007-09-14,24.92,26.38,26.48,24.68,,,,,104.39
2007-09-17,26.48,26.45,27.08,25.8,,,,,102.22
2007-09-18,20.35,25.79,26.23,20.27,,,,,92.33
2007-09-19,20.03,19.96,20.57,19.17,,,,,97.7
2007-09-20,20.45,20.47,20.82,19.55,,,,,97.38
2007-09-21,19.0,19.44,19.81,18.37,,,,,98.14
2007-09-24,19.37,19.04,19.62,18.32,,,,,94.27
2007-09-25,18.6,20.25,20.46,18.44,,,,,94.33
2007-09-26,17.63,17.92,18.18,17.3,,,,,89.49
2007-09-27,17.0,17.12,17.47,16.95,,,,,87.57
2007-09-28,18.0,17.23,18.22,16.91,,,,,87.13
2007-10-01,17.84,18.44,18.44,17.11,,,,,84.48
2007-10-02,18.49,17.67,18.89,17.6,,,,,88.74
2007-10-03,18.8,18.88,18.99,18.31,,,,,87.65
2007-10-04,18.44,18.65,18.65,18.26,,,,,89.38
2007-10-05,16.91,17.55,17.56,16.44,,,,,83.91
2007-10-08,17.46,17.73,17.83,17.32,,,,,84.96
2007-10-09,16.12,17.15,17.28,16.09,,,,,79.93
2007-10-10,16.67,16.42,17.35,16.39,,,,,87.46
2007-10-11,18.88,16.15,19.73,16.08,,,,,95.78
2007-10-12,17.73,18.68,18.74,17.49,,,,,90.63
2007-10-15,19.25,18.14,20.01,17.95,,,,,86.18
2007-10-16,20.02,20.07,20.75,19.73,,,,,91.47
2007-10-17,18.54,18.76,20.11,18.28,,,,,89.48
2007-10-18,18.5,19.16,19.56,17.73,,,,,83.37
2007-10-19,22.96,19.15,22.96,19.02,,,,,91.56
2007-10-22,21.64,23.89,23.94,21.38,,,,,88.17
2007-10-23,20.41,21.29,21.43,20.13,,,,,86.42
2007-10-24,20.8,21.16,24.15,20.59,,,,,89.14
2007-10-25,21.17,20.84,22.4,20.04,,,,,90.82
2007-10-26,19.56,19.84,20.97,19.48,,,,,95.36
2007-10-29,19.87,19.93,20.24,16.84,,,,,95.01
2007-10-30,21.07,20.46,21.15,20.31,,,,,100.37
2007-10-31,18.53,20.53,22.09,18.3,,,,,93.62
2007-11-01,23.21,19.89,24.15,17.38,,,,,97.53
2007-11-02,23.01,22.56,25.17,22.56,,,,,97.46
2007-11-05,24.31,25.25,25.46,23.61,,,,,97.29
2007-11-06,21.39,23.5,23.74,21.24,,,,,92.7
2007-11-07,26.49,23.15,26.85,22.75,,,,,98.17
2007-11-08,26.16,26.45,29.15,25.32,,,,,97.36
2007-11-09,28.5,27.96,28.84,26.21,,,,,97.86
2007-11-12,31.09,30.57,31.09,24.47,,,,,98.09
2007-11-13,24.1,27.47,27.5,23.82,,,,,92.58
2007-11-14,25.94,23.35,27.03,23.07,,,,,94.39
2007-11-15,28.06,26.96,29.31,25.98,,,,,92.96
2007-11-16,25.49,27.04,28.12,25.12,,,,,92.8
2007-11-19,26.01,26.74,27.18,25.74,,,,,91.13
2007-11-20,24.88,26.12,27.35,23.62,,,,,91.34
2007-11-21,26.84,26.3,27.77,24.55,,,,,94.49
2007-11-23,25.61,26.42,26.42,25.35,,,,,89.62
2007-11-26,28.91,26.46,28.95,25.84,,,,,91.55
2007-11-27,26.28,28.14,28.24,26.23,,,,,90.7
2007-11-28,24.11,25.14,25.14,23.55,,,,,91.62
2007-11-29,23.97,24.59,24.61,23.35,,,,,91.08
2007-11-30,22.87,22.67,23.39,22.0,,,,,88.88
2007-12-03,23.61,23.59,24.49,23.4,,,,,87.45
2007-12-04,23.79,24.3,24.59,23.32,,,,,86.85
2007-12-05,22.53,22.72,23.03,21.87,,,,,83.08
2007-12-06,20.96,22.68,22.75,19.65,,,,,81.51
2007-12-07,20.85,20.69,21.01,20.29,,,,,82.47
2007-12-10,20.74,21.16,21.46,20.36,,,,,81.5
2007-12-11,23.59,20.69,23.7,19.77,,,,,82.58
2007-12-12,22.47,20.82,24.22,20.49,,,,,89.41
2007-12-13,22.56,23.53,24.04,22.41,,,,,88.19
2007-12-14,23.27,23.53,23.53,22.26,,,,,85.82
2007-12-17,24.52,24.13,24.86,23.42,,,,,85.38
2007-12-18,22.64,23.7,24.6,22.41,,,,,80.83
2007-12-19,21.68,22.62,22.68,21.3,,,,,83.47
2007-12-20,20.58,21.02,21.67,20.58,,,,,79.44
2007-12-21,18.47,19.82,19.82,18.28,,,,,82.87
2007-12-24,18.6,19.08,19.42,18.48,,,,,79.85
2007-12-26,18.66,19.37,19.47,18.6,,,,,80.79
2007-12-27,20.26,19.15,20.51,19.15,,,,,84.36
2007-12-28,20.74,19.59,21.05,19.44,,,,,84.03
2007-12-31,22.5,21.87,22.75,21.79,,,,,82.19
2008-01-02,23.17,22.58,24.05,22.4,,,,,80.58
2008-01-03,22.49,23.11,23.27,22.11,,,,,79.33
2008-01-04,23.94,23.5,24.3,23.25,,,,,81.46
2008-01-07,23.79,24.62,24.88,23.3,,,,,79.51
2008-01-08,25.43,23.27,25.6,22.63,,,,,79.59
2008-01-09,24.12,25.61,25.95,23.9,,,,,89.37
2008-01-10,23.45,24.56,24.61,22.62,,,,,84.98
2008-01-11,23.68,24.04,24.41,23.22,,,,,84.66
2008-01-14,22.9,23.76,23.93,22.65,,,,,86.96
2008-01-15,23.34,24.1,24.59,22.97,,,,,81.13
2008-01-16,24.38,23.9,24.38,22.85,,,,,80.51
2008-01-17,28.46,24.11,28.51,23.87,,,,,84.99
2008-01-18,27.18,27.55,29.3,26.27,,,,,77.24
2008-01-22,31.01,35.12,37.57,29.71,,,,,86.58
2008-01-23,29.02,33.84,34.42,22.82,,,,,82.68
2008-01-24,27.78,28.07,28.48,27.03,,,,,81.31
2008-01-25,29.08,26.19,29.76,25.93,,,,,79.0
2008-01-28,27.78,29.67,30.26,27.57,,,,,76.43
2008-01-29,27.32,26.61,27.96,26.55,,,,,77.46
2008-01-30,27.62,27.53,28.34,24.74,,,,,76.41
2008-01-31,26.2,28.78,28.81,25.45,,,,,75.21
2008-02-01,24.02,25.66,25.75,24.02,,,,,73.94
2008-02-04,25.99,25.09,26.03,24.85,,,,,73.9
2008-02-05,28.24,27.2,28.49,27.2,,,,,75.06
2008-02-06,28.97,27.75,29.31,27.04,,,,,74.63
2008-02-07,27.66,29.51,29.7,26.78,,,,,72.0
2008-02-08,28.01,27.98,28.89,27.22,,,,,72.6
2008-02-11,27.6,29.14,29.57,27.32,,,,,71.41
2008-02-12,26.33,26.56,27.17,25.25,,,,,72.52
2008-02-13,24.88,25.67,26.06,24.57,,,,,71.44
2008-02-14,25.54,24.64,25.64,23.98,,,,,69.23
2008-02-15,25.02,25.58,25.67,24.45,,,,,74.72
2008-02-19,25.59,25.39,26.59,24.73,,,,,69.6
2008-02-20,24.4,25.6,26.95,24.21,,,,,71.29
2008-02-21,25.12,24.42,25.45,23.74,,,,,69.65
2008-02-22,24.06,24.99,25.93,23.62,,,,,65.47
2008-02-25,23.03,24.06,25.07,22.69,,,,,68.92
2008-02-26,21.9,23.44,23.45,21.64,,,,,68.59
2008-02-27,22.69,21.9,23.01,21.83,,,,,67.56
2008-02-28,23.53,22.69,23.79,22.69,,,,,66.61
2008-02-29,26.54,23.54,26.91,23.54,,,,,69.81
2008-03-03,26.28,27.54,28.13,26.27,,,,,71.02
2008-03-04,25.52,27.19,27.42,25.51,,,,,69.95
2008-03-05,24.6,25.52,25.77,23.3,,,,,68.51
2008-03-06,27.55,25.45,27.9,25.04,,,,,74.53
2008-03-07,27.49,28.52,29.29,22.29,,,,,76.02
2008-03-10,29.38,28.13,29.73,27.92,,,,,77.45
2008-03-11,26.36,27.25,28.64,26.35,,,,,73.76
2008-03-12,27.22,26.39,27.25,24.9,,,,,73.94
2008-03-13,27.29,27.22,29.62,25.65,,,,,75.56
2008-03-14,31.16,27.31,32.89,26.02,,,,,80.99
2008-03-17,32.24,35.14,35.6,31.1,,,,,80.71
2008-03-18,25.79,32.24,32.24,25.58,,,,,72.97
2008-03-19,29.84,25.78,29.95,25.16,,,,,70.5
2008-03-20,26.62,29.84,29.84,25.8,,,,,66.97
2008-03-24,25.73,26.64,27.04,24.75,,,,,68.82
2008-03-25,25.72,25.75,26.42,25.17,,,,,68.65
2008-03-26,26.08,25.75,26.85,25.51,,,,,69.56
2008-03-27,25.88,25.55,25.98,24.91,,,,,69.0
2008-03-28,25.71,25.81,25.96,25.04,,,,,68.79
2008-03-31,25.61,25.71,26.77,25.35,,,,,67.64
2008-04-01,22.68,25.61,25.61,22.52,,,,,66.96
2008-04-02,23.43,22.64,23.65,22.39,,,,,67.61
2008-04-03,23.21,23.84,24.15,23.0,,,,,66.11
2008-04-04,22.45,23.0,23.31,21.75,,,,,64.56
2008-04-07,22.42,22.45,22.73,21.21,,,,,67.4
2008-04-08,22.36,22.42,23.16,22.36,,,,,67.3
2008-04-09,22.81,22.36,23.57,22.36,,,,,75.24
2008-04-10,21.98,22.8,23.22,21.63,,,,,75.47
2008-04-11,23.46,23.03,23.59,22.65,,,,,74.74
2008-04-14,23.82,23.46,24.35,23.46,,,,,72.39
2008-04-15,22.78,23.84,23.99,22.72,,,,,68.15
2008-04-16,20.53,22.03,22.09,20.5,,,,,66.36
2008-04-17,20.37,21.13,21.54,20.35,,,,,65.09
2008-04-18,20.13,20.37,20.37,19.21,,,,,62.09
2008-04-21,20.5,20.15,21.12,20.15,,,,,63.43
2008-04-22,20.87,20.47,21.6,20.47,,,,,62.84
2008-04-23,20.26,20.63,20.95,19.88,,,,,59.74
2008-04-24,20.06,20.26,20.77,19.21,,,,,62.75
2008-04-25,19.59,19.6,20.36,19.28,,,,,65.99
2008-04-28,19.64,20.14,20.25,19.37,,,,,66.48
2008-04-29,20.24,19.86,20.54,19.63,,,,,65.42
2008-04-30,20.79,20.24,20.81,19.69,,,,,64.69
2008-05-01,18.88,20.78,20.83,18.87,,,,,63.06
2008-05-02,18.18,18.87,19.11,17.97,,,,,63.68
2008-05-05,18.9,18.68,19.29,18.68,,,,,70.1
2008-05-06,18.21,18.9,19.57,18.11,,,,,69.04
2008-05-07,19.73,18.48,19.98,18.42,,,,,72.82
2008-05-08,19.4,19.73,19.92,18.62,,,,,73.45
2008-05-09,19.41,19.98,20.01,19.3,,,,,73.79
2008-05-12,17.79,19.17,19.48,16.92,,,,,72.0
2008-05-13,17.98,17.79,19.63,17.76,,,,,68.62
2008-05-14,17.66,17.98,17.98,16.19,,,,,71.18
2008-05-15,16.3,17.65,17.84,16.25,,,,,71.16
2008-05-16,16.47,16.3,17.92,16.3,,,,,75.77
2008-05-19,17.01,16.47,17.89,15.82,,,,,76.63
2008-05-20,17.58,17.02,18.42,17.02,,,,,79.8
2008-05-21,18.59,17.64,18.89,17.01,,,,,80.12
2008-05-22,18.05,18.92,19.11,17.82,,,,,83.62
2008-05-23,19.55,18.58,19.8,18.38,,,,,79.63
2008-05-27,19.64,20.78,20.95,19.42,,,,,79.35
2008-05-28,19.07,19.64,20.03,19.01,,,,,77.7
2008-05-29,18.14,19.08,19.17,17.54,,,,,74.2
2008-05-30,17.83,18.14,18.21,17.56,,,,,73.46
2008-06-02,19.83,17.83,20.45,17.83,,,,,78.6
2008-06-03,20.24,19.8,21.0,18.89,,,,,79.72
2008-06-04,20.8,20.64,21.31,19.76,,,,,81.04
2008-06-05,18.63,20.54,20.59,18.62,,,,,79.35
2008-06-06,23.56,18.63,23.79,18.63,,,,,88.78
2008-06-09,23.12,23.56,24.47,20.78,,,,,92.23
2008-06-10,23.18,24.37,24.42,22.31,,,,,91.98
2008-06-11,24.12,23.44,24.3,22.86,,,,,93.87
2008-06-12,23.33,23.61,23.98,19.46,,,,,92.41
2008-06-13,21.22,23.02,23.14,21.04,,,,,86.91
2008-06-16,20.95,21.22,22.84,20.73,,,,,84.17
2008-06-17,21.13,20.96,21.42,20.02,,,,,80.89
2008-06-18,22.24,21.67,22.86,21.26,,,,,81.56
2008-06-19,21.58,22.24,22.61,20.91,,,,,77.91
2008-06-20,22.87,21.58,23.7,21.58,,,,,78.35
2008-06-23,22.64,22.89,23.14,22.52,,,,,78.37
2008-06-24,22.42,22.69,23.48,21.68,,,,,77.41
2008-06-25,21.14,22.42,22.42,20.34,,,,,76.01
2008-06-26,23.93,22.23,23.99,22.15,,,,,79.87
2008-06-27,23.44,23.75,24.56,23.3,,,,,79.54
2008-06-30,23.95,24.25,24.26,23.27,,,,,79.66
2008-07-01,23.65,25.14,25.57,23.64,,,,,79.44
2008-07-02,25.92,23.4,25.96,22.7,,,,,79.19
2008-07-03,24.79,25.92,26.08,24.44,,,,,76.44
2008-07-07,25.78,25.48,26.91,24.73,,,,,75.43
2008-07-08,23.15,25.72,26.05,23.02,,,,,76.03
2008-07-09,25.23,23.16,25.39,22.59,,,,,81.69
2008-07-10,25.59,25.22,26.62,25.07,,,,,79.94
2008-07-11,27.49,25.56,29.44,25.56,,,,,77.18
2008-07-14,28.48,27.49,29.3,26.9,,,,,78.83
2008-07-15,28.54,28.47,30.81,27.01,,,,,73.07
2008-07-16,25.1,28.19,38.84,24.87,,,,,73.22
2008-07-17,25.01,24.58,25.5,23.99,,,,,72.46
2008-07-18,24.05,25.01,25.19,23.78,,,,,70.29
2008-07-21,23.05,24.05,24.58,23.04,,,,,71.6
2008-07-22,21.18,24.02,24.08,21.05,,,,,68.39
2008-07-23,21.31,21.23,22.08,20.73,,,,,67.25
2008-07-24,23.44,21.31,23.61,21.31,,,,,74.9
2008-07-25,22.91,23.45,23.45,22.31,,,,,73.7
2008-07-28,24.23,22.91,24.62,22.91,,,,,74.9
2008-07-29,22.03,24.2,24.22,21.96,,,,,71.03
2008-07-30,21.21,22.03,22.31,20.99,,,,,67.21
2008-07-31,22.94,22.33,22.96,21.45,,,,,72.95
2008-08-01,22.57,22.66,23.37,22.35,,,,,72.73
2008-08-04,23.49,23.53,23.86,22.94,,,,,73.17
2008-08-05,21.14,22.99,22.99,20.06,,,,,70.28
2008-08-06,20.23,21.66,21.66,19.75,,,,,71.6
2008-08-07,21.15,20.23,21.46,20.23,,,,,73.11
2008-08-08,20.66,21.15,21.69,20.11,,,,,73.05
2008-08-11,20.12,20.66,20.96,19.66,,,,,75.59
2008-08-12,21.17,20.64,21.51,20.38,,,,,72.4
2008-08-13,21.55,21.57,22.11,20.8,,,,,79.41
2008-08-14,20.34,22.3,22.3,20.07,,,,,74.37
2008-08-15,19.58,20.24,20.65,19.57,,,,,74.1
2008-08-18,20.98,19.58,21.44,19.58,,,,,72.85
2008-08-19,21.28,21.76,22.14,21.28,,,,,77.5
2008-08-20,20.42,21.3,21.67,20.39,,,,,73.42
2008-08-21,19.82,20.43,21.08,18.94,,,,,73.75
2008-08-22,18.81,19.83,19.83,18.64,,,,,73.56
2008-08-25,20.97,18.78,21.22,18.78,,,,,77.03
2008-08-26,20.49,20.98,21.27,20.48,,,,,73.14
2008-08-27,19.76,20.48,20.67,19.53,,,,,72.0
2008-08-28,19.43,19.36,19.66,19.22,,,,,68.05
2008-08-29,20.65,19.43,20.71,19.43,,,,,68.07
2008-09-02,21.99,20.65,22.3,20.47,,,,,69.65
2008-09-03,21.43,21.99,22.3,21.39,,,,,69.93
2008-09-04,24.03,22.02,24.15,21.91,,,,,72.38
2008-09-05,23.06,24.54,24.71,22.97,,,,,70.39
2008-09-08,22.64,22.22,24.06,22.12,,,,,67.94
2008-09-09,25.47,22.69,25.68,22.58,,,,,70.68
2008-09-10,24.52,25.47,25.48,23.8,,,,,70.63
2008-09-11,24.39,25.38,26.25,24.39,,,,,71.03
2008-09-12,25.66,24.8,26.67,24.8,,,,,70.26
2008-09-15,31.7,25.66,31.87,25.66,,,,,79.37
2008-09-16,30.3,31.7,33.7,30.24,,,,,74.38
2008-09-17,36.22,30.25,36.4,30.25,,,,,93.04
2008-09-18,33.1,36.1,42.16,33.1,,,,,89.33
2008-09-19,32.07,33.07,33.08,27.95,,,,,79.37
2008-09-22,33.85,32.4,34.22,30.81,,,,,83.92
2008-09-23,35.72,33.85,36.08,32.63,,,,,84.77
2008-09-24,35.19,35.7,36.71,34.16,,,,,86.66
2008-09-25,32.82,35.19,35.19,32.45,,,,,82.96
2008-09-26,34.74,32.82,36.4,32.82,,,,,87.81
2008-09-29,46.72,36.92,48.4,36.92,,,,,99.86
2008-09-30,39.39,43.77,43.8,38.86,,,,,92.23
2008-10-01,39.81,39.39,42.38,39.39,,,,,89.76
2008-10-02,45.26,39.82,46.48,39.82,,,,,95.29
2008-10-03,45.14,45.22,45.52,41.51,,,,,94.68
2008-10-06,52.05,45.12,58.24,45.12,,,,,104.82
2008-10-07,53.68,52.05,54.19,47.03,,,,,106.47
2008-10-08,57.53,53.68,59.06,51.9,,,,,104.99
2008-10-09,63.92,57.57,64.92,52.54,,,,,108.05
2008-10-10,69.95,65.85,76.94,28.13,,,,,116.0
2008-10-13,54.99,69.95,71.42,54.69,,,,,110.07
2008-10-14,55.13,55.1,59.81,46.35,,,,,105.64
2008-10-15,69.25,55.69,69.47,55.69,,,,,114.93
2008-10-16,67.61,69.21,81.17,66.51,,,,,119.48
2008-10-17,70.33,67.65,74.48,59.82,,,,,117.45
2008-10-20,52.97,70.4,70.4,52.7,,,,,115.98
2008-10-21,53.11,52.95,56.37,50.91,,,,,114.28
2008-10-22,69.65,63.12,72.56,53.0,,,,,123.31
2008-10-23,67.8,68.03,79.43,51.83,,,,,121.61
2008-10-24,79.13,67.8,89.53,67.8,,,,,128.09
2008-10-27,80.06,79.13,81.65,71.29,,,,,134.87
2008-10-28,66.96,73.3,78.98,65.66,,,,,127.46
2008-10-29,69.96,66.96,71.14,62.72,,,,,124.73
2008-10-30,62.9,69.83,69.83,62.67,,,,,121.52
2008-10-31,59.89,62.93,65.85,56.73,,,,,116.94
2008-11-03,53.68,60.17,60.77,53.63,,,,,116.19
2008-11-04,47.73,53.68,53.68,44.25,,,,,116.29
2008-11-05,54.56,47.73,55.62,46.87,,,,,117.03
2008-11-06,63.68,56.71,64.78,55.6,,,,,125.0
2008-11-07,56.1,63.68,63.68,56.03,,,,,116.37
2008-11-10,59.98,56.09,62.09,54.63,,,,,116.53
2008-11-11,61.44,59.98,64.73,58.58,,,,,114.11
2008-11-12,66.46,61.52,67.19,61.52,,,,,123.26
2008-11-13,59.83,66.45,69.99,58.66,,,,,117.12
2008-11-14,66.31,62.6,66.31,59.75,,,,,118.34
2008-11-17,69.15,69.57,69.59,65.1,,,,,115.1
2008-11-18,67.64,70.09,73.13,67.18,,,,,106.9
2008-11-19,74.26,68.46,75.0,67.34,,,,,102.48
2008-11-20,80.86,74.26,81.48,72.76,,,,,106.71
2008-11-21,72.67,80.74,80.74,71.63,,,,,99.48
2008-11-24,64.7,71.19,71.35,61.81,,,,,92.31
2008-11-25,60.9,64.76,65.49,60.25,,,,,90.28
2008-11-26,54.92,60.9,62.5,54.62,,,,,89.32
2008-11-28,55.84,56.02,56.82,50.5,,,,,88.41
2008-12-01,68.51,60.47,68.6,60.36,,,,,90.49
2008-12-02,62.98,66.68,67.01,62.31,,,,,87.08
2008-12-03,60.72,62.98,65.37,60.18,,,,,84.72
2008-12-04,63.64,62.19,65.08,60.21,,,,,83.94
2008-12-05,59.93,63.64,66.54,59.26,,,,,82.9
2008-12-08,58.49,58.86,59.87,57.35,,,,,82.1
2008-12-09,58.91,59.48,59.57,56.37,,,,,80.75
2008-12-10,55.73,58.91,58.91,53.79,,,,,86.46
2008-12-11,55.78,55.08,56.44,52.94,,,,,88.68
2008-12-12,54.28,55.78,58.84,54.26,,,,,86.27
2008-12-15,56.76,55.68,58.49,55.68,,,,,82.03
2008-12-16,52.37,56.76,56.76,50.91,,,,,79.99
2008-12-17,49.84,52.0,52.19,49.36,,,,,75.17
2008-12-18,47.34,49.84,49.84,44.5,,,,,81.26
2008-12-19,44.93,46.01,46.01,41.29,,,,,87.69
2008-12-22,44.56,44.93,46.69,42.75,,,,,87.04
2008-12-23,45.02,43.19,45.39,41.68,,,,,86.39
2008-12-24,44.21,45.02,45.02,44.15,,,,,85.1
2008-12-26,43.38,44.27,44.36,42.92,,,,,83.74
2008-12-29,43.9,43.35,46.24,42.16,,,,,83.96
2008-12-30,41.63,43.99,44.29,41.63,,,,,80.89
2008-12-31,40.0,41.63,41.63,37.96,,,,,85.6
2009-01-02,39.19,39.58,39.82,36.88,,,,,84.41
2009-01-05,39.08,39.24,40.22,38.3,,,,,90.89
2009-01-06,38.56,38.06,39.33,37.34,,,,,90.33
2009-01-07,43.39,38.56,43.82,38.56,,,,,93.99
2009-01-08,42.56,43.38,44.6,42.56,,,,,93.14
2009-01-09,42.82,41.18,43.13,41.05,,,,,91.52
2009-01-12,45.84,42.06,46.62,41.94,,,,,93.26
2009-01-13,43.27,45.84,47.08,43.23,,,,,92.5
2009-01-14,49.14,46.24,51.55,46.14,,,,,99.88
2009-01-15,51.0,49.14,55.16,49.14,,,,,96.44
2009-01-16,46.11,51.0,51.0,45.96,,,,,98.79
2009-01-20,56.65,50.12,57.36,49.27,,,,,104.02
2009-01-21,46.42,51.52,54.12,46.15,,,,,100.81
2009-01-22,47.29,50.65,51.76,46.51,,,,,98.87
2009-01-23,47.27,50.39,51.11,46.43,,,,,95.7
2009-01-26,45.69,47.89,47.93,44.29,,,,,96.17
2009-01-27,42.25,45.11,45.93,42.2,,,,,95.48
2009-01-28,39.66,42.25,42.25,33.48,,,,,98.22
2009-01-29,42.63,41.34,43.03,41.12,,,,,98.98
2009-01-30,44.84,42.63,45.53,42.09,,,,,98.72
2009-02-02,45.52,49.42,49.54,45.26,,,,,96.48
2009-02-03,43.06,45.52,45.52,42.43,,,,,92.25
2009-02-04,43.85,43.06,44.52,41.39,,,,,91.57
2009-02-05,43.73,43.83,46.23,42.32,,,,,92.26
2009-02-06,43.37,43.71,43.71,41.2,,,,,94.01
2009-02-09,43.64,45.4,45.45,43.04,,,,,94.38
2009-02-10,46.67,45.14,48.12,44.18,,,,,95.98
2009-02-11,44.53,46.67,46.67,44.5,,,,,94.67
2009-02-12,41.25,44.52,48.63,41.21,,,,,91.04
2009-02-13,42.93,41.6,43.02,40.73,,,,,91.93
2009-02-17,48.66,48.14,51.18,46.96,,,,,95.07
2009-02-18,48.46,48.66,50.29,46.0,,,,,89.11
2009-02-19,47.08,48.54,48.54,44.81,,,,,88.27
2009-02-20,49.3,47.08,52.04,47.08,,,,,90.66
2009-02-23,52.62,49.3,53.16,48.97,,,,,93.02
2009-02-24,45.49,52.5,52.56,44.28,,,,,89.13
2009-02-25,44.67,45.73,47.23,42.84,,,,,88.93
2009-02-26,44.66,43.75,45.33,41.91,,,,,89.37
2009-02-27,46.35,44.66,47.34,44.46,,,,,91.08
2009-03-02,52.65,49.96,53.25,48.35,,,,,93.86
2009-03-03,50.93,52.65,52.76,48.5,,,,,90.75
2009-03-04,47.56,48.02,48.83,45.02,,,,,85.6
2009-03-05,50.17,47.56,51.95,46.98,,,,,89.88
2009-03-06,49.33,50.17,51.95,47.65,,,,,88.26
2009-03-09,49.68,49.35,51.34,48.4,,,,,90.09
2009-03-10,44.37,49.68,49.68,43.88,,,,,85.36
2009-03-11,43.61,43.35,44.26,42.36,,,,,85.35
2009-03-12,41.18,43.53,43.98,40.75,,,,,81.81
2009-03-13,42.36,40.99,43.52,40.03,,,,,78.13
2009-03-16,43.74,42.36,44.23,42.36,,,,,80.07
2009-03-17,40.8,44.23,44.59,40.74,,,,,75.21
2009-03-18,40.06,41.14,42.39,38.98,,,,,74.8
2009-03-19,43.68,40.06,44.17,38.79,,,,,73.56
2009-03-20,45.89,43.6,47.63,43.07,,,,,73.11
2009-03-23,43.23,45.89,45.89,41.27,,,,,71.39
2009-03-24,42.93,43.24,44.0,41.63,,,,,70.16
2009-03-25,42.25,42.35,44.2,40.81,,,,,71.76
2009-03-26,40.36,42.25,42.25,40.17,,,,,70.97
2009-03-27,41.04,40.36,42.13,40.36,,,,,71.68
2009-03-30,45.54,44.86,46.28,44.86,,,,,74.68
2009-03-31,44.14,45.54,45.54,42.27,,,,,72.71
2009-04-01,42.28,45.42,45.6,42.26,,,,,70.39
2009-04-02,42.04,42.28,42.68,40.3,,,,,69.61
2009-04-03,39.7,42.03,42.03,39.64,,,,,67.86
2009-04-06,40.93,41.96,43.02,40.83,,,,,68.26
2009-04-07,40.39,41.48,42.5,40.36,,,,,66.39
2009-04-08,38.85,40.39,40.86,38.7,,,,,68.72
2009-04-09,36.53,37.22,37.74,36.53,,,,,65.22
2009-04-13,37.81,38.32,38.91,37.51,,,,,67.51
2009-04-14,37.67,37.95,38.5,36.88,,,,,65.79
2009-04-15,36.17,37.85,38.06,36.1,,,,,64.95
2009-04-16,35.79,36.04,36.8,34.88,,,,,69.72
2009-04-17,33.94,35.36,35.52,33.68,,,,,68.92
2009-04-20,39.18,33.94,39.58,33.94,,,,,75.48
2009-04-21,37.14,40.27,40.29,36.95,,,,,75.48
2009-04-22,38.1,37.14,38.19,36.01,,,,,75.52
2009-04-23,37.15,38.1,38.52,37.01,,,,,72.81
2009-04-24,36.82,36.86,37.53,36.37,,,,,72.04
2009-04-27,38.32,39.46,39.52,37.97,,,,,74.16
2009-04-28,37.95,39.43,39.64,37.42,,,,,74.22
2009-04-29,36.08,37.95,37.95,35.37,,,,,72.12
2009-04-30,36.5,36.09,36.71,34.5,,,,,71.42
2009-05-01,35.3,36.5,36.88,34.88,,,,,69.82
2009-05-04,34.53,35.3,36.24,34.31,,,,,70.36
2009-05-05,33.36,34.54,35.14,33.36,,,,,70.77
2009-05-06,32.45,33.36,33.7,32.43,,,,,71.15
2009-05-07,33.44,32.1,34.56,31.91,,,,,72.79
2009-05-08,32.05,32.36,32.72,31.19,,,,,74.66
2009-05-11,32.87,32.05,34.08,32.05,,,,,76.86
2009-05-12,31.8,32.68,33.29,31.57,,,,,77.53
2009-05-13,33.65,32.97,33.99,32.56,,,,,81.87
2009-05-14,31.37,33.65,33.96,31.32,,,,,79.38
2009-05-15,33.12,31.36,33.61,30.59,,,,,80.29
2009-05-18,30.24,32.91,32.91,30.0,,,,,76.41
2009-05-19,28.8,30.23,30.32,28.35,,,,,74.4
2009-05-20,29.03,27.47,29.16,26.57,,,,,77.45
2009-05-21,31.35,29.03,32.77,29.03,,,,,84.69
2009-05-22,32.63,31.36,32.71,30.57,,,,,87.28
2009-05-26,30.62,34.57,34.57,30.38,,,,,91.23
2009-05-27,32.36,30.8,32.53,29.62,,,,,90.86
2009-05-28,31.67,31.54,33.32,31.1,,,,,88.19
2009-05-29,28.92,31.67,31.67,28.85,,,,,83.91
2009-06-01,30.04,28.7,30.05,28.45,,,,,84.23
2009-06-02,29.63,30.04,30.13,28.3,,,,,83.82
2009-06-03,31.02,29.62,31.79,29.62,,,,,84.89
2009-06-04,30.18,31.02,31.02,29.92,,,,,81.26
2009-06-05,29.62,29.39,30.81,28.85,,,,,82.11
2009-06-08,29.77,30.84,31.82,29.33,,,,,82.69
2009-06-09,28.27,29.77,29.77,27.79,,,,,81.64
2009-06-10,28.46,26.9,29.74,26.9,,,,,86.92
2009-06-11,28.11,27.36,28.11,26.81,,,,,85.22
2009-06-12,28.15,28.08,28.5,27.73,,,,,85.43
2009-06-15,30.81,29.7,31.09,29.64,,,,,85.05
2009-06-16,32.68,30.81,32.75,30.07,,,,,88.49
2009-06-17,31.54,31.19,32.77,30.64,,,,,86.49
2009-06-18,30.03,31.54,31.54,29.6,,,,,83.87
2009-06-19,27.99,29.16,29.32,27.56,,,,,84.15
2009-06-22,31.17,30.4,32.05,30.3,,,,,86.1
2009-06-23,30.58,31.3,31.54,30.19,,,,,85.64
2009-06-24,29.05,30.58,30.58,28.79,,,,,83.96
2009-06-25,26.36,29.45,29.56,26.3,,,,,82.57
2009-06-26,25.93,27.09,27.22,25.76,,,,,77.6
2009-06-29,25.35,25.93,27.18,25.29,,,,,79.69
2009-06-30,26.35,25.36,27.38,25.02,,,,,79.6
2009-07-01,26.22,25.73,26.31,24.8,,,,,79.68
2009-07-02,27.95,26.22,28.62,26.22,,,,,81.32
2009-07-06,29.0,30.32,30.6,28.99,,,,,83.2
2009-07-07,30.85,29.0,30.94,28.9,,,,,85.63
2009-07-08,31.3,30.85,33.05,30.43,,,,,86.17
2009-07-09,29.78,30.23,30.49,29.28,,,,,82.88
2009-07-10,29.02,29.78,30.34,28.82,,,,,81.42
2009-07-13,26.31,28.36,29.24,25.42,,,,,80.58
2009-07-14,25.02,26.31,26.84,24.99,,,,,81.52
2009-07-15,25.89,25.05,26.06,23.83,,,,,85.64
2009-07-16,25.42,25.96,26.18,24.51,,,,,83.64
2009-07-17,24.34,25.42,25.55,23.88,,,,,82.49
2009-07-20,24.4,25.06,25.42,24.26,,,,,80.98
2009-07-21,23.87,24.28,25.14,23.81,,,,,80.45
2009-07-22,23.47,24.05,24.14,23.24,,,,,75.3
2009-07-23,23.43,23.71,24.05,23.21,,,,,72.8
2009-07-24,23.09,23.87,23.87,23.0,,,,,73.01
2009-07-27,24.28,24.06,24.86,24.02,,,,,74.35
2009-07-28,25.01,24.28,25.61,24.28,,,,,76.68
2009-07-29,25.61,25.47,26.18,25.41,,,,,77.1
2009-07-30,25.4,25.4,25.76,24.85,,,,,73.88
2009-07-31,25.92,25.4,26.22,24.93,,,,,73.47
2009-08-03,25.56,25.92,26.49,25.56,,,,,72.79
2009-08-04,24.89,25.55,26.16,24.89,,,,,71.05
2009-08-05,24.9,24.91,25.85,24.86,,,,,70.13
2009-08-06,25.67,24.9,26.15,24.47,,,,,73.17
2009-08-07,24.76,24.71,24.95,23.98,,,,,71.53
2009-08-10,24.99,24.76,25.82,24.76,,,,,72.59
2009-08-11,25.99,24.98,26.98,24.98,,,,,75.6
2009-08-12,25.45,25.99,26.5,25.11,,,,,81.28
2009-08-13,24.71,25.34,26.15,24.71,,,,,79.96
2009-08-14,24.27,24.77,25.94,24.26,,,,,80.45
2009-08-17,27.89,24.27,28.39,24.27,,,,,84.22
2009-08-18,26.18,27.89,27.89,26.08,,,,,81.11
2009-08-19,26.26,28.08,28.14,26.14,,,,,76.32
2009-08-20,25.09,26.45,26.45,24.75,,,,,76.7
2009-08-21,25.01,24.49,25.06,23.91,,,,,76.55
2009-08-24,25.14,25.01,25.7,25.01,,,,,78.47
2009-08-25,24.92,25.13,25.13,23.68,,,,,77.76
2009-08-26,24.95,24.91,25.56,24.69,,,,,77.97
2009-08-27,24.68,25.13,25.89,24.43,,,,,75.59
2009-08-28,24.76,24.44,25.5,24.28,,,,,74.41
2009-08-31,26.01,24.76,27.01,24.76,,,,,77.12
2009-09-01,29.15,26.01,29.23,26.0,,,,,81.0
2009-09-02,28.9,29.14,29.57,28.41,,,,,77.07
2009-09-03,27.1,28.9,28.9,26.98,,,,,75.48
2009-09-04,25.26,26.98,26.98,24.86,,,,,77.51
2009-09-08,25.62,25.26,26.15,25.26,,,,,75.69
2009-09-09,24.32,25.66,25.93,24.23,,,,,76.17
2009-09-10,23.55,24.4,24.76,22.82,,,,,71.39
2009-09-11,24.15,23.49,24.33,22.48,,,,,72.36
2009-09-14,23.86,25.39,25.39,23.32,,,,,71.14
2009-09-15,23.42,23.9,24.27,23.07,,,,,72.25
2009-09-16,23.69,23.29,23.92,22.78,,,,,71.7
2009-09-17,23.65,23.99,24.07,22.79,,,,,69.36
2009-09-18,23.92,23.65,24.43,23.14,,,,,70.39
2009-09-21,24.06,25.34,25.51,23.71,,,,,71.0
2009-09-22,23.08,23.81,23.98,23.06,,,,,68.26
2009-09-23,23.49,22.9,23.69,22.19,,,,,68.18
2009-09-24,24.95,23.67,25.37,23.44,,,,,70.78
2009-09-25,25.61,25.18,26.34,24.81,,,,,71.74
2009-09-28,24.88,26.26,26.4,24.85,,,,,70.54
2009-09-29,25.19,24.88,25.28,24.54,,,,,68.99
2009-09-30,25.61,25.19,26.45,24.76,,,,,71.32
2009-10-01,28.27,25.98,28.42,25.98,,,,,76.25
2009-10-02,28.68,29.34,29.56,27.98,,,,,76.13
2009-10-05,26.84,29.34,29.34,26.57,,,,,73.56
2009-10-06,25.7,26.39,26.41,25.19,,,,,71.5
2009-10-07,24.68,25.78,25.82,24.57,,,,,71.01
2009-10-08,24.18,24.68,24.69,23.9,,,,,68.1
2009-10-09,23.12,24.39,24.54,22.99,,,,,65.54
2009-10-12,23.01,23.12,23.53,22.67,,,,,64.97
2009-10-13,22.99,23.0,24.07,22.74,,,,,64.97
2009-10-14,22.86,22.08,22.89,21.55,,,,,68.84
2009-10-15,21.72,23.51,23.53,21.49,,,,,67.07
2009-10-16,21.43,21.72,22.6,20.98,,,,,69.85
2009-10-19,21.49,21.41,22.46,20.91,,,,,67.76
2009-10-20,20.9,21.55,21.76,20.9,,,,,68.63
2009-10-21,22.22,20.9,22.48,20.1,,,,,78.16
2009-10-22,20.69,22.22,22.77,20.33,,,,,77.6
2009-10-23,22.27,20.7,22.59,20.34,,,,,79.88
2009-10-26,24.31,23.06,24.86,21.89,,,,,82.28
2009-10-27,24.83,24.38,25.22,24.03,,,,,80.41
2009-10-28,27.91,24.83,27.94,24.83,,,,,85.43
2009-10-29,24.76,27.16,27.19,24.68,,,,,78.1
2009-10-30,30.69,24.76,31.59,24.76,,,,,89.9
2009-11-02,29.78,30.7,31.84,28.07,,,,,91.98
2009-11-03,28.81,30.62,30.8,28.77,,,,,90.16
2009-11-04,27.72,28.81,28.81,26.61,,,,,85.97
2009-11-05,25.43,27.28,27.39,25.41,,,,,79.1
2009-11-06,24.19,26.17,26.17,24.06,,,,,73.72
2009-11-09,23.15,24.19,24.24,22.78,,,,,68.83
2009-11-10,22.84,23.15,23.53,22.78,,,,,68.49
2009-11-11,23.04,22.84,23.68,21.61,,,,,73.05
2009-11-12,24.24,23.04,24.61,22.91,,,,,80.77
2009-11-13,23.36,24.25,24.43,23.22,,,,,80.28
2009-11-16,22.89,23.36,23.42,22.02,,,,,83.31
2009-11-17,22.41,22.81,23.33,22.27,,,,,83.97
2009-11-18,21.63,22.35,22.65,21.63,,,,,79.15
2009-11-19,22.63,21.63,24.2,21.63,,,,,79.27
2009-11-20,22.19,23.45,23.45,22.14,,,,,75.56
2009-11-23,21.16,21.98,21.98,20.9,,,,,75.84
2009-11-24,20.47,21.28,21.87,20.35,,,,,75.05
2009-11-25,20.48,20.23,20.57,20.05,,,,,73.91
2009-11-27,24.85,25.75,25.93,23.12,,,,,83.24
2009-11-30,24.51,24.95,25.57,24.19,,,,,81.58
2009-12-01,21.92,24.51,24.51,21.88,,,,,80.74
2009-12-02,21.12,21.89,22.19,21.01,,,,,78.26
2009-12-03,22.46,21.15,22.5,20.61,,,,,78.52
2009-12-04,21.25,21.18,22.76,20.62,,,,,77.18
2009-12-07,22.1,22.32,22.46,21.6,,,,,77.75
2009-12-08,23.69,23.28,23.97,22.84,,,,,79.57
2009-12-09,22.66,23.21,24.2,22.54,,,,,84.93
2009-12-10,22.32,22.66,22.66,21.77,,,,,84.56
2009-12-11,21.59,21.45,22.31,21.39,,,,,82.87
2009-12-14,21.15,21.59,21.59,20.57,,,,,81.64
2009-12-15,21.49,21.09,21.87,20.91,,,,,80.99
2009-12-16,20.54,21.5,21.5,20.46,,,,,82.05
2009-12-17,22.51,21.89,22.86,21.4,,,,,83.56
2009-12-18,21.68,21.84,23.02,21.68,,,,,81.75
2009-12-21,20.49,21.46,21.51,20.28,,,,,79.62
2009-12-22,19.54,20.39,20.4,19.54,,,,,71.45
2009-12-23,19.71,19.54,19.97,19.35,,,,,69.81
2009-12-24,19.47,19.67,19.67,19.25,,,,,68.81
2009-12-28,19.93,20.29,20.53,19.9,,,,,69.89
2009-12-29,20.01,19.87,20.12,19.62,,,,,69.1
2009-12-30,19.96,20.36,20.44,19.93,,,,,70.36
2009-12-31,21.68,19.96,21.83,19.89,,,,,74.99
2010-01-04,20.04,21.68,21.68,20.03,,,,,73.3
2010-01-05,19.35,20.05,20.13,19.34,,,,,70.36
2010-01-06,19.16,19.59,19.68,18.77,,,,,67.65
2010-01-07,19.06,19.68,19.71,18.7,,,,,67.15
2010-01-08,18.13,19.27,19.27,18.11,,,,,65.71
2010-01-11,17.55,16.93,17.74,16.86,,,,,64.87
2010-01-12,18.25,17.95,19.46,17.95,,,,,70.42
2010-01-13,17.85,17.94,18.72,17.56,,,,,75.53
2010-01-14,17.63,18.16,18.27,17.38,,,,,74.52
2010-01-15,17.91,17.63,19.02,17.63,,,,,74.27
2010-01-19,17.58,18.63,18.85,17.33,,,,,73.5
2010-01-20,18.68,18.51,19.69,18.44,,,,,80.36
2010-01-21,22.27,18.59,22.3,18.27,,,,,88.82
2010-01-22,27.31,22.27,28.01,22.27,,,,,100.06
2010-01-25,25.41,27.32,27.32,24.61,,,,,90.58
2010-01-26,24.55,26.03,26.22,22.77,,,,,90.04
2010-01-27,23.14,24.81,25.69,23.14,,,,,85.86
2010-01-28,23.73,22.79,25.3,22.69,,,,,87.91
2010-01-29,24.62,23.73,25.03,22.11,,,,,89.0
2010-02-01,22.59,24.33,24.33,22.58,,,,,83.73
2010-02-02,21.48,22.59,22.99,21.08,,,,,80.98
2010-02-03,21.6,22.11,22.11,21.33,,,,,80.55
2010-02-04,26.08,22.63,26.32,22.63,,,,,91.42
2010-02-05,26.11,25.69,29.22,25.37,,,,,88.22
2010-02-08,26.51,26.11,27.11,25.48,,,,,90.01
2010-02-09,26.0,26.51,26.56,24.78,,,,,88.8
2010-02-10,25.4,26.36,26.77,24.8,,,,,92.18
2010-02-11,23.96,25.82,26.11,23.87,,,,,89.59
2010-02-12,22.73,23.96,25.54,22.73,,,,,88.16
2010-02-16,22.25,23.51,23.57,22.13,,,,,81.77
2010-02-17,21.72,22.25,22.6,21.7,,,,,80.29
2010-02-18,20.63,21.72,22.21,20.6,,,,,79.2
2010-02-19,20.02,21.07,21.14,19.71,,,,,77.97
2010-02-22,19.94,20.16,21.0,19.59,,,,,75.44
2010-02-23,21.37,20.39,21.94,20.06,,,,,77.82
2010-02-24,20.27,21.23,21.58,20.22,,,,,75.93
2010-02-25,20.1,22.03,22.68,20.06,,,,,75.3
2010-02-26,19.5,19.88,20.53,19.32,,,,,73.13
2010-03-01,19.26,19.93,19.94,19.18,,,,,73.24
2010-03-02,19.06,18.83,19.36,18.6,,,,,73.43
2010-03-03,18.83,18.95,19.3,18.42,,,,,72.61
2010-03-04,18.72,18.86,19.27,18.58,,,,,70.51
2010-03-05,17.42,18.06,18.15,17.23,,,,,71.06
2010-03-08,17.79,17.95,17.96,17.56,,,,,70.9
2010-03-09,17.92,18.18,18.19,17.51,,,,,71.49
2010-03-10,18.57,18.0,18.6,17.43,,,,,76.2
2010-03-11,18.06,18.9,19.34,18.06,,,,,76.16
2010-03-12,17.58,17.97,18.53,17.58,,,,,73.74
2010-03-15,18.0,18.28,18.78,17.96,,,,,75.22
2010-03-16,17.69,17.78,18.01,17.42,,,,,76.41
2010-03-17,16.91,16.97,17.17,16.52,,,,,73.16
2010-03-18,16.62,16.96,16.99,16.31,,,,,76.46
2010-03-19,16.97,16.17,17.57,16.17,,,,,76.68
2010-03-22,16.87,18.3,18.34,16.77,,,,,77.75
2010-03-23,16.35,16.84,17.09,16.21,,,,,78.31
2010-03-24,17.55,16.85,17.92,16.83,,,,,80.68
2010-03-25,18.4,17.07,18.54,16.62,,,,,83.82
2010-03-26,17.77,18.27,18.69,17.35,,,,,81.56
2010-03-29,17.59,18.17,18.28,17.57,,,,,78.75
2010-03-30,17.13,17.64,18.08,17.13,,,,,76.91
2010-03-31,17.59,17.66,17.92,17.29,,,,,77.49
2010-04-01,17.47,17.01,18.09,16.79,,,,,78.29
2010-04-05,17.02,17.96,18.16,17.02,,,,,76.97
2010-04-06,16.23,17.39,17.54,16.08,,,,,76.82
2010-04-07,16.62,16.72,17.21,16.16,,,,,78.16
2010-04-08,16.48,17.21,17.8,16.3,,,,,77.06
2010-04-09,16.14,16.32,16.65,16.06,,,,,78.24
2010-04-12,15.58,15.67,16.0,15.23,,,,,80.06
2010-04-13,16.2,15.98,16.77,15.81,,,,,79.97
2010-04-14,15.59,15.8,16.38,15.55,,,,,83.31
2010-04-15,15.89,15.87,16.5,15.68,,,,,83.1
2010-04-16,18.36,16.19,19.7,16.11,,,,,86.29
2010-04-19,17.34,19.14,19.55,17.34,,,,,81.72
2010-04-20,15.73,16.84,16.89,15.73,,,,,79.65
2010-04-21,16.32,15.94,16.85,15.5,,,,,83.89
2010-04-22,16.47,17.48,18.19,16.2,,,,,85.76
2010-04-23,16.62,16.62,16.71,16.12,,,,,88.14
2010-04-26,17.47,17.52,17.53,17.07,,,,,87.53
2010-04-27,22.81,18.13,23.2,17.94,,,,,103.23
2010-04-28,21.08,22.08,23.03,20.86,,,,,101.7
2010-04-29,18.44,20.37,20.37,18.44,,,,,92.44
2010-04-30,22.05,18.75,22.39,18.41,,,,,101.41
2010-05-03,20.19,22.41,22.41,19.61,,,,,95.68
2010-05-04,23.84,22.46,25.7,22.46,,,,,101.88
2010-05-05,24.91,25.96,27.23,23.75,,,,,105.59
2010-05-06,32.8,25.88,40.71,24.43,,,,,125.36
2010-05-07,40.95,32.76,42.15,31.71,,,,,135.38
2010-05-10,28.84,28.65,30.89,25.68,,,,,110.96
2010-05-11,28.32,31.04,31.04,25.86,,,,,113.95
2010-05-12,25.52,26.56,26.67,24.98,,,,,116.53
2010-05-13,26.68,26.17,26.85,24.3,,,,,123.17
2010-05-14,31.24,28.4,33.24,28.4,,,,,128.34
2010-05-17,30.84,31.33,35.25,30.76,,,,,120.97
2010-05-18,33.55,28.67,34.17,28.09,,,,,135.82
2010-05-19,35.32,34.65,38.42,33.07,,,,,128.44
2010-05-20,45.79,41.79,46.37,40.3,,,,,145.12
2010-05-21,40.1,47.66,48.2,38.95,,,,,130.67
2010-05-24,38.32,41.74,41.74,35.57,,,,,123.87
2010-05-25,34.61,43.15,43.74,34.59,,,,,119.36
2010-05-26,35.02,32.54,35.02,24.1,,,,,115.68
2010-05-27,29.68,30.24,31.03,29.54,,,,,107.64
2010-05-28,32.07,30.23,33.3,29.53,,,,,110.13
2010-06-01,35.54,34.87,35.68,31.82,,,,,109.92
2010-06-02,30.17,34.39,34.57,29.94,,,,,98.02
2010-06-03,29.46,29.65,31.2,29.12,,,,,95.61
2010-06-04,35.48,32.93,36.12,31.81,,,,,103.31
2010-06-07,36.57,35.66,36.8,34.43,,,,,102.76
2010-06-08,33.7,36.53,37.38,33.36,,,,,101.79
2010-06-09,33.73,32.33,34.12,30.23,,,,,111.77
2010-06-10,30.57,31.0,31.77,29.69,,,,,108.61
2010-06-11,28.79,31.79,31.79,28.6,,,,,103.69
2010-06-14,28.58,27.94,28.72,26.98,,,,,99.92
2010-06-15,25.87,27.68,27.84,25.68,,,,,99.0
2010-06-16,25.92,26.72,26.72,25.34,,,,,93.67
2010-06-17,25.05,25.59,26.64,25.05,,,,,89.65
2010-06-18,23.95,24.87,24.88,23.3,,,,,92.36
2010-06-21,24.88,22.9,25.64,22.87,,,,,96.01
2010-06-22,27.05,25.14,27.05,24.41,,,,,101.65
2010-06-23,26.91,26.93,28.55,26.54,,,,,98.93
2010-06-24,29.74,27.61,30.27,27.53,,,,,103.69
2010-06-25,28.53,29.64,30.41,28.07,,,,,97.51
2010-06-28,29.0,29.2,29.9,28.47,,,,,99.01
2010-06-29,34.13,31.22,35.39,31.22,,,,,104.0
2010-06-30,34.54,33.95,34.63,31.74,,,,,105.16
2010-07-01,32.86,34.41,37.58,32.72,,,,,100.69
2010-07-02,30.12,31.71,31.88,29.35,,,,,97.19
2010-07-06,29.65,28.82,31.15,27.96,,,,,97.58
2010-07-07,26.84,29.56,29.56,26.84,,,,,92.14
2010-07-08,25.71,26.5,27.42,24.22,,,,,89.85
2010-07-09,24.98,25.35,25.67,24.37,,,,,88.58
2010-07-12,24.43,24.66,25.14,23.53,,,,,91.75
2010-07-13,24.56,23.29,24.57,23.12,,,,,90.8
2010-07-14,24.89,24.61,25.8,24.18,,,,,96.13
2010-07-15,25.14,25.08,27.24,24.74,,,,,97.75
2010-07-16,26.25,25.77,28.16,25.71,,,,,101.57
2010-07-19,25.97,27.02,27.3,25.12,,,,,102.58
2010-07-20,23.93,27.35,27.4,23.79,,,,,98.89
2010-07-21,25.64,23.61,26.63,23.59,,,,,97.02
2010-07-22,24.63,24.37,24.85,23.72,,,,,93.2
2010-07-23,23.47,24.79,25.17,23.32,,,,,89.9
2010-07-26,22.73,24.37,24.61,22.7,,,,,88.55
2010-07-27,23.19,21.89,23.57,21.86,,,,,90.14
2010-07-28,24.25,23.93,24.54,22.24,,,,,90.71
2010-07-29,24.13,23.4,25.54,23.04,,,,,90.62
2010-07-30,23.5,25.47,27.32,23.35,,,,,89.55
2010-08-02,22.01,23.07,23.24,21.74,,,,,85.02
2010-08-03,22.63,22.44,23.06,21.98,,,,,85.04
2010-08-04,22.21,22.69,23.69,22.16,,,,,85.05
2010-08-05,22.1,23.04,23.13,22.07,,,,,86.52
2010-08-06,21.74,23.34,23.89,21.72,,,,,87.44
2010-08-09,22.14,21.85,22.87,21.36,,,,,87.86
2010-08-10,22.37,23.3,24.24,22.17,,,,,90.35
2010-08-11,25.39,24.96,26.1,24.96,,,,,102.65
2010-08-12,25.73,27.21,27.21,25.18,,,,,99.75
2010-08-13,26.24,26.08,26.26,25.45,,,,,99.54
2010-08-16,26.1,27.41,28.1,25.38,,,,,98.73
2010-08-17,24.33,24.72,24.89,23.71,,,,,93.25
2010-08-18,24.59,24.3,25.23,23.4,,,,,91.3
2010-08-19,26.44,24.48,26.78,24.26,,,,,91.96
2010-08-20,25.49,26.73,27.0,25.49,,,,,89.34
2010-08-23,25.66,25.97,25.97,24.62,,,,,87.66
2010-08-24,27.46,27.91,28.77,26.32,,,,,85.7
2010-08-25,26.7,28.3,28.92,26.46,,,,,82.64
2010-08-26,27.37,26.45,27.55,25.86,,,,,82.95
2010-08-27,24.45,26.5,28.11,24.41,,,,,79.0
2010-08-30,27.21,25.88,27.21,25.41,,,,,82.52
2010-08-31,26.05,27.58,27.83,25.93,,,,,81.49
2010-09-01,23.89,25.13,25.13,23.86,,,,,78.28
2010-09-02,23.19,24.23,24.31,23.15,,,,,79.05
2010-09-03,21.31,21.99,22.78,21.24,,,,,76.64
2010-09-07,23.8,22.77,23.94,22.77,,,,,78.98
2010-09-08,23.25,23.51,23.56,22.92,,,,,89.88
2010-09-09,22.81,22.22,23.24,22.14,,,,,87.97
2010-09-10,21.99,22.64,22.87,21.76,,,,,87.6
2010-09-13,21.21,21.06,22.05,20.93,,,,,87.33
2010-09-14,21.56,21.69,21.97,20.85,,,,,87.95
2010-09-15,22.1,22.55,22.8,22.1,,,,,88.4
2010-09-16,21.72,22.65,22.83,21.71,,,,,87.63
2010-09-17,22.01,21.65,22.56,21.63,,,,,85.45
2010-09-20,21.5,22.47,22.58,21.25,,,,,81.5
2010-09-21,22.35,21.54,22.59,21.42,,,,,80.97
2010-09-22,22.51,22.56,23.19,21.91,,,,,81.86
2010-09-23,23.87,23.91,24.06,22.56,,,,,83.02
2010-09-24,21.71,22.61,22.61,21.71,,,,,80.0
2010-09-27,22.54,22.58,22.75,21.97,,,,,82.62
2010-09-28,22.6,22.92,24.28,22.4,,,,,83.62
2010-09-29,23.25,23.14,23.45,22.72,,,,,83.35
2010-09-30,23.7,22.85,24.52,22.39,,,,,86.49
2010-10-01,22.5,22.9,23.67,22.46,,,,,84.08
2010-10-04,23.53,23.63,24.34,23.3,,,,,86.22
2010-10-05,21.76,22.52,23.08,21.71,,,,,82.62
2010-10-06,21.49,21.82,22.13,21.46,,,,,81.05
2010-10-07,21.56,21.31,22.16,21.28,,,,,80.7
2010-10-08,20.71,21.58,21.64,20.29,,,,,81.41
2010-10-11,18.96,19.33,19.51,18.8,,,,,84.75
2010-10-12,18.93,20.0,20.1,18.55,,,,,84.77
2010-10-13,19.07,17.92,19.16,17.9,,,,,88.72
2010-10-14,19.88,19.59,21.02,19.4,,,,,87.14
2010-10-15,19.03,20.2,21.59,19.02,,,,,89.82
2010-10-18,19.09,20.43,20.71,18.88,,,,,91.75
2010-10-19,20.63,20.7,21.35,19.33,,,,,91.53
2010-10-20,19.79,21.2,21.2,19.67,,,,,85.48
2010-10-21,19.27,19.7,20.53,18.93,,,,,83.59
2010-10-22,18.78,19.36,19.36,18.76,,,,,81.97
2010-10-25,19.85,19.22,19.88,18.86,,,,,82.02
2010-10-26,20.22,20.52,21.01,20.22,,,,,82.79
2010-10-27,20.71,21.11,22.37,20.69,,,,,80.42
2010-10-28,20.88,20.28,21.41,20.18,,,,,78.47
2010-10-29,21.2,21.2,21.4,20.86,,,,,77.46
2010-11-01,21.83,21.65,22.54,20.92,,,,,79.72
2010-11-02,21.57,21.34,21.82,21.22,,,,,80.18
2010-11-03,19.56,21.66,22.02,19.54,,,,,76.57
2010-11-04,18.52,18.03,18.8,17.97,,,,,70.78
2010-11-05,18.26,18.07,18.44,17.92,,,,,74.02
2010-11-08,18.29,19.33,19.35,18.21,,,,,73.67
2010-11-09,19.08,18.51,19.39,17.83,,,,,76.49
2010-11-10,18.47,18.94,19.96,18.41,,,,,83.07
2010-11-11,18.64,19.44,19.75,18.48,,,,,
2010-11-12,20.61,19.59,21.23,19.29,,,,,88.18
2010-11-15,20.2,20.33,20.37,19.14,,,,,88.13
2010-11-16,22.58,21.26,23.07,20.95,,,,,93.65
2010-11-17,21.76,22.19,22.21,21.22,,,,,89.25
2010-11-18,18.75,20.31,20.31,18.75,,,,,83.92
2010-11-19,18.04,19.15,19.72,17.76,,,,,84.73
2010-11-22,18.37,19.45,20.14,18.35,,,,,78.39
2010-11-23,20.63,20.25,21.45,20.24,,,,,87.44
2010-11-24,19.56,19.42,19.61,18.73,,,,,81.55
2010-11-26,22.22,21.17,22.22,20.28,,,,,90.55
2010-11-29,21.53,23.15,23.84,21.38,,,,,89.01
2010-11-30,23.54,23.27,23.79,22.42,,,,,95.73
2010-12-01,21.36,21.19,21.43,20.4,,,,,92.03
2010-12-02,19.39,21.13,21.13,19.1,,,,,87.74
2010-12-03,18.01,19.26,19.28,17.71,,,,,84.28
2010-12-06,18.02,18.8,18.85,17.95,,,,,82.6
2010-12-07,17.99,17.13,18.15,17.13,,,,,82.66
2010-12-08,17.74,17.97,18.32,17.69,,,,,81.8
2010-12-09,17.25,17.32,17.84,17.24,,,,,79.8
2010-12-10,17.61,17.06,17.63,17.06,,,,,79.36
2010-12-13,17.55,16.82,17.67,16.68,,,,,81.67
2010-12-14,17.61,17.6,17.95,17.22,,,,,81.67
2010-12-15,17.94,17.99,18.14,17.37,,,,,83.42
2010-12-16,17.39,18.03,18.27,16.88,,,,,81.32
2010-12-17,16.11,17.62,17.64,15.46,,,,,86.62
2010-12-20,16.41,16.22,16.86,15.78,,,,,84.09
2010-12-21,16.49,16.2,16.62,16.08,,,,,84.38
2010-12-22,15.45,16.52,16.56,15.45,,,,,86.03
2010-12-23,16.47,15.44,16.86,15.4,,,,,86.74
2010-12-27,17.67,18.26,18.32,17.66,,,,,87.44
2010-12-28,17.52,17.3,17.99,17.3,,,,,86.34
2010-12-29,17.28,17.49,17.49,17.02,,,,,85.71
2010-12-30,17.52,17.65,17.89,17.46,,,,,86.52
2010-12-31,17.75,17.91,18.13,17.75,,,,,86.36
2011-01-03,17.61,17.94,17.95,16.91,,,,,84.8
2011-01-04,17.38,17.34,18.24,17.33,16.06,16.06,16.06,16.06,85.25
2011-01-05,17.02,17.81,17.95,16.86,15.57,15.57,15.57,15.57,84.7
2011-01-06,17.4,16.8,17.56,16.79,15.71,15.71,15.71,15.71,84.6
2011-01-07,17.14,17.31,18.07,16.57,15.01,15.01,15.01,15.01,83.73
2011-01-10,17.54,18.35,18.63,17.54,15.81,15.81,15.81,15.81,81.65
2011-01-11,16.89,16.61,17.35,16.6,14.93,14.93,14.93,14.93,79.82
2011-01-12,16.24,16.26,16.5,16.17,14.82,14.82,14.82,14.82,77.94
2011-01-13,16.39,16.51,16.78,16.14,14.92,14.92,14.92,14.92,78.64
2011-01-14,15.46,16.67,16.71,15.37,14.3,14.3,14.3,14.3,75.94
2011-01-18,15.87,16.19,16.2,15.71,16.34,16.34,16.34,16.34,79.77
2011-01-19,17.31,15.89,17.67,15.86,17.74,17.74,17.74,17.74,83.7
2011-01-20,17.99,17.81,18.85,17.65,16.98,16.98,16.98,16.98,82.69
2011-01-21,18.47,17.03,18.61,16.6,17.32,17.32,17.32,17.32,85.41
2011-01-24,17.65,18.78,18.93,17.56,17.38,17.38,17.38,17.38,82.97
2011-01-25,17.59,18.22,18.55,17.59,17.75,17.75,17.75,17.75,82.67
2011-01-26,16.64,17.0,17.42,16.59,16.27,16.27,16.27,16.27,79.43
2011-01-27,16.15,16.84,16.89,15.81,15.07,15.07,15.07,15.07,77.04
2011-01-28,20.04,15.94,20.08,15.92,21.25,21.25,21.25,21.25,91.52
2011-01-31,19.53,19.61,19.96,17.1,20.5,20.5,20.5,20.5,86.08
2011-02-01,17.63,18.59,18.63,17.4,17.21,17.21,17.21,17.21,84.48
2011-02-02,17.3,17.82,17.84,17.28,16.83,16.83,16.83,16.83,83.16
2011-02-03,16.69,17.53,17.8,16.61,15.38,15.38,15.38,15.38,81.75
2011-02-04,15.93,16.64,16.74,15.89,14.19,14.19,14.19,14.19,81.11
2011-02-07,16.28,16.14,16.54,15.84,15.33,15.33,15.33,15.33,80.54
2011-02-08,15.81,16.29,16.6,14.86,14.56,14.56,14.56,14.56,78.93
2011-02-09,15.87,16.27,16.52,15.86,14.3,14.3,14.3,14.3,82.11
2011-02-10,16.09,16.74,17.07,16.0,14.53,14.53,14.53,14.53,83.73
2011-02-11,15.69,16.53,16.53,15.55,14.79,14.79,14.79,14.79,84.5
2011-02-14,15.95,16.07,16.26,15.22,16.16,16.16,16.16,16.16,82.67
2011-02-15,16.37,16.3,16.75,16.27,16.58,16.58,16.58,16.58,84.38
2011-02-16,16.72,16.31,16.74,15.84,16.87,16.87,16.87,16.87,83.05
2011-02-17,16.59,17.01,17.3,15.88,15.81,15.81,15.81,15.81,83.03
2011-02-18,16.43,16.59,16.91,15.54,14.92,14.92,14.92,14.92,85.47
2011-02-22,20.8,19.46,21.45,18.38,22.09,22.09,22.09,22.09,99.18
2011-02-23,22.13,20.84,23.22,20.3,22.77,22.77,22.77,22.77,99.04
2011-02-24,21.32,22.28,22.71,20.81,21.51,21.51,21.51,21.51,94.07
2011-02-25,19.22,20.41,20.44,18.88,18.47,18.47,18.47,18.47,86.17
2011-02-28,18.35,19.12,19.27,18.14,18.3,18.3,18.3,18.3,81.78
2011-03-01,21.01,17.63,21.01,17.63,21.59,21.59,21.59,21.59,89.28
2011-03-02,20.7,20.73,21.14,19.62,20.78,20.78,20.78,20.78,87.55
2011-03-03,18.6,19.27,19.27,18.25,16.85,16.85,16.85,16.85,82.36
2011-03-04,19.06,18.56,20.33,18.31,17.69,17.69,17.69,17.69,81.48
2011-03-07,20.66,19.37,21.77,18.95,20.97,20.97,20.97,20.97,84.32
2011-03-08,19.82,20.58,21.06,19.15,19.34,19.34,19.34,19.34,80.84
2011-03-09,20.22,20.05,20.96,19.41,19.93,19.93,19.93,19.93,84.89
2011-03-10,21.88,21.37,22.25,20.34,22.89,22.89,22.89,22.89,88.16
2011-03-11,20.08,21.72,21.75,19.97,19.4,19.4,19.4,19.4,83.21
2011-03-14,21.13,21.79,22.74,20.92,21.93,21.93,21.93,21.93,83.89
2011-03-15,24.32,25.66,25.72,23.31,25.9,25.9,25.9,25.9,89.68
2011-03-16,29.4,24.65,31.28,24.04,31.04,31.04,31.04,31.04,112.39
2011-03-17,26.37,26.94,27.54,25.44,28.62,28.62,28.62,28.62,101.45
2011-03-18,24.44,23.9,24.85,23.09,25.31,25.31,25.31,25.31,96.28
2011-03-21,20.61,22.1,22.16,20.22,21.02,21.02,21.02,21.02,89.17
2011-03-22,20.21,20.53,20.59,19.97,20.17,20.17,20.17,20.17,87.39
2011-03-23,19.17,20.59,21.05,18.19,19.06,19.06,19.06,19.06,84.77
2011-03-24,18.0,18.45,18.99,17.87,17.42,17.42,17.42,17.42,84.17
2011-03-25,17.91,17.87,18.08,17.07,17.49,17.49,17.49,17.49,84.53
2011-03-28,19.44,18.31,19.44,17.96,19.84,19.84,19.84,19.84,89.94
2011-03-29,18.16,19.17,19.78,18.0,17.46,17.46,17.46,17.46,84.96
2011-03-30,17.71,17.82,17.89,17.25,16.98,16.98,16.98,16.98,82.75
2011-03-31,17.74,17.9,17.95,17.41,16.31,16.31,16.31,16.31,82.51
2011-04-01,17.4,16.68,17.62,16.44,15.15,15.15,15.15,15.15,81.98
2011-04-04,17.5,17.63,17.85,17.39,16.72,16.72,16.72,16.72,81.84
2011-04-05,17.25,17.87,17.87,16.5,15.81,15.81,15.81,15.81,81.44
2011-04-06,16.9,16.75,17.15,16.5,15.21,15.21,15.21,15.21,83.22
2011-04-07,17.11,16.92,17.77,16.49,15.93,15.93,15.93,15.93,82.39
2011-04-08,17.87,16.51,18.33,16.51,17.21,17.21,17.21,17.21,83.43
2011-04-11,16.59,16.74,17.05,16.22,18.39,18.39,18.39,18.39,84.16
2011-04-12,17.09,17.58,18.46,16.88,18.93,18.93,18.93,18.93,85.36
2011-04-13,16.92,16.33,17.38,16.2,17.97,17.97,17.97,17.97,86.04
2011-04-14,16.27,17.77,18.08,16.08,15.99,15.99,15.99,15.99,86.07
2011-04-15,15.32,15.97,15.98,14.92,14.28,14.28,14.28,14.28,85.72
2011-04-18,16.96,18.3,19.07,16.81,17.63,17.63,17.63,17.63,89.11
2011-04-19,15.83,16.62,16.72,15.69,15.91,15.91,15.91,15.91,85.73
2011-04-20,15.07,14.31,15.39,14.3,15.04,15.04,15.04,15.04,86.21
2011-04-21,14.69,14.71,15.23,14.4,13.03,13.03,13.03,13.03,87.71
2011-04-25,15.77,15.64,16.06,15.5,15.05,15.05,15.05,15.05,87.68
2011-04-26,15.62,15.36,15.66,15.07,15.16,15.16,15.16,15.16,85.72
2011-04-27,15.35,15.37,16.42,15.13,14.61,14.61,14.61,14.61,83.21
2011-04-28,14.62,15.54,15.54,14.27,12.81,12.81,12.81,12.81,82.89
2011-04-29,14.75,14.56,14.99,14.49,13.09,13.09,13.09,13.09,83.98
2011-05-02,15.99,15.07,16.13,15.07,15.16,15.16,15.16,15.16,88.5
2011-05-03,16.7,16.35,17.29,16.13,15.71,15.71,15.71,15.71,90.62
2011-05-04,17.08,16.84,17.72,16.83,16.37,16.37,16.37,16.37,91.39
2011-05-05,18.2,17.68,19.11,16.74,18.87,18.87,18.87,18.87,95.08
2011-05-06,18.4,17.17,19.29,16.12,18.89,18.89,18.89,18.89,94.43
2011-05-09,17.16,18.59,18.59,17.04,16.56,16.56,16.56,16.56,90.86
2011-05-10,15.91,16.84,16.9,15.79,14.58,14.58,14.58,14.58,87.56
2011-05-11,16.95,16.27,17.49,16.23,16.8,16.8,16.8,16.8,96.25
2011-05-12,16.03,17.27,17.89,16.03,15.1,15.1,15.1,15.1,93.57
2011-05-13,17.07,16.02,17.56,15.98,17.13,17.13,17.13,17.13,93.86
2011-05-16,18.24,17.86,18.25,16.61,19.71,19.71,19.71,19.71,94.44
2011-05-17,17.55,18.54,19.09,17.47,18.33,18.33,18.33,18.33,93.64
2011-05-18,16.23,17.56,17.68,16.03,16.25,16.25,16.25,16.25,90.7
2011-05-19,15.52,15.9,16.56,15.5,14.92,14.92,14.92,14.92,87.53
2011-05-20,17.43,15.88,17.43,15.7,18.1,18.1,18.1,18.1,90.23
2011-05-23,18.27,20.03,20.03,17.47,18.87,18.87,18.87,18.87,92.08
2011-05-24,17.82,18.07,18.19,17.0,17.87,17.87,17.87,17.87,88.47
2011-05-25,17.07,18.26,18.26,16.7,16.83,16.83,16.83,16.83,85.29
2011-05-26,16.09,17.17,17.46,15.9,14.62,14.62,14.62,14.62,81.48
2011-05-27,15.98,16.11,16.27,15.36,14.79,14.79,14.79,14.79,81.46
2011-05-31,15.45,15.85,16.5,15.15,14.89,14.89,14.89,14.89,80.92
2011-06-01,18.3,15.95,18.48,15.95,19.1,19.1,19.1,19.1,87.59
2011-06-02,18.09,17.92,18.72,17.39,18.93,18.93,18.93,18.93,85.22
2011-06-03,17.95,18.23,19.87,17.12,17.99,17.99,17.99,17.99,85.54
2011-06-06,18.49,18.42,18.65,17.65,19.35,19.35,19.35,19.35,88.15
2011-06-07,18.07,18.13,18.48,17.39,18.41,18.41,18.41,18.41,83.72
2011-06-08,18.79,18.15,18.83,17.72,19.02,19.02,19.02,19.02,88.98
2011-06-09,17.77,18.2,18.31,17.26,18.11,18.11,18.11,18.11,85.65
2011-06-10,18.86,17.93,19.16,17.93,18.92,18.92,18.92,18.92,93.34
2011-06-13,19.61,19.1,20.02,18.41,20.28,20.28,20.28,20.28,98.35
2011-06-14,18.26,18.56,18.56,17.8,18.44,18.44,18.44,18.44,91.74
2011-06-15,21.32,19.31,21.66,19.03,22.03,22.03,22.03,22.03,105.07
2011-06-16,22.73,21.37,24.65,20.81,24.63,24.63,24.63,24.63,100.39
2011-06-17,21.85,21.56,22.39,20.35,23.13,23.13,23.13,23.13,95.31
2011-06-20,19.99,22.99,23.08,19.99,20.74,20.74,20.74,20.74,90.25
2011-06-21,18.86,19.46,19.46,17.72,20.18,20.18,20.18,20.18,90.55
2011-06-22,18.52,18.86,18.9,17.72,18.64,18.64,18.64,18.64,91.71
2011-06-23,19.29,20.23,21.5,19.22,20.07,20.07,20.07,20.07,93.09
2011-06-24,21.1,19.2,21.28,19.1,22.47,22.47,22.47,22.47,99.14
2011-06-27,20.56,21.6,21.82,20.27,21.99,21.99,21.99,21.99,94.29
2011-06-28,19.17,20.3,20.45,19.17,19.83,19.83,19.83,19.83,90.33
2011-06-29,17.27,18.62,18.83,16.32,16.96,16.96,16.96,16.96,85.9
2011-06-30,16.52,16.67,16.77,15.88,15.14,15.14,15.14,15.14,81.08
2011-07-01,15.87,16.06,16.29,15.12,15.29,15.29,15.29,15.29,78.64
2011-07-05,16.06,16.32,16.5,15.89,15.85,15.85,15.85,15.85,81.34
2011-07-06,16.34,16.46,17.08,16.32,15.66,15.66,15.66,15.66,82.69
2011-07-07,15.95,15.3,16.13,15.3,15.29,15.29,15.29,15.29,80.7
2011-07-08,15.95,17.14,17.14,15.95,15.56,15.56,15.56,15.56,80.82
2011-07-11,18.39,17.44,19.06,17.16,20.14,20.14,20.14,20.14,90.87
2011-07-12,19.87,19.55,20.13,18.25,21.5,21.5,21.5,21.5,88.39
2011-07-13,19.91,19.08,20.16,18.09,20.65,20.65,20.65,20.65,88.92
2011-07-14,20.8,20.08,21.58,19.35,22.19,22.19,22.19,22.19,95.72
2011-07-15,19.53,20.25,21.68,19.52,19.82,19.82,19.82,19.82,89.33
2011-07-18,20.95,21.25,21.93,20.9,22.13,22.13,22.13,22.13,97.81
2011-07-19,19.21,20.14,20.43,19.12,19.69,19.69,19.69,19.69,91.01
2011-07-20,19.09,18.81,19.65,18.61,19.75,19.75,19.75,19.75,86.06
2011-07-21,17.56,18.61,18.63,17.15,17.54,17.54,17.54,17.54,81.68
2011-07-22,17.52,17.22,17.95,17.14,16.96,16.96,16.96,16.96,82.45
2011-07-25,19.35,19.26,19.5,18.73,20.4,20.4,20.4,20.4,90.2
2011-07-26,20.23,19.75,20.5,19.56,20.83,20.83,20.83,20.83,93.35
2011-07-27,22.98,20.87,23.2,20.87,24.41,24.41,24.41,24.41,102.01
2011-07-28,23.74,22.83,23.99,21.2,27.52,27.52,27.52,27.52,105.62
2011-07-29,25.25,25.28,25.94,23.65,30.35,30.35,30.35,30.35,106.57
2011-08-01,23.66,22.63,25.63,22.46,26.85,26.85,26.85,26.85,95.89
2011-08-02,24.79,24.22,24.79,22.65,27.78,27.78,27.78,27.78,102.01
2011-08-03,23.38,23.58,25.23,22.76,24.7,24.7,24.7,24.7,98.58
2011-08-04,31.66,24.57,32.07,24.31,39.89,39.89,39.89,39.89,121.76
2011-08-05,32.0,28.48,39.25,27.54,37.58,37.58,37.58,37.58,118.61
2011-08-08,48.0,36.9,48.0,35.29,68.0,68.0,68.0,68.0,134.63
2011-08-09,35.06,42.12,47.56,34.28,43.38,43.38,43.38,43.38,112.8
2011-08-10,42.99,39.33,44.41,37.34,56.66,56.66,56.66,56.66,132.86
2011-08-11,39.0,41.94,42.88,37.5,46.98,46.98,46.98,46.98,128.76
2011-08-12,36.36,37.08,37.85,34.01,38.41,38.41,38.41,38.41,120.19
2011-08-15,31.87,34.73,34.83,31.47,32.94,32.94,32.94,32.94,109.0
2011-08-16,32.85,33.36,34.49,31.68,33.09,33.09,33.09,33.09,104.66
2011-08-17,31.58,32.09,33.32,30.81,31.22,31.22,31.22,31.22,104.62
2011-08-18,42.67,36.77,45.28,36.69,46.55,46.55,46.55,46.55,106.66
2011-08-19,43.05,45.34,45.4,39.99,47.41,47.41,47.41,47.41,111.58
2011-08-22,42.44,38.8,43.58,38.78,44.57,44.57,44.57,44.57,111.25
2011-08-23,36.27,41.89,42.54,35.83,37.81,37.81,37.81,37.81,103.43
2011-08-24,35.9,37.12,37.38,34.55,37.43,37.43,37.43,37.43,104.54
2011-08-25,39.76,34.43,40.14,34.05,44.08,44.08,44.08,44.08,112.4
2011-08-26,35.59,41.18,43.84,34.33,36.34,36.34,36.34,36.34,104.72
2011-08-29,32.28,33.81,33.81,32.21,33.39,33.39,33.39,33.39,96.51
2011-08-30,32.89,32.97,33.55,31.55,34.67,34.67,34.67,34.67,96.16
2011-08-31,31.62,31.2,32.53,30.16,32.33,32.33,32.33,32.33,94.16
2011-09-01,31.82,31.91,32.38,30.76,31.78,31.78,31.78,31.78,92.31
2011-09-02,33.92,34.29,34.74,32.7,31.94,31.94,31.94,31.94,91.0
2011-09-06,37.0,39.84,39.86,37.0,39.24,39.24,39.24,39.24,97.01
2011-09-07,33.38,34.24,34.7,33.38,32.44,32.44,32.44,32.44,93.3
2011-09-08,34.32,34.41,34.71,32.79,34.41,34.41,34.41,34.41,93.45
2011-09-09,38.52,35.53,40.74,35.53,40.42,40.42,40.42,40.42,99.07
2011-09-12,38.59,42.56,43.18,38.58,40.45,40.45,40.45,40.45,97.07
2011-09-13,36.91,38.68,39.43,36.69,37.63,37.63,37.63,37.63,96.14
2011-09-14,34.6,36.59,37.76,33.4,35.03,35.03,35.03,35.03,100.22
2011-09-15,31.97,33.43,33.98,31.75,32.79,32.79,32.79,32.79,96.69
2011-09-16,30.98,31.81,32.48,30.43,32.52,32.52,32.52,32.52,93.67
2011-09-19,32.73,34.8,35.33,32.35,34.6,34.6,34.6,34.6,95.95
2011-09-20,32.86,32.42,33.14,31.45,34.49,34.49,34.49,34.49,92.9
2011-09-21,37.32,33.0,37.32,32.45,37.76,37.76,37.76,37.76,98.58
2011-09-22,41.35,41.0,43.87,39.33,43.49,43.49,43.49,43.49,103.91
2011-09-23,41.25,42.17,42.82,40.42,42.66,42.66,42.66,42.66,104.77
2011-09-26,39.02,40.99,43.34,39.02,40.17,40.17,40.17,40.17,102.89
2011-09-27,37.71,36.59,38.57,35.32,38.93,38.93,38.93,38.93,100.31
2011-09-28,41.08,37.7,41.24,36.65,42.81,42.81,42.81,42.81,104.3
2011-09-29,38.84,38.62,42.0,38.03,39.79,39.79,39.79,39.79,101.05
2011-09-30,42.96,40.93,42.99,39.88,43.73,43.73,43.73,43.73,101.08
2011-10-03,45.45,44.25,45.55,41.51,48.64,48.64,48.64,48.64,103.89
2011-10-04,40.82,46.18,46.88,40.02,41.47,41.47,41.47,41.47,99.31
2011-10-05,37.81,40.73,41.2,37.51,37.58,37.58,37.58,37.58,94.66
2011-10-06,36.27,38.24,38.74,36.15,34.96,34.96,34.96,34.96,93.52
2011-10-07,36.2,35.67,37.82,35.19,33.62,33.62,33.62,33.62,92.57
2011-10-10,33.02,35.45,35.45,32.96,31.3,31.3,31.3,31.3,89.39
2011-10-11,32.86,33.95,34.24,32.62,30.01,30.01,30.01,30.01,90.98
2011-10-12,31.26,31.57,31.93,29.79,29.02,29.02,29.02,29.02,91.34
2011-10-13,30.7,31.99,32.76,30.48,27.71,27.71,27.71,27.71,95.1
2011-10-14,28.24,29.07,29.96,28.08,26.49,26.49,26.49,26.49,94.69
2011-10-17,33.39,30.35,33.39,30.12,33.95,33.95,33.95,33.95,103.55
2011-10-18,31.56,33.37,34.71,29.69,32.21,32.21,32.21,32.21,100.21
2011-10-19,34.44,32.92,35.47,31.91,34.7,34.7,34.7,34.7,103.29
2011-10-20,34.78,34.44,36.87,34.16,36.7,36.7,36.7,36.7,102.97
2011-10-21,31.32,32.76,32.98,31.32,32.15,32.15,32.15,32.15,98.05
2011-10-24,29.26,31.67,31.7,28.84,30.19,30.19,30.19,30.19,97.13
2011-10-25,32.22,30.68,32.46,30.32,33.57,33.57,33.57,33.57,97.75
2011-10-26,29.86,30.44,33.3,29.63,30.33,30.33,30.33,30.33,97.74
2011-10-27,25.46,24.72,26.46,24.7,24.95,24.95,24.95,24.95,94.44
2011-10-28,24.53,26.02,26.02,24.44,23.03,23.03,23.03,23.03,94.19
2011-10-31,29.96,27.09,29.97,27.01,30.88,30.88,30.88,30.88,104.84
2011-11-01,34.77,36.03,37.53,33.87,36.72,36.72,36.72,36.72,113.15
2011-11-02,32.74,33.53,34.27,32.55,33.06,33.06,33.06,33.06,107.4
2011-11-03,30.5,31.38,34.65,30.21,29.5,29.5,29.5,29.5,104.28
2011-11-04,30.16,31.46,32.56,30.14,28.43,28.43,28.43,28.43,103.34
2011-11-07,29.85,31.4,32.15,29.85,28.39,28.39,28.39,28.39,103.35
2011-11-08,27.48,29.34,30.49,27.47,24.57,24.57,24.57,24.57,98.05
2011-11-09,36.16,31.32,36.43,30.98,38.14,38.14,38.14,38.14,122.73
2011-11-10,32.81,33.09,35.5,32.12,32.13,32.13,32.13,32.13,113.54
2011-11-11,30.04,29.91,30.42,29.45,28.03,28.03,28.03,28.03,112.1
2011-11-14,31.13,31.42,32.85,31.13,31.23,31.23,31.23,31.23,112.35
2011-11-15,31.22,31.74,32.55,30.4,31.57,31.57,31.57,31.57,107.55
2011-11-16,33.51,32.66,33.51,30.54,34.12,34.12,34.12,34.12,111.18
2011-11-17,34.51,33.15,36.46,32.89,32.62,32.62,32.62,32.62,111.86
2011-11-18,32.0,33.16,33.99,31.92,30.26,30.26,30.26,30.26,101.92
2011-11-21,32.91,34.59,35.29,32.53,33.34,33.34,33.34,33.34,99.6
2011-11-22,31.97,33.12,33.39,31.28,31.03,31.03,31.03,31.03,98.53
2011-11-23,33.98,32.91,34.57,32.68,33.6,33.6,33.6,33.6,101.46
2011-11-25,34.47,34.61,34.77,33.12,33.95,33.95,33.95,33.95,98.98
2011-11-28,32.13,31.93,33.11,31.57,31.88,31.88,31.88,31.88,96.23
2011-11-29,30.64,31.76,32.02,30.56,30.4,30.4,30.4,30.4,95.47
2011-11-30,27.8,27.72,28.5,27.03,27.43,27.43,27.43,27.43,92.22
2011-12-01,27.41,27.63,27.89,26.64,27.0,27.0,27.0,27.0,90.88
2011-12-02,27.52,26.26,27.62,25.29,27.78,27.78,27.78,27.78,92.46
2011-12-05,27.84,26.74,28.31,26.0,28.84,28.84,28.84,28.84,92.97
2011-12-06,28.13,27.91,28.13,27.41,28.5,28.5,28.5,28.5,92.21
2011-12-07,28.67,28.61,29.58,28.44,30.19,30.19,30.19,30.19,92.84
2011-12-08,30.59,29.63,30.91,29.02,31.62,31.62,31.62,31.62,94.97
2011-12-09,26.38,29.61,29.61,26.29,24.44,24.44,24.44,24.44,90.92
2011-12-12,25.67,26.78,27.73,25.64,25.99,25.99,25.99,25.99,93.21
2011-12-13,25.41,24.72,26.28,23.27,25.63,25.63,25.63,25.63,94.55
2011-12-14,26.04,26.16,27.55,25.76,25.62,25.62,25.62,25.62,99.63
2011-12-15,25.11,24.38,25.28,24.14,24.07,24.07,24.07,24.07,97.71
2011-12-16,24.29,24.16,25.02,23.51,22.76,22.76,22.76,22.76,94.28
2011-12-19,24.92,25.14,25.38,24.38,23.16,23.16,23.16,23.16,90.27
2011-12-20,23.22,23.56,23.58,22.54,21.55,21.55,21.55,21.55,88.64
2011-12-21,21.43,22.52,23.94,21.12,20.62,20.62,20.62,20.62,85.54
2011-12-22,21.16,21.08,21.33,20.34,19.72,19.72,19.72,19.72,86.18
2011-12-23,20.73,21.1,21.21,20.72,17.81,17.81,17.81,17.81,86.54
2011-12-27,21.91,22.58,22.66,21.68,20.6,20.6,20.6,20.6,88.13
2011-12-28,23.52,22.12,23.56,22.11,22.42,22.42,22.42,22.42,94.08
2011-12-29,22.65,23.52,23.52,22.65,19.42,19.42,19.42,19.42,91.8
2011-12-30,23.4,22.86,23.46,22.65,19.36,19.36,19.36,19.36,91.7
2012-01-03,22.97,22.95,23.1,22.54,20.63,20.63,20.63,20.63,91.39
2012-01-04,22.22,23.44,23.73,22.22,19.32,19.32,19.32,19.32,88.89
2012-01-05,21.48,22.75,23.09,21.34,18.25,18.25,18.25,18.25,87.69
2012-01-06,20.63,21.24,21.72,20.58,17.01,17.01,17.01,17.01,86.95
2012-01-09,21.07,21.67,21.78,21.0,17.61,17.61,17.61,17.61,87.8
2012-01-10,20.69,20.14,20.69,20.05,17.48,17.48,17.48,17.48,88.82
2012-01-11,21.05,21.18,21.22,20.98,17.12,17.12,17.12,17.12,93.17
2012-01-12,20.47,21.01,22.03,20.46,16.65,16.65,16.65,16.65,90.51
2012-01-13,20.91,21.41,22.43,20.91,17.69,17.69,17.69,17.69,93.55
2012-01-17,22.2,20.9,22.25,20.69,22.07,22.07,22.07,22.07,93.66
2012-01-18,20.89,23.2,23.44,20.78,20.67,20.67,20.67,20.67,90.09
2012-01-19,19.87,20.49,20.87,19.45,17.41,17.41,17.41,17.41,88.73
2012-01-20,18.28,19.91,19.94,18.16,16.12,16.12,16.12,16.12,89.24
2012-01-23,18.67,19.22,19.31,18.55,18.12,18.12,18.12,18.12,89.59
2012-01-24,18.91,19.76,20.0,18.63,18.08,18.08,18.08,18.08,89.01
2012-01-25,18.31,19.35,19.55,17.15,17.36,17.36,17.36,17.36,86.01
2012-01-26,18.57,17.96,19.17,16.8,16.4,16.4,16.4,16.4,88.92
2012-01-27,18.53,19.16,19.16,18.26,16.63,16.63,16.63,16.63,87.44
2012-01-30,19.4,20.33,20.33,19.38,18.47,18.47,18.47,18.47,89.86
2012-01-31,19.44,19.07,19.84,18.13,18.44,18.44,18.44,18.44,88.51
2012-02-01,18.55,18.68,18.82,17.99,16.87,16.87,16.87,16.87,85.78
2012-02-02,17.98,18.38,18.5,17.98,15.78,15.78,15.78,15.78,84.1
2012-02-03,17.1,16.84,17.32,16.1,15.34,15.34,15.34,15.34,84.04
2012-02-06,17.76,17.98,18.02,16.11,16.64,16.64,16.64,16.64,85.38
2012-02-07,17.65,17.93,18.1,17.5,16.11,16.11,16.11,16.11,83.79
2012-02-08,18.16,17.79,18.46,17.53,16.33,16.33,16.33,16.33,97.01
2012-02-09,18.63,18.12,18.72,18.07,16.56,16.56,16.56,16.56,100.76
2012-02-10,20.79,20.1,21.98,19.02,19.66,19.66,19.66,19.66,104.15
2012-02-13,19.04,19.64,19.68,17.92,18.45,18.45,18.45,18.45,102.45
2012-02-14,19.54,19.45,20.76,18.95,19.23,19.23,19.23,19.23,107.82
2012-02-15,21.14,19.74,21.77,19.44,21.26,21.26,21.26,21.26,114.65
2012-02-16,19.22,21.59,21.76,19.22,17.12,17.12,17.12,17.12,110.41
2012-02-17,17.78,18.73,18.79,17.54,16.23,16.23,16.23,16.23,108.56
2012-02-21,18.19,18.41,18.94,17.65,17.44,17.44,17.44,17.44,107.71
2012-02-22,18.19,18.85,18.94,17.74,17.09,17.09,17.09,17.09,100.81
2012-02-23,16.8,18.73,18.97,16.64,14.83,14.83,14.83,14.83,94.44
2012-02-24,17.31,16.68,17.62,16.42,15.09,15.09,15.09,15.09,99.43
2012-02-27,18.19,19.1,19.25,17.58,16.94,16.94,16.94,16.94,101.68
2012-02-28,17.96,18.67,18.67,17.88,16.57,16.57,16.57,16.57,99.13
2012-02-29,18.43,17.8,18.75,17.53,16.85,16.85,16.85,16.85,101.6
2012-03-01,17.26,18.02,18.03,17.26,15.06,15.06,15.06,15.06,97.43
2012-03-02,17.29,17.65,17.65,17.14,14.44,14.44,14.44,14.44,96.94
2012-03-05,18.05,18.27,18.9,18.02,15.98,15.98,15.98,15.98,98.18
2012-03-06,20.87,20.57,21.24,20.3,20.1,20.1,20.1,20.1,105.11
2012-03-07,19.07,20.43,20.44,19.07,17.37,17.37,17.37,17.37,100.46
2012-03-08,17.95,18.08,18.46,17.76,16.98,16.98,16.98,16.98,97.19
2012-03-09,17.11,17.16,17.54,16.63,15.3,15.3,15.3,15.3,97.98
2012-03-12,15.64,15.79,16.67,15.23,15.54,15.54,15.54,15.54,98.61
2012-03-13,14.8,14.0,16.08,13.99,16.35,16.35,16.35,16.35,98.47
2012-03-14,15.31,14.42,16.19,14.39,16.72,16.72,16.72,16.72,106.63
2012-03-15,15.42,15.32,16.06,14.58,14.29,14.29,14.29,14.29,108.42
2012-03-16,14.47,14.43,15.24,13.66,13.47,13.47,13.47,13.47,105.78
2012-03-19,15.04,15.42,15.43,14.54,14.62,14.62,14.62,14.62,106.49
2012-03-20,15.58,15.82,15.95,15.11,15.31,15.31,15.31,15.31,109.38
2012-03-21,15.13,14.72,15.31,14.19,15.37,15.37,15.37,15.37,104.65
2012-03-22,15.57,16.04,16.58,15.56,15.9,15.9,15.9,15.9,102.53
2012-03-23,14.82,15.65,16.39,14.69,14.33,14.33,14.33,14.33,98.6
2012-03-26,14.26,14.51,15.03,14.26,14.3,14.3,14.3,14.3,96.08
2012-03-27,15.59,14.52,15.59,14.14,15.43,15.43,15.43,15.43,101.15
2012-03-28,15.47,15.58,17.27,15.4,14.93,14.93,14.93,14.93,102.74
2012-03-29,15.48,16.84,17.2,15.39,14.55,14.55,14.55,14.55,101.94
2012-03-30,15.5,14.88,15.98,14.67,14.2,14.2,14.2,14.2,100.28
2012-04-02,15.64,16.35,16.58,15.02,14.77,14.77,14.77,14.77,100.38
2012-04-03,15.66,15.61,16.65,15.56,14.36,14.36,14.36,14.36,98.37
2012-04-04,16.44,17.07,17.74,16.31,12.92,12.92,12.92,12.92,99.73
2012-04-05,16.7,17.02,17.13,16.29,14.7,14.7,14.7,14.7,99.47
2012-04-09,18.81,18.94,18.94,17.93,17.87,17.87,17.87,17.87,104.59
2012-04-10,20.39,19.1,21.06,18.62,19.84,19.84,19.84,19.84,109.13
2012-04-11,20.02,19.22,20.12,18.73,18.69,18.69,18.69,18.69,111.19
2012-04-12,17.2,19.63,19.74,17.2,15.99,15.99,15.99,15.99,104.27
2012-04-13,19.55,17.95,19.62,17.85,19.07,19.07,19.07,19.07,110.76
2012-04-16,19.55,18.87,20.42,18.6,20.13,20.13,20.13,20.13,110.97
2012-04-17,18.46,18.66,18.66,17.58,18.84,18.84,18.84,18.84,107.01
2012-04-18,18.64,19.02,19.17,17.7,18.85,18.85,18.85,18.85,106.06
2012-04-19,18.36,18.51,19.69,17.69,18.09,18.09,18.09,18.09,103.96
2012-04-20,17.44,17.92,18.05,16.97,16.85,16.85,16.85,16.85,101.08
2012-04-23,18.97,20.22,20.27,18.95,19.1,19.1,19.1,19.1,104.01
2012-04-24,18.1,19.22,19.22,18.09,17.87,17.87,17.87,17.87,99.84
2012-04-25,16.82,17.05,17.38,16.82,16.14,16.14,16.14,16.14,93.28
2012-04-26,16.24,16.97,17.04,15.75,14.7,14.7,14.7,14.7,89.65
2012-04-27,16.32,15.83,16.47,15.83,14.65,14.65,14.65,14.65,88.62
2012-04-30,17.15,17.04,17.41,16.92,16.55,16.55,16.55,16.55,89.32
2012-05-01,16.6,17.27,17.49,16.01,15.63,15.63,15.63,15.63,87.06
2012-05-02,16.88,17.25,17.63,16.78,16.23,16.23,16.23,16.23,86.29
2012-05-03,17.56,16.9,17.92,16.73,16.94,16.94,16.94,16.94,88.35
2012-05-04,19.16,18.03,19.28,17.81,18.42,18.42,18.42,18.42,91.31
2012-05-07,18.94,19.8,19.87,18.41,18.46,18.46,18.46,18.46,90.91
2012-05-08,19.05,19.44,20.91,17.95,19.09,19.09,19.09,19.09,91.33
2012-05-09,20.08,20.65,21.59,19.38,20.24,20.24,20.24,20.24,102.07
2012-05-10,18.83,19.25,19.88,18.77,18.64,18.64,18.64,18.64,98.65
2012-05-11,19.89,19.93,19.94,18.62,20.19,20.19,20.19,20.19,100.12
2012-05-14,21.87,21.47,21.87,20.94,22.56,22.56,22.56,22.56,105.85
2012-05-15,21.97,21.43,22.7,20.76,22.63,22.63,22.63,22.63,109.61
2012-05-16,22.27,21.54,22.69,20.83,22.41,22.41,22.41,22.41,109.22
2012-05-17,24.49,21.99,24.51,21.87,25.44,25.44,25.44,25.44,112.84
2012-05-18,25.1,23.27,25.14,23.07,26.6,26.6,26.6,26.6,117.44
2012-05-21,22.01,24.88,24.88,22.01,21.93,21.93,21.93,21.93,108.5
2012-05-22,22.48,21.76,23.19,19.98,22.03,22.03,22.03,22.03,110.48
2012-05-23,22.33,23.32,24.62,21.99,21.75,21.75,21.75,21.75,107.48
2012-05-24,21.54,22.0,23.22,21.48,19.22,19.22,19.22,19.22,104.52
2012-05-25,21.76,22.05,22.29,21.3,19.21,19.21,19.21,19.21,103.1
2012-05-29,21.03,21.7,22.47,20.99,19.48,19.48,19.48,19.48,100.98
2012-05-30,24.14,22.68,24.14,22.66,23.39,23.39,23.39,23.39,109.73
2012-05-31,24.06,23.83,25.46,22.78,22.41,22.41,22.41,22.41,108.75
2012-06-01,26.66,25.87,26.71,23.94,26.2,26.2,26.2,26.2,111.41
2012-06-04,26.12,26.35,27.73,25.72,24.67,24.67,24.67,24.67,107.04
2012-06-05,24.68,25.9,25.9,24.5,23.17,23.17,23.17,23.17,102.78
2012-06-06,22.16,23.76,23.89,21.8,19.31,19.31,19.31,19.31,97.71
2012-06-07,21.72,21.0,22.48,20.74,19.62,19.62,19.62,19.62,98.36
2012-06-08,21.23,22.54,23.1,20.29,19.85,19.85,19.85,19.85,96.6
2012-06-11,23.56,19.87,23.56,19.63,26.39,26.39,26.39,26.39,105.51
2012-06-12,22.09,23.15,23.9,22.09,24.22,24.22,24.22,24.22,103.22
2012-06-13,24.27,22.93,24.93,22.66,26.19,26.19,26.19,26.19,110.6
2012-06-14,21.68,24.19,24.81,21.55,25.22,25.22,25.22,25.22,107.78
2012-06-15,21.11,22.47,23.09,20.61,24.32,24.32,24.32,24.32,108.23
2012-06-18,18.32,21.76,21.98,18.24,19.17,19.17,19.17,19.17,99.3
2012-06-19,18.38,17.66,18.62,17.36,19.53,19.53,19.53,19.53,98.13
2012-06-20,17.24,17.96,20.05,17.09,17.44,17.44,17.44,17.44,96.41
2012-06-21,20.08,16.89,20.48,16.77,20.92,20.92,20.92,20.92,105.47
2012-06-22,18.11,18.65,19.37,17.9,17.94,17.94,17.94,17.94,104.13
2012-06-25,20.38,20.47,21.36,19.89,20.4,20.4,20.4,20.4,104.46
2012-06-26,19.72,20.01,20.57,19.42,18.74,18.74,18.74,18.74,100.66
2012-06-27,19.45,19.55,20.12,19.38,17.12,17.12,17.12,17.12,98.11
2012-06-28,19.71,20.33,21.19,19.6,18.14,18.14,18.14,18.14,97.21
2012-06-29,17.08,17.52,19.71,16.87,15.01,15.01,15.01,15.01,89.59
2012-07-02,16.8,17.62,18.19,16.66,15.11,15.11,15.11,15.11,85.61
2012-07-03,16.66,16.67,16.92,16.27,14.68,14.68,14.68,14.68,84.59
2012-07-05,17.5,17.61,18.22,17.18,15.78,15.78,15.78,15.78,89.43
2012-07-06,17.1,18.2,18.25,16.95,15.01,15.01,15.01,15.01,90.1
2012-07-09,17.98,18.17,18.32,17.73,17.13,17.13,17.13,17.13,92.85
2012-07-10,18.72,17.51,19.19,17.29,18.1,18.1,18.1,18.1,94.91
2012-07-11,17.95,17.98,19.17,17.84,17.26,17.26,17.26,17.26,96.25
2012-07-12,18.33,18.82,19.51,17.75,18.01,18.01,18.01,18.01,95.22
2012-07-13,16.74,17.78,17.82,16.36,14.7,14.7,14.7,14.7,91.1
2012-07-16,17.11,17.31,17.32,16.46,16.53,16.53,16.53,16.53,94.21
2012-07-17,16.48,16.72,17.46,16.09,15.63,15.63,15.63,15.63,93.49
2012-07-18,16.16,16.81,16.81,15.69,15.0,15.0,15.0,15.0,94.03
2012-07-19,15.45,16.06,16.7,15.45,14.32,14.32,14.32,14.32,93.73
2012-07-20,16.27,16.65,17.05,15.97,15.61,15.61,15.61,15.61,100.61
2012-07-23,18.62,20.41,20.49,18.34,19.02,19.02,19.02,19.02,107.32
2012-07-24,20.47,18.38,21.0,18.37,21.16,21.16,21.16,21.16,111.65
2012-07-25,19.34,19.79,20.67,18.99,19.31,19.31,19.31,19.31,106.53
2012-07-26,17.53,17.68,18.47,17.07,17.8,17.8,17.8,17.8,98.59
2012-07-27,16.7,17.11,17.3,16.52,16.3,16.3,16.3,16.3,93.08
2012-07-30,18.03,17.55,18.08,17.23,18.86,18.86,18.86,18.86,94.74
2012-07-31,18.93,18.4,19.09,18.26,19.86,19.86,19.86,19.86,96.11
2012-08-01,18.96,18.8,19.18,18.2,20.79,20.79,20.79,20.79,94.23
2012-08-02,17.57,19.05,19.25,17.56,16.64,16.64,16.64,16.64,89.63
2012-08-03,15.64,16.05,16.45,15.64,14.2,14.2,14.2,14.2,84.5
2012-08-06,15.95,15.85,16.27,15.82,14.85,14.85,14.85,14.85,84.47
2012-08-07,15.99,15.55,16.03,15.48,14.68,14.68,14.68,14.68,86.87
2012-08-08,15.32,16.46,16.47,15.27,13.52,13.52,13.52,13.52,85.18
2012-08-09,15.28,15.39,15.67,15.28,13.0,13.0,13.0,13.0,83.91
2012-08-10,14.74,15.34,15.5,14.73,12.45,12.45,12.45,12.45,84.83
2012-08-13,13.7,14.09,14.67,13.67,13.15,13.15,13.15,13.15,89.58
2012-08-14,14.85,13.91,15.06,13.91,13.02,13.02,13.02,13.02,94.33
2012-08-15,14.63,14.82,14.98,14.36,12.37,12.37,12.37,12.37,97.95
2012-08-16,14.29,14.88,15.15,14.28,12.35,12.35,12.35,12.35,95.65
2012-08-17,13.45,14.23,14.3,13.3,11.5,11.5,11.5,11.5,95.02
2012-08-20,14.02,14.11,14.78,13.99,12.24,12.24,12.24,12.24,96.64
2012-08-21,15.02,14.1,15.44,14.04,13.21,13.21,13.21,13.21,97.41
2012-08-22,15.11,15.32,15.52,14.75,13.15,13.15,13.15,13.15,99.14
2012-08-23,15.96,15.0,16.45,15.0,13.67,13.67,13.67,13.67,98.4
2012-08-24,15.18,15.99,16.0,15.18,13.1,13.1,13.1,13.1,94.99
2012-08-27,16.35,16.15,16.38,15.75,14.89,14.89,14.89,14.89,94.89
2012-08-28,16.49,16.32,16.92,16.01,15.21,15.21,15.21,15.21,94.43
2012-08-29,17.06,16.61,17.06,16.5,15.29,15.29,15.29,15.29,94.71
2012-08-30,17.83,17.48,18.05,17.44,16.87,16.87,16.87,16.87,96.33
2012-08-31,17.47,17.25,18.04,16.92,15.73,15.73,15.73,15.73,93.3
2012-09-04,17.98,18.65,18.96,17.85,17.43,17.43,17.43,17.43,93.71
2012-09-05,17.74,17.38,17.84,16.99,17.9,17.9,17.9,17.9,90.15
2012-09-06,15.6,17.3,17.3,15.6,14.98,14.98,14.98,14.98,83.65
2012-09-07,14.38,15.6,15.6,14.33,13.25,13.25,13.25,13.25,82.24
2012-09-10,16.28,14.27,16.28,13.97,16.94,16.94,16.94,16.94,92.77
2012-09-11,16.41,16.11,16.41,15.78,16.94,16.94,16.94,16.94,92.39
2012-09-12,15.8,15.59,16.31,15.43,15.95,15.95,15.95,15.95,93.94
2012-09-13,14.05,15.6,16.54,13.91,14.46,14.46,14.46,14.46,87.81
2012-09-14,14.51,13.82,14.71,13.51,14.12,14.12,14.12,14.12,93.04
2012-09-17,14.59,14.67,14.92,14.38,14.1,14.1,14.1,14.1,92.95
2012-09-18,14.18,14.51,14.88,14.17,13.44,13.44,13.44,13.44,90.13
2012-09-19,13.88,13.95,14.08,13.61,13.07,13.07,13.07,13.07,88.61
2012-09-20,14.07,14.63,14.67,14.07,12.89,12.89,12.89,12.89,88.72
2012-09-21,13.98,13.94,14.18,13.69,13.22,13.22,13.22,13.22,87.9
2012-09-24,14.15,15.06,15.06,13.87,13.23,13.23,13.23,13.23,85.88
2012-09-25,15.43,14.19,15.72,14.03,14.8,14.8,14.8,14.8,92.79
2012-09-26,16.81,15.83,17.08,15.83,16.44,16.44,16.44,16.44,95.05
2012-09-27,14.84,16.38,16.5,14.83,14.05,14.05,14.05,14.05,88.24
2012-09-28,15.73,15.23,15.77,14.95,15.24,15.24,15.24,15.24,90.49
2012-10-01,16.32,16.03,16.53,15.13,15.63,15.63,15.63,15.63,92.51
2012-10-02,15.71,15.85,16.5,15.7,14.56,14.56,14.56,14.56,90.25
2012-10-03,15.43,15.63,16.02,15.13,14.11,14.11,14.11,14.11,87.56
2012-10-04,14.55,15.23,15.33,14.53,13.43,13.43,13.43,13.43,83.51
2012-10-05,14.33,13.68,14.78,13.67,12.23,12.23,12.23,12.23,83.1
2012-10-08,15.11,15.19,15.46,15.04,14.17,14.17,14.17,14.17,85.85
2012-10-09,16.37,15.28,16.4,15.18,15.98,15.98,15.98,15.98,88.53
2012-10-10,16.29,16.52,16.79,16.13,15.93,15.93,15.93,15.93,94.36
2012-10-11,15.59,15.33,15.8,15.31,14.47,14.47,14.47,14.47,90.74
2012-10-12,16.14,15.41,16.18,14.96,15.49,15.49,15.49,15.49,91.87
2012-10-15,15.27,16.05,16.21,15.23,14.32,14.32,14.32,14.32,92.92
2012-10-16,15.22,14.84,15.23,14.5,13.57,13.57,13.57,13.57,90.31
2012-10-17,15.07,15.43,15.63,14.9,13.22,13.22,13.22,13.22,85.6
2012-10-18,15.03,15.25,15.5,14.68,13.65,13.65,13.65,13.65,86.51
2012-10-19,17.06,14.91,17.6,14.9,17.64,17.64,17.64,17.64,92.63
2012-10-22,16.62,17.44,17.98,16.62,16.78,16.78,16.78,16.78,92.48
2012-10-23,18.83,18.23,19.65,18.17,20.61,20.61,20.61,20.61,99.66
2012-10-24,18.33,18.22,18.67,17.93,18.94,18.94,18.94,18.94,96.39
2012-10-25,18.12,17.56,18.64,17.3,18.27,18.27,18.27,18.27,91.86
2012-10-26,17.81,18.03,18.64,17.52,16.8,16.8,16.8,16.8,89.43
2012-10-31,18.6,17.68,18.84,17.56,19.15,19.15,19.15,19.15,90.23
2012-11-01,16.69,17.77,17.79,16.45,17.35,17.35,17.35,17.35,81.7
2012-11-02,17.59,16.06,17.6,16.05,18.51,18.51,18.51,18.51,87.84
2012-11-05,18.42,18.33,18.7,18.13,20.45,20.45,20.45,20.45,90.75
2012-11-06,17.58,18.16,18.17,17.19,19.3,19.3,19.3,19.3,87.56
2012-11-07,19.08,17.72,19.4,17.62,19.87,19.87,19.87,19.87,94.75
2012-11-08,18.49,18.69,18.69,17.96,18.18,18.18,18.18,18.18,93.39
2012-11-09,18.61,18.8,18.81,17.67,18.5,18.5,18.5,18.5,94.02
2012-11-12,16.68,18.15,18.15,16.45,16.27,16.27,16.27,16.27,90.54
2012-11-13,16.65,17.36,17.38,16.12,16.25,16.25,16.25,16.25,87.84
2012-11-14,17.92,16.32,18.05,15.93,18.67,18.67,18.67,18.67,94.66
2012-11-15,17.99,17.74,18.64,17.62,18.93,18.93,18.93,18.93,94.54
2012-11-16,16.41,17.65,18.5,16.41,17.06,17.06,17.06,17.06,90.27
2012-11-19,15.24,15.88,15.98,15.1,15.57,15.57,15.57,15.57,88.43
2012-11-20,15.08,15.11,15.65,15.06,15.24,15.24,15.24,15.24,85.93
2012-11-21,15.31,14.96,15.43,14.77,15.33,15.33,15.33,15.33,85.85
2012-11-23,15.14,15.0,15.26,15.0,15.25,15.25,15.25,15.25,82.86
2012-11-26,15.5,15.63,15.84,15.47,16.01,16.01,16.01,16.01,82.45
2012-11-27,15.92,15.3,15.93,15.01,16.12,16.12,16.12,16.12,84.17
2012-11-28,15.51,16.43,16.98,15.47,15.72,15.72,15.72,15.72,80.39
2012-11-29,15.06,15.21,15.51,15.02,15.2,15.2,15.2,15.2,78.42
2012-11-30,15.87,15.26,16.17,14.89,15.81,15.81,15.81,15.81,78.59
2012-12-03,16.64,15.81,16.69,15.76,17.1,17.1,17.1,17.1,84.07
2012-12-04,17.12,16.66,17.37,16.38,17.19,17.19,17.19,17.19,86.18
2012-12-05,16.46,16.95,17.53,16.27,15.98,15.98,15.98,15.98,82.98
2012-12-06,16.58,16.59,16.85,16.31,15.95,15.95,15.95,15.95,84.15
2012-12-07,15.9,16.12,16.65,15.73,15.25,15.25,15.25,15.25,80.74
2012-12-10,16.05,16.47,16.47,15.96,15.16,15.16,15.16,15.16,81.56
2012-12-11,15.57,15.94,16.01,15.42,15.21,15.21,15.21,15.21,78.7
2012-12-12,15.95,15.6,16.09,15.41,15.26,15.26,15.26,15.26,83.02
2012-12-13,16.56,15.87,16.67,15.71,15.77,15.77,15.77,15.77,86.74
2012-12-14,17.0,16.68,17.15,16.61,16.49,16.49,16.49,16.49,86.39
2012-12-17,16.34,17.2,17.2,16.21,16.57,16.57,16.57,16.57,82.1
2012-12-18,15.57,16.39,16.43,15.46,16.22,16.22,16.22,16.22,79.36
2012-12-19,17.36,16.05,17.46,16.04,18.47,18.47,18.47,18.47,83.33
2012-12-20,17.67,17.26,17.96,17.11,19.04,19.04,19.04,19.04,83.06
2012-12-21,17.84,19.85,19.93,17.76,18.2,18.2,18.2,18.2,87.7
2012-12-24,17.84,18.46,18.66,17.84,20.12,20.12,20.12,20.12,89.27
2012-12-26,19.48,18.71,19.63,18.61,21.48,21.48,21.48,21.48,92.17
2012-12-27,19.47,19.39,20.9,19.11,21.68,21.68,21.68,21.68,90.89
2012-12-28,22.72,20.32,23.23,19.94,26.93,26.93,26.93,26.93,104.72
2012-12-31,18.02,22.14,22.72,17.88,20.27,20.27,20.27,20.27,92.5
2013-01-02,14.68,15.24,15.93,14.6,12.94,12.94,12.94,12.94,78.77
2013-01-03,14.56,14.77,14.92,14.24,13.3,13.3,13.3,13.3,77.02
2013-01-04,13.83,14.23,14.31,13.64,11.62,11.62,11.62,11.62,75.18
2013-01-07,13.79,14.53,14.53,13.71,11.99,11.99,11.99,11.99,76.77
2013-01-08,13.62,13.88,14.29,13.62,11.76,11.76,11.76,11.76,78.37
2013-01-09,13.81,13.32,13.93,13.22,11.6,11.6,11.6,11.6,78.51
2013-01-10,13.49,13.33,13.88,13.33,11.17,11.17,11.17,11.17,77.49
2013-01-11,13.36,13.55,13.79,13.22,11.22,11.22,11.22,11.22,78.52
2013-01-14,13.52,13.66,13.85,13.41,12.15,12.15,12.15,12.15,78.28
2013-01-15,13.55,13.97,13.99,13.33,12.05,12.05,12.05,12.05,77.84
2013-01-16,13.42,13.7,13.76,13.2,11.83,11.83,11.83,11.83,77.26
2013-01-17,13.57,13.45,13.7,13.16,12.39,12.39,12.39,12.39,78.77
2013-01-18,12.46,13.52,13.53,12.29,10.9,10.9,10.9,10.9,73.43
2013-01-22,12.43,13.28,13.32,12.43,11.21,11.21,11.21,11.21,73.87
2013-01-23,12.46,12.67,12.67,12.3,11.04,11.04,11.04,11.04,71.86
2013-01-24,12.69,12.73,13.5,12.4,11.12,11.12,11.12,11.12,76.17
2013-01-25,12.89,12.63,12.99,12.5,11.63,11.63,11.63,11.63,76.92
2013-01-28,13.57,13.29,13.91,13.29,13.01,13.01,13.01,13.01,78.16
2013-01-29,13.31,13.87,13.88,13.04,13.16,13.16,13.16,13.16,73.61
2013-01-30,14.32,13.64,14.33,13.6,14.24,14.24,14.24,14.24,77.34
2013-01-31,14.28,14.43,14.43,14.04,14.03,14.03,14.03,14.03,76.72
2013-02-01,12.9,13.37,13.38,12.72,10.85,10.85,10.85,10.85,73.29
2013-02-04,14.67,14.0,14.75,13.8,14.25,14.25,14.25,14.25,77.79
2013-02-05,13.72,14.21,14.21,13.39,12.78,12.78,12.78,12.78,75.07
2013-02-06,13.41,14.06,14.08,13.34,12.04,12.04,12.04,12.04,77.24
2013-02-07,13.5,13.47,14.41,13.43,12.03,12.03,12.03,12.03,76.86
2013-02-08,13.02,13.2,13.2,12.89,11.38,11.38,11.38,11.38,74.42
2013-02-11,12.94,13.37,13.42,12.91,11.86,11.86,11.86,11.86,76.1
2013-02-12,12.64,12.82,13.13,12.63,11.05,11.05,11.05,11.05,73.83
2013-02-13,12.98,12.88,13.19,12.67,11.09,11.09,11.09,11.09,73.25
2013-02-14,12.66,13.3,13.32,12.64,10.81,10.81,10.81,10.81,72.99
2013-02-15,12.46,12.47,12.89,12.24,10.79,10.79,10.79,10.79,72.55
2013-02-19,12.31,12.81,12.85,12.08,11.43,11.43,11.43,11.43,70.45
2013-02-20,14.68,12.32,14.68,12.32,15.36,15.36,15.36,15.36,79.65
2013-02-21,15.22,14.68,16.21,14.67,16.01,16.01,16.01,16.01,80.83
2013-02-22,14.17,14.6,15.02,14.16,14.58,14.58,14.58,14.58,78.66
2013-02-25,18.99,13.69,19.28,13.57,21.87,21.87,21.87,21.87,94.34
2013-02-26,16.87,17.5,18.23,16.75,18.11,18.11,18.11,18.11,90.23
2013-02-27,14.73,16.57,16.6,14.42,14.91,14.91,14.91,14.91,82.29
2013-02-28,15.51,15.0,15.6,14.16,15.99,15.99,15.99,15.99,86.57
2013-03-01,15.36,16.1,16.82,15.14,14.55,14.55,14.55,14.55,87.83
2013-03-04,14.01,16.16,16.16,14.01,12.93,12.93,12.93,12.93,82.27
2013-03-05,13.48,13.44,13.66,13.24,12.54,12.54,12.54,12.54,79.32
2013-03-06,13.53,13.18,13.77,13.17,12.22,12.22,12.22,12.22,78.78
2013-03-07,13.06,13.45,13.56,13.03,11.69,11.69,11.69,11.69,77.16
2013-03-08,12.59,12.67,13.3,12.49,10.77,10.77,10.77,10.77,76.65
2013-03-11,11.56,12.31,12.34,11.5,11.25,11.25,11.25,11.25,77.32
2013-03-12,12.27,11.79,12.93,11.74,12.48,12.48,12.48,12.48,79.99
2013-03-13,11.83,12.18,12.55,11.79,11.42,11.42,11.42,11.42,84.36
2013-03-14,11.3,11.7,11.75,11.05,11.08,11.08,11.08,11.08,83.5
2013-03-15,11.3,11.52,11.99,11.21,10.5,10.5,10.5,10.5,85.72
2013-03-18,13.36,13.47,13.64,12.57,13.46,13.46,13.46,13.46,93.07
2013-03-19,14.39,13.03,15.4,12.92,14.84,14.84,14.84,14.84,94.39
2013-03-20,12.67,13.18,13.18,12.3,13.65,13.65,13.65,13.65,89.45
2013-03-21,13.99,13.07,14.21,12.62,16.01,16.01,16.01,16.01,93.98
2013-03-22,13.57,13.34,13.85,13.19,15.23,15.23,15.23,15.23,91.78
2013-03-25,13.74,12.85,14.61,12.39,14.22,14.22,14.22,14.22,88.86
2013-03-26,12.77,12.95,13.21,12.69,11.75,11.75,11.75,11.75,85.14
2013-03-27,13.15,13.72,13.97,12.97,12.29,12.29,12.29,12.29,85.32
2013-03-28,12.7,12.91,13.07,12.54,11.03,11.03,11.03,11.03,83.2
2013-04-01,13.58,13.46,14.05,13.26,12.97,12.97,12.97,12.97,84.23
2013-04-02,12.78,13.11,13.18,12.76,11.62,11.62,11.62,11.62,80.49
2013-04-03,14.21,12.65,14.66,12.62,14.3,14.3,14.3,14.3,85.23
2013-04-04,13.89,14.1,14.79,13.89,13.62,13.62,13.62,13.62,83.12
2013-04-05,13.92,15.64,15.65,13.86,13.59,13.59,13.59,13.59,84.49
2013-04-08,13.19,14.04,14.5,13.19,13.15,13.15,13.15,13.15,82.12
2013-04-09,12.84,13.11,13.68,12.75,12.42,12.42,12.42,12.42,82.04
2013-04-10,12.36,12.66,12.88,12.32,11.47,11.47,11.47,11.47,82.75
2013-04-11,12.24,12.55,12.62,12.15,11.05,11.05,11.05,11.05,83.37
2013-04-12,12.06,12.61,13.12,11.99,11.37,11.37,11.37,11.37,82.39
2013-04-15,17.27,13.12,17.27,12.66,20.67,20.67,20.67,20.67,104.62
2013-04-16,13.96,14.72,14.87,13.91,14.41,14.41,14.41,14.41,88.19
2013-04-17,16.51,15.35,17.9,14.98,18.77,18.77,18.77,18.77,105.26
2013-04-18,17.56,16.34,18.2,16.32,19.3,19.3,19.3,19.3,107.65
2013-04-19,14.97,16.67,16.98,14.87,15.25,15.25,15.25,15.25,95.52
2013-04-22,14.39,15.08,16.0,14.04,14.85,14.85,14.85,14.85,90.91
2013-04-23,13.48,13.81,14.87,13.46,13.09,13.09,13.09,13.09,85.16
2013-04-24,13.61,13.57,13.75,13.36,13.32,13.32,13.32,13.32,84.99
2013-04-25,13.62,13.61,13.87,13.13,13.0,13.0,13.0,13.0,85.89
2013-04-26,13.61,13.94,14.18,13.49,12.85,12.85,12.85,12.85,85.09
2013-04-29,13.71,13.72,13.94,13.36,13.5,13.5,13.5,13.5,84.42
2013-04-30,13.52,13.71,14.28,13.51,13.37,13.37,13.37,13.37,83.46
2013-05-01,14.49,13.88,14.67,13.87,15.03,15.03,15.03,15.03,88.11
2013-05-02,13.59,14.48,14.48,13.58,13.03,13.03,13.03,13.03,83.82
2013-05-03,12.85,12.92,13.15,12.77,11.68,11.68,11.68,11.68,80.91
2013-05-06,12.66,13.06,13.19,12.66,11.64,11.64,11.64,11.64,79.78
2013-05-07,12.83,12.63,12.96,12.49,11.73,11.73,11.73,11.73,78.86
2013-05-08,12.66,12.87,13.04,12.62,11.27,11.27,11.27,11.27,79.81
2013-05-09,13.13,12.91,13.53,12.78,11.97,11.97,11.97,11.97,81.14
2013-05-10,12.59,13.08,13.45,12.54,11.15,11.15,11.15,11.15,80.45
2013-05-13,12.55,12.57,12.87,12.49,13.08,13.08,13.08,13.08,
2013-05-14,12.77,12.61,13.21,12.54,13.33,13.33,13.33,13.33,80.45
2013-05-15,12.81,12.98,13.43,12.78,13.63,13.63,13.63,13.63,83.15
2013-05-16,13.07,13.07,13.46,12.79,13.27,13.27,13.27,13.27,84.5
2013-05-17,12.45,12.73,12.94,12.26,12.6,12.6,12.6,12.6,84.0
2013-05-20,13.02,13.28,13.28,12.84,13.14,13.14,13.14,13.14,85.01
2013-05-21,13.37,13.08,13.44,12.89,13.56,13.56,13.56,13.56,88.04
2013-05-22,13.82,13.45,14.45,13.05,14.05,14.05,14.05,14.05,88.23
2013-05-23,14.07,14.94,15.11,13.87,14.07,14.07,14.07,14.07,87.4
2013-05-24,13.99,14.59,14.79,13.99,13.19,13.19,13.19,13.19,83.88
2013-05-28,14.48,13.67,14.56,13.56,15.6,15.6,15.6,15.6,82.65
2013-05-29,14.83,15.3,15.65,14.59,15.76,15.76,15.76,15.76,81.72
2013-05-30,14.53,14.9,14.98,14.27,14.69,14.69,14.69,14.69,80.22
2013-05-31,16.3,15.02,16.35,14.36,16.7,16.7,16.7,16.7,84.87
2013-06-03,16.28,16.4,17.58,16.15,17.24,17.24,17.24,17.24,86.99
2013-06-04,16.27,16.16,17.25,15.82,16.89,16.89,16.89,16.89,87.39
2013-06-05,17.5,16.86,17.84,16.57,18.54,18.54,18.54,18.54,93.18
2013-06-06,16.63,17.7,18.51,16.6,17.25,17.25,17.25,17.25,91.91
2013-06-07,15.14,15.9,16.21,14.96,14.21,14.21,14.21,14.21,84.19
2013-06-10,15.44,15.16,15.6,15.1,15.16,15.16,15.16,15.16,82.94
2013-06-11,17.07,16.91,17.14,16.0,17.47,17.47,17.47,17.47,92.32
2013-06-12,18.59,16.51,18.6,16.43,19.1,19.1,19.1,19.1,101.77
2013-06-13,16.41,18.38,18.58,16.37,15.62,15.62,15.62,15.62,95.08
2013-06-14,17.15,16.63,17.26,16.03,16.9,16.9,16.9,16.9,93.87
2013-06-17,16.8,16.53,17.62,16.33,17.24,17.24,17.24,17.24,90.45
2013-06-18,16.61,16.81,16.95,16.46,17.62,17.62,17.62,17.62,89.99
2013-06-19,16.64,16.89,17.18,15.36,17.62,17.62,17.62,17.62,88.59
2013-06-20,20.49,18.4,21.32,18.01,23.4,23.4,23.4,23.4,100.98
2013-06-21,18.9,18.97,20.93,18.25,20.56,20.56,20.56,20.56,96.1
2013-06-24,20.11,20.87,21.91,18.58,22.32,22.32,22.32,22.32,100.93
2013-06-25,18.47,18.65,19.22,17.82,18.98,18.98,18.98,18.98,94.83
2013-06-26,17.21,17.23,18.06,17.08,17.02,17.02,17.02,17.02,90.76
2013-06-27,16.86,16.6,16.97,16.34,16.1,16.1,16.1,16.1,86.05
2013-06-28,16.86,17.25,17.69,16.19,15.98,15.98,15.98,15.98,86.54
2013-07-01,16.37,16.9,16.9,16.0,16.07,16.07,16.07,16.07,84.89
2013-07-02,16.44,16.49,16.93,15.88,15.56,15.56,15.56,15.56,83.7
2013-07-03,16.2,17.22,17.32,16.2,15.94,15.94,15.94,15.94,82.72
2013-07-05,14.89,15.59,16.28,14.89,13.08,13.08,13.08,13.08,77.41
2013-07-08,14.78,14.66,15.27,14.66,14.22,14.22,14.22,14.22,75.49
2013-07-09,14.35,14.33,14.65,14.26,13.45,13.45,13.45,13.45,75.92
2013-07-10,14.21,14.46,14.62,14.06,13.51,13.51,13.51,13.51,79.54
2013-07-11,14.01,13.57,14.2,13.57,13.04,13.04,13.04,13.04,77.16
2013-07-12,13.84,13.9,14.04,13.74,12.33,12.33,12.33,12.33,76.14
2013-07-15,13.79,13.98,14.11,13.5,13.05,13.05,13.05,13.05,76.22
2013-07-16,14.42,13.78,14.56,13.78,13.62,13.62,13.62,13.62,80.84
2013-07-17,13.78,14.2,14.44,13.76,12.57,12.57,12.57,12.57,77.06
2013-07-18,13.77,13.63,13.8,13.2,12.48,12.48,12.48,12.48,74.68
2013-07-19,12.54,13.89,13.97,12.54,11.61,11.61,11.61,11.61,73.64
2013-07-22,12.29,13.23,13.37,12.29,11.79,11.79,11.79,11.79,72.49
2013-07-23,12.66,12.15,13.06,12.07,12.58,12.58,12.58,12.58,75.05
2013-07-24,13.18,12.69,13.49,12.69,13.13,13.13,13.13,13.13,76.8
2013-07-25,12.97,13.47,13.54,12.91,12.82,12.82,12.82,12.82,76.74
2013-07-26,12.72,13.41,13.73,12.71,11.97,11.97,11.97,11.97,76.54
2013-07-29,13.39,13.54,13.86,13.38,13.23,13.23,13.23,13.23,76.65
2013-07-30,13.39,13.45,14.14,13.35,13.53,13.53,13.53,13.53,74.35
2013-07-31,13.45,13.55,13.83,12.94,13.33,13.33,13.33,13.33,73.08
2013-08-01,12.94,12.89,13.25,12.82,12.25,12.25,12.25,12.25,71.1
2013-08-02,11.98,12.66,12.74,11.98,10.2,10.2,10.2,10.2,70.36
2013-08-05,11.84,12.29,12.42,11.83,10.61,10.61,10.61,10.61,69.74
2013-08-06,12.72,12.19,12.93,12.06,11.8,11.8,11.8,11.8,75.53
2013-08-07,12.98,13.17,13.91,12.96,11.95,11.95,11.95,11.95,76.57
2013-08-08,12.73,12.5,13.13,12.37,11.52,11.52,11.52,11.52,75.41
2013-08-09,13.41,12.88,13.66,12.71,13.23,13.23,13.23,13.23,77.33
2013-08-12,12.81,13.52,13.57,12.8,13.68,13.68,13.68,13.68,78.77
2013-08-13,12.31,12.86,13.37,12.29,12.67,12.67,12.67,12.67,78.94
2013-08-14,13.04,12.48,13.09,12.35,13.28,13.28,13.28,13.28,80.22
2013-08-15,14.73,14.14,14.85,13.91,16.43,16.43,16.43,16.43,86.21
2013-08-16,14.37,14.56,14.88,13.62,15.71,15.71,15.71,15.71,84.09
2013-08-19,15.1,14.94,15.2,14.35,15.49,15.49,15.49,15.49,86.91
2013-08-20,14.91,15.22,15.25,14.29,14.27,14.27,14.27,14.27,89.08
2013-08-21,15.94,16.0,16.56,14.67,15.21,15.21,15.21,15.21,90.38
2013-08-22,14.76,15.26,15.26,14.66,12.99,12.99,12.99,12.99,84.52
2013-08-23,13.98,14.29,14.82,13.98,11.82,11.82,11.82,11.82,80.02
2013-08-26,14.99,14.37,15.01,13.9,13.93,13.93,13.93,13.93,83.06
2013-08-27,16.77,16.56,17.13,15.82,16.04,16.04,16.04,16.04,92.36
2013-08-28,16.49,16.96,17.11,16.1,15.47,15.47,15.47,15.47,91.46
2013-08-29,16.81,16.79,16.98,15.99,15.41,15.41,15.41,15.41,91.49
2013-08-30,17.01,16.75,17.81,16.7,15.87,15.87,15.87,15.87,92.6
2013-09-03,16.61,16.47,17.37,16.11,15.97,15.97,15.97,15.97,90.66
2013-09-04,15.88,16.88,17.01,15.77,14.28,14.28,14.28,14.28,88.28
2013-09-05,15.77,16.12,16.12,15.63,14.38,14.38,14.38,14.38,85.8
2013-09-06,15.85,15.35,16.81,15.17,14.57,14.57,14.57,14.57,86.51
2013-09-09,15.63,15.86,16.02,15.22,15.01,15.01,15.01,15.01,83.46
2013-09-10,14.53,14.89,15.09,14.5,13.35,13.35,13.35,13.35,79.25
2013-09-11,13.82,14.74,14.74,13.82,12.31,12.31,12.31,12.31,78.4
2013-09-12,14.29,13.93,14.39,13.73,13.03,13.03,13.03,13.03,80.97
2013-09-13,14.16,14.27,14.55,14.11,12.6,12.6,12.6,12.6,79.73
2013-09-16,14.38,14.1,14.49,13.87,14.04,14.04,14.04,14.04,80.09
2013-09-17,14.53,14.44,14.61,14.28,14.49,14.49,14.49,14.49,79.49
2013-09-18,13.59,14.68,14.68,13.23,13.4,13.4,13.4,13.4,74.65
2013-09-19,13.16,13.02,13.39,13.02,12.03,12.03,12.03,12.03,73.22
2013-09-20,13.12,13.3,13.47,12.52,12.42,12.42,12.42,12.42,76.89
2013-09-23,14.31,14.04,14.71,14.02,13.97,13.97,13.97,13.97,77.56
2013-09-24,14.08,14.17,14.37,13.75,13.75,13.75,13.75,13.75,74.78
2013-09-25,14.01,14.24,14.62,13.89,13.79,13.79,13.79,13.79,73.08
2013-09-26,14.06,13.8,14.4,13.58,14.12,14.12,14.12,14.12,69.96
2013-09-27,15.46,14.62,15.79,14.62,16.22,16.22,16.22,16.22,74.93
2013-09-30,16.6,17.49,17.49,16.16,17.73,17.73,17.73,17.73,81.67
2013-10-01,15.54,16.31,16.46,15.47,14.67,14.67,14.67,14.67,76.43
2013-10-02,16.6,16.4,16.81,16.13,15.81,15.81,15.81,15.81,85.73
2013-10-03,17.67,16.63,18.71,16.63,17.58,17.58,17.58,17.58,93.79
2013-10-04,16.74,17.72,17.87,16.66,16.62,16.62,16.62,16.62,88.71
2013-10-07,19.41,18.76,19.41,18.08,20.18,20.95,20.95,20.18,103.08
2013-10-08,20.34,19.01,21.01,18.98,21.87,21.87,21.87,21.87,106.55
2013-10-09,19.6,20.19,21.34,19.04,20.39,20.39,20.39,20.39,111.43
2013-10-10,16.48,17.66,17.92,16.29,17.34,17.34,17.34,17.34,95.31
2013-10-11,15.72,16.31,16.38,15.46,16.8,16.8,16.8,16.8,90.85
2013-10-14,16.07,17.08,17.74,15.8,19.1,19.1,19.1,19.1,91.8
2013-10-15,18.66,16.41,18.67,16.16,23.54,23.54,23.54,23.54,103.37
2013-10-16,14.71,17.14,17.15,14.67,16.18,16.18,16.18,16.18,85.7
2013-10-17,13.48,14.52,14.59,12.89,12.93,12.93,12.93,12.93,72.7
2013-10-18,13.04,12.86,13.53,12.34,12.91,12.91,12.91,12.91,73.42
2013-10-21,13.16,13.34,13.63,13.07,12.79,12.79,12.79,12.79,75.02
2013-10-22,13.33,12.99,13.92,12.93,12.73,12.73,12.73,12.73,74.13
2013-10-23,13.42,13.71,14.21,13.42,12.37,12.37,12.37,12.37,72.43
2013-10-24,13.2,13.5,13.62,13.15,11.95,11.95,11.95,11.95,70.84
2013-10-25,13.09,13.16,13.44,13.08,11.59,11.59,11.59,11.59,70.03
2013-10-28,13.31,13.62,13.72,13.22,12.03,12.03,12.03,12.03,70.16
2013-10-29,13.41,13.25,13.63,13.06,12.57,12.57,12.57,12.57,68.52
2013-10-30,13.65,13.72,21.26,13.64,12.98,12.98,12.98,12.98,69.56
2013-10-31,13.75,13.83,14.02,13.28,12.62,12.62,12.62,12.62,69.44
2013-11-01,13.28,13.46,13.92,13.22,12.1,12.1,12.1,12.1,68.94
2013-11-04,12.93,13.35,13.67,12.91,11.81,11.81,11.81,11.81,67.09
2013-11-05,13.27,13.22,13.64,12.86,12.14,12.14,12.14,12.14,67.41
2013-11-06,12.67,13.01,13.33,12.67,11.61,11.61,11.61,11.61,67.41
2013-11-07,13.91,12.99,14.14,12.93,13.19,13.19,13.19,13.19,71.74
2013-11-08,12.9,13.76,13.8,12.84,11.97,11.97,11.97,11.97,69.39
2013-11-11,12.53,12.85,12.93,12.4,12.63,12.63,12.63,12.63,69.39
2013-11-12,12.82,12.8,13.06,12.63,13.02,13.02,13.02,13.02,69.39
2013-11-13,12.52,13.35,13.35,12.46,12.75,12.75,12.75,12.75,71.37
2013-11-14,12.37,12.8,12.94,12.28,11.69,11.69,11.69,11.69,71.91
2013-11-15,12.19,12.12,12.45,11.99,11.16,11.16,11.16,11.16,73.58
2013-11-18,13.1,12.41,13.22,12.41,11.8,11.61,12.51,11.01,75.06
2013-11-19,13.39,13.03,13.68,12.88,11.87,11.9,12.65,11.69,74.45
2013-11-20,13.4,13.56,13.94,12.97,12.03,11.76,12.35,9.75,69.05
2013-11-21,12.66,13.09,13.09,12.44,10.71,11.98,11.98,10.71,64.95
2013-11-22,12.26,12.69,12.91,12.24,10.34,10.7,11.0,10.27,63.77
2013-11-25,12.79,12.55,12.92,12.49,11.52,11.67,11.97,11.19,64.88
2013-11-26,12.81,12.84,12.99,12.49,11.55,11.36,11.94,11.13,65.14
2013-11-27,12.98,12.81,12.98,12.44,11.66,11.35,11.92,11.04,64.81
2013-11-29,13.7,13.06,13.78,12.93,13.59,11.79,13.59,11.79,64.81
2013-12-02,14.23,13.91,14.31,13.78,14.3,13.99,14.65,13.61,69.59
2013-12-03,14.55,14.74,15.04,14.43,14.68,15.07,15.68,14.43,73.21
2013-12-04,14.7,15.03,15.71,14.22,14.71,15.24,16.72,13.99,72.73
2013-12-05,15.08,14.82,15.38,14.7,15.42,15.22,16.07,14.79,75.8
2013-12-06,13.79,13.97,14.09,13.62,12.7,13.32,13.33,12.69,70.45
2013-12-09,13.49,13.97,14.07,13.49,13.52,14.16,14.26,13.5,70.45
2013-12-10,13.91,14.14,14.22,13.69,14.65,14.2,14.87,14.01,70.45
2013-12-11,15.42,13.98,15.43,13.98,17.36,14.87,17.37,14.86,80.55
2013-12-12,15.54,15.44,16.09,15.21,16.61,17.43,17.81,16.24,83.38
2013-12-13,15.76,15.17,15.8,15.06,17.23,16.0,17.26,15.78,85.39
2013-12-16,16.03,15.64,16.08,15.3,17.12,17.15,17.33,16.75,83.2
2013-12-17,16.21,16.04,16.67,15.81,17.06,17.0,17.65,16.36,82.23
2013-12-18,13.8,15.95,16.75,13.74,12.95,17.03,17.94,12.64,67.17
2013-12-19,14.15,13.59,14.21,12.89,12.78,11.97,12.89,11.35,67.03
2013-12-20,13.79,13.61,13.87,13.12,12.73,11.35,12.91,11.16,68.0
2013-12-23,13.04,13.37,13.53,13.02,12.23,12.73,12.96,11.92,63.49
2013-12-24,12.48,12.85,12.89,12.48,11.11,11.6,11.78,11.11,63.49
2013-12-26,12.33,12.48,12.5,11.69,10.92,11.49,11.67,10.6,62.71
2013-12-27,12.46,12.21,12.59,12.2,11.48,11.12,12.2,11.12,66.67
2013-12-30,13.56,12.87,13.58,12.83,12.99,12.51,13.23,12.5,69.71
2013-12-31,13.72,13.43,14.35,13.38,13.75,12.89,14.67,12.74,70.83
2014-01-02,14.23,14.32,14.59,14.0,13.83,14.52,14.87,13.82,73.14
2014-01-03,13.76,14.06,14.22,13.57,12.17,13.59,13.63,12.17,70.03
2014-01-06,13.55,13.41,14.0,13.22,12.51,12.46,13.53,12.04,68.33
2014-01-07,12.92,12.38,13.28,12.16,11.57,12.66,12.71,11.39,68.33
2014-01-08,12.87,13.04,13.24,12.86,11.62,11.95,12.08,11.59,68.33
2014-01-09,12.89,12.83,13.26,12.83,11.75,11.67,12.27,11.55,68.33
2014-01-10,12.14,12.6,12.9,12.14,9.97,10.95,11.55,9.97,67.74
2014-01-13,13.28,12.18,13.65,11.82,13.09,11.36,13.76,10.97,75.71
2014-01-14,12.28,12.89,12.9,11.96,11.31,12.62,12.62,11.11,69.31
2014-01-15,12.28,12.15,12.4,11.81,10.64,10.86,11.16,10.47,69.56
2014-01-16,12.53,12.32,12.66,12.28,11.09,11.05,11.49,10.82,73.98
2014-01-17,12.44,12.34,12.93,12.04,11.46,10.9,11.76,10.5,75.72
2014-01-21,12.87,12.63,13.42,12.61,12.46,12.03,13.54,12.03,77.78
2014-01-22,12.84,12.57,13.12,12.55,12.3,12.23,12.96,12.11,74.46
2014-01-23,13.77,13.67,14.66,13.67,14.21,13.51,15.67,13.51,78.25
2014-01-24,18.14,14.95,18.14,14.92,20.84,15.93,21.17,15.83,97.71
2014-01-27,17.42,17.29,18.99,16.85,19.04,19.96,21.85,18.42,93.5
2014-01-28,15.8,17.27,17.28,15.8,17.29,18.98,18.98,17.05,83.96
2014-01-29,17.35,17.95,18.04,16.71,19.4,20.76,21.06,17.57,92.47
2014-01-30,17.29,16.37,17.39,15.96,17.95,17.7,18.37,16.31,92.35
2014-01-31,18.41,18.71,18.99,17.27,19.32,20.02,20.11,17.73,99.66
2014-02-03,21.44,18.57,21.48,18.34,23.95,20.39,24.23,18.91,106.78
2014-02-04,19.11,19.99,20.07,18.44,20.37,21.78,21.91,19.36,100.4
2014-02-05,19.95,19.59,20.72,19.13,21.3,21.23,22.97,20.35,102.87
2014-02-06,17.23,19.09,19.09,17.09,18.67,20.14,20.14,18.03,92.58
2014-02-07,15.29,16.15,16.31,15.09,14.51,16.18,16.54,14.36,83.17
2014-02-10,15.26,15.63,15.76,15.1,14.22,15.11,15.31,13.77,79.89
2014-02-11,14.51,15.29,15.29,14.08,13.04,14.29,14.29,12.45,78.64
2014-02-12,14.3,14.31,14.64,14.02,12.67,12.86,13.38,12.41,79.56
2014-02-13,14.14,15.24,15.24,13.98,12.06,14.27,14.27,11.96,78.41
2014-02-14,13.57,14.21,14.22,13.44,10.84,12.14,12.14,10.76,77.49
2014-02-18,13.87,13.95,14.51,13.77,12.18,12.74,13.3,12.07,75.82
2014-02-19,15.5,14.85,15.73,14.12,13.9,12.69,14.07,12.15,86.23
2014-02-20,14.79,15.28,15.8,14.59,13.25,13.68,14.36,13.12,79.83
2014-02-21,14.68,14.74,14.79,14.19,13.04,13.08,13.39,12.6,78.96
2014-02-24,14.23,14.83,14.83,13.97,13.55,14.32,14.32,13.24,77.84
2014-02-25,13.67,14.17,14.83,13.66,12.86,13.34,14.44,12.81,76.46
2014-02-26,14.35,13.83,14.54,13.73,13.27,12.93,13.84,12.49,79.42
2014-02-27,14.04,14.56,14.69,13.92,12.42,13.44,13.76,12.42,78.94
2014-02-28,14.0,14.22,14.79,13.49,13.03,12.74,14.21,12.11,81.45
2014-03-03,16.0,16.47,16.78,15.38,16.21,17.12,17.74,15.27,92.84
2014-03-04,14.1,14.53,14.54,14.0,13.22,13.56,13.69,12.84,82.14
2014-03-05,13.89,14.13,14.32,13.81,12.49,13.18,13.52,12.49,80.52
2014-03-06,14.21,13.82,14.42,13.73,13.08,12.49,13.32,12.49,79.55
2014-03-07,14.11,13.51,14.43,13.51,12.74,12.09,13.72,12.09,83.07
2014-03-10,14.2,14.76,15.28,14.2,13.14,14.57,15.03,13.11,82.35
2014-03-11,14.8,14.22,14.93,13.84,14.13,13.4,14.57,12.77,85.12
2014-03-12,14.47,15.37,15.64,14.43,13.85,15.35,15.76,13.84,83.45
2014-03-13,16.22,14.28,16.66,14.24,17.21,13.79,18.16,13.65,92.14
2014-03-14,17.82,16.74,18.22,16.09,20.64,18.3,21.44,17.2,97.11
2014-03-17,15.64,16.39,16.4,15.37,15.87,18.34,18.34,15.87,87.79
2014-03-18,14.52,15.42,15.47,14.16,14.23,15.35,15.54,13.5,81.89
2014-03-19,15.12,14.56,15.95,13.89,15.0,14.26,16.36,11.79,81.35
2014-03-20,14.52,15.58,15.62,14.5,14.22,15.29,15.64,14.15,77.03
2014-03-21,15.0,13.96,15.17,13.77,14.7,12.92,15.12,12.65,78.64
2014-03-24,15.09,14.7,16.07,14.56,15.3,14.88,17.44,14.72,77.29
2014-03-25,14.02,14.16,15.05,13.96,13.87,13.94,15.4,13.24,74.77
2014-03-26,14.93,13.64,15.28,13.46,15.56,13.23,15.76,13.1,76.27
2014-03-27,14.62,15.0,15.63,14.49,15.17,15.33,16.46,14.87,74.71
2014-03-28,14.41,14.15,14.86,13.73,14.41,14.28,15.31,13.6,74.86
2014-03-31,13.88,13.88,14.16,13.57,13.75,14.09,14.33,13.27,72.2
2014-04-01,13.1,13.43,13.56,13.06,12.29,13.09,13.34,12.24,67.51
2014-04-02,13.09,13.17,13.35,12.92,12.13,12.39,12.63,11.88,67.33
2014-04-03,13.37,13.02,13.7,13.02,12.53,12.07,12.78,11.91,67.73
2014-04-04,13.96,12.88,14.55,12.6,13.18,11.63,14.33,11.31,69.53
2014-04-07,15.57,14.96,16.01,14.57,16.08,15.21,17.12,14.58,74.51
2014-04-08,14.89,15.59,16.2,14.81,14.51,16.16,17.03,14.37,71.43
2014-04-09,13.82,14.58,14.94,13.7,12.69,14.47,15.07,12.48,69.19
2014-04-10,15.89,13.98,16.38,13.81,16.5,13.15,17.36,12.73,78.56
2014-04-11,17.03,16.66,17.85,15.89,17.64,17.97,18.74,16.27,83.94
2014-04-14,16.11,16.14,17.4,16.1,16.0,16.44,17.91,15.95,82.2
2014-04-15,15.61,16.14,17.5,15.47,15.03,16.05,18.31,15.03,80.67
2014-04-16,14.18,14.89,15.27,14.05,13.52,14.07,15.2,13.3,72.08
2014-04-17,13.36,14.09,14.17,13.07,11.68,13.3,13.55,11.3,70.08
2014-04-21,13.25,14.1,14.11,13.17,12.99,14.03,14.14,12.94,68.62
2014-04-22,13.19,13.13,13.26,12.9,12.51,12.81,13.11,12.44,66.74
2014-04-23,13.27,13.35,13.75,13.27,12.67,12.69,13.41,12.61,66.22
2014-04-24,13.32,13.36,14.08,13.09,13.27,12.76,14.16,12.76,68.75
2014-04-25,14.06,13.93,14.67,13.91,13.94,14.07,15.44,13.42,70.49
2014-04-28,13.97,14.27,15.28,13.82,14.08,14.33,16.48,13.87,67.63
2014-04-29,13.71,13.88,14.24,13.61,13.63,13.89,14.64,13.39,65.47
2014-04-30,13.41,14.05,14.18,13.34,12.73,14.1,14.37,12.63,64.49
2014-05-01,13.25,13.64,13.75,13.1,12.58,12.88,13.08,11.93,64.5
2014-05-02,12.91,13.15,13.5,12.83,11.23,12.32,12.66,11.19,64.54
2014-05-05,13.29,13.95,14.2,13.08,12.25,13.42,13.78,11.93,64.4
2014-05-06,13.8,13.65,13.9,13.28,13.19,12.83,13.23,12.13,64.93
2014-05-07,13.4,13.64,14.49,13.39,12.82,12.7,14.39,12.53,62.64
2014-05-08,13.43,13.69,13.88,12.92,12.51,13.03,13.26,12.01,62.16
2014-05-09,12.92,13.55,14.03,12.87,11.17,12.61,13.34,11.06,61.76
2014-05-12,12.23,12.46,12.58,11.88,11.2,11.61,11.87,10.98,61.76
2014-05-13,12.13,12.36,12.74,12.05,10.75,11.35,11.41,10.5,61.76
2014-05-14,12.17,12.42,12.51,12.03,11.16,10.88,11.51,10.44,69.03
2014-05-15,13.17,12.73,13.77,12.72,13.35,11.38,14.09,11.38,71.6
2014-05-16,12.44,13.31,13.66,12.26,11.0,12.62,13.78,10.95,68.72
2014-05-19,12.42,13.17,13.21,12.28,11.01,12.5,12.61,10.96,67.58
2014-05-20,12.96,12.69,13.3,12.32,12.21,11.24,12.73,10.91,68.77
2014-05-21,11.91,12.38,12.46,11.8,10.47,11.18,11.42,10.43,66.56
2014-05-22,12.03,11.93,12.09,11.68,10.27,10.39,10.86,9.97,68.06
2014-05-23,11.36,11.96,11.97,11.36,9.49,10.42,10.55,9.47,66.86
2014-05-27,11.51,11.69,11.84,11.5,10.65,10.95,11.43,10.56,64.95
2014-05-28,11.68,11.6,11.86,11.5,10.58,10.81,11.2,10.46,67.37
2014-05-29,11.57,11.58,11.82,11.41,10.31,10.45,10.9,10.31,66.93
2014-05-30,11.4,11.66,11.7,11.32,9.73,10.43,10.58,9.72,67.95
2014-06-02,11.58,11.69,12.17,11.29,10.47,10.57,11.34,9.91,68.76
2014-06-03,11.87,12.03,12.13,11.72,11.01,10.82,11.13,10.16,68.19
2014-06-04,12.08,12.15,12.33,11.91,11.59,11.29,11.74,11.13,67.67
2014-06-05,11.68,12.09,12.34,11.44,10.88,11.52,11.85,10.38,65.47
2014-06-06,10.73,11.32,11.39,10.73,9.25,9.94,10.15,9.25,67.08
2014-06-09,11.15,11.23,11.51,10.99,9.77,10.48,10.54,9.75,70.88
2014-06-10,10.99,11.3,11.66,10.93,9.52,10.22,10.45,9.46,70.5
2014-06-11,11.6,11.42,11.87,11.19,10.45,10.23,10.6,9.84,74.21
2014-06-12,12.56,11.81,12.81,11.71,11.99,10.63,12.51,10.5,79.97
2014-06-13,12.18,12.45,12.69,11.89,11.48,11.9,12.23,11.39,79.81
2014-06-16,12.65,12.65,12.87,12.28,12.54,12.98,13.15,12.09,81.5
2014-06-17,12.06,12.81,12.89,12.06,12.68,12.78,12.93,12.05,78.41
2014-06-18,10.61,11.8,11.91,10.57,10.55,12.86,12.9,10.5,71.76
2014-06-19,10.62,10.53,10.82,10.42,10.07,10.18,10.41,9.5,73.41
2014-06-20,10.85,10.4,11.02,10.34,10.33,9.82,10.53,9.69,73.33
2014-06-23,10.98,11.26,11.35,10.92,10.27,11.38,11.62,9.03,72.58
2014-06-24,12.13,11.02,12.27,10.87,12.01,10.37,12.63,9.51,75.24
2014-06-25,11.59,12.31,12.33,11.37,11.11,12.68,12.7,10.79,72.31
2014-06-26,11.63,11.51,12.51,11.5,11.26,11.04,12.79,11.0,72.86
2014-06-27,11.26,11.72,12.04,11.19,10.65,11.31,11.67,10.56,72.72
2014-06-30,11.57,11.75,11.81,11.3,11.17,11.32,11.67,10.69,71.56
2014-07-01,11.15,11.28,11.42,10.92,10.05,10.6,10.7,9.89,69.28
2014-07-02,10.82,11.18,11.18,10.56,9.42,10.01,10.17,9.25,68.15
2014-07-03,10.32,10.47,10.76,10.28,8.54,8.52,9.4,8.44,68.35
2014-07-07,11.33,11.15,11.54,11.01,10.47,9.56,10.64,9.56,71.66
2014-07-08,11.98,11.72,12.51,11.72,11.64,10.85,12.63,10.5,73.21
2014-07-09,11.65,11.74,12.05,11.5,10.48,11.21,11.64,10.45,76.28
2014-07-10,12.59,13.22,13.23,12.05,12.08,13.53,13.58,11.54,82.14
2014-07-11,12.08,12.5,12.68,12.07,11.15,11.91,12.39,11.09,79.91
2014-07-14,11.82,11.6,11.83,11.4,10.62,11.02,11.26,10.48,77.29
2014-07-15,11.96,11.53,12.47,11.46,11.08,10.42,11.96,10.26,78.92
2014-07-16,11.0,10.81,11.45,10.59,10.26,9.97,10.79,9.81,75.81
2014-07-17,14.54,11.35,15.38,10.85,16.23,11.07,17.47,9.49,89.96
2014-07-18,12.06,13.34,13.55,12.04,12.05,13.5,14.12,11.99,80.37
2014-07-21,12.81,12.85,13.62,12.46,12.95,13.9,14.65,12.7,81.41
2014-07-22,12.24,11.97,12.24,11.69,11.54,11.49,11.79,11.19,75.22
2014-07-23,11.52,11.54,12.16,11.41,10.83,10.99,11.73,10.76,76.64
2014-07-24,11.84,11.43,12.06,11.43,10.88,10.49,11.28,10.49,77.66
2014-07-25,12.69,12.03,12.75,12.03,11.84,11.17,12.31,11.17,81.08
2014-07-28,12.56,12.93,13.64,12.54,12.02,12.98,14.22,11.78,81.21
2014-07-29,13.28,12.35,13.35,12.12,13.47,11.58,13.65,10.96,81.72
2014-07-30,13.33,12.63,14.07,12.53,13.29,12.38,14.97,12.26,83.58
2014-07-31,16.95,14.35,17.11,14.26,19.59,15.1,19.99,14.83,97.42
2014-08-01,17.03,16.67,17.57,15.52,19.01,18.9,20.06,16.95,101.11
2014-08-04,15.12,16.64,16.8,14.69,14.87,18.08,18.4,14.15,93.12
2014-08-05,16.87,15.54,17.14,15.1,17.18,15.72,18.0,14.74,98.32
2014-08-06,16.37,17.22,17.3,15.7,16.25,17.88,17.94,15.31,96.38
2014-08-07,16.66,15.5,17.25,15.44,16.76,15.26,18.18,14.94,97.4
2014-08-08,15.77,16.43,17.09,15.53,15.39,17.09,17.57,15.31,91.84
2014-08-11,14.23,15.16,15.16,13.72,14.84,15.69,15.71,13.95,87.54
2014-08-12,14.13,14.42,14.74,13.76,14.49,15.2,15.44,14.35,85.98
2014-08-13,12.9,13.57,13.93,12.84,12.63,13.33,13.84,12.51,81.27
2014-08-14,12.42,13.05,13.13,12.42,12.29,12.31,12.74,11.77,78.48
2014-08-15,13.15,11.91,14.94,11.89,14.34,11.56,17.06,11.55,82.2
2014-08-18,12.32,12.85,12.85,12.26,12.07,13.6,13.69,11.86,81.02
2014-08-19,12.21,12.14,12.46,11.91,11.0,11.58,11.97,10.9,80.84
2014-08-20,11.78,12.23,12.24,11.6,10.8,11.2,11.31,10.32,79.9
2014-08-21,11.76,11.93,13.51,11.52,10.94,11.04,11.4,10.77,79.61
2014-08-22,11.47,11.88,12.48,11.47,10.08,11.01,12.2,10.08,79.58
2014-08-25,11.7,11.58,11.77,11.24,10.42,10.26,10.74,10.1,79.33
2014-08-26,11.63,11.33,11.93,11.33,10.14,10.3,10.51,9.85,79.39
2014-08-27,11.78,11.69,11.93,11.54,9.89,9.99,10.45,9.81,78.85
2014-08-28,12.05,12.38,12.73,12.05,10.34,10.81,11.46,10.27,80.53
2014-08-29,11.98,11.86,12.44,11.78,10.0,10.23,11.11,9.89,81.11
2014-09-02,12.25,12.32,13.41,12.23,10.32,10.8,11.43,10.2,82.41
2014-09-03,12.36,12.03,12.55,11.91,10.83,9.85,11.03,9.85,80.77
2014-09-04,12.64,12.4,12.99,11.7,11.8,10.87,12.31,10.22,79.99
2014-09-05,12.09,12.37,13.18,11.96,10.27,11.2,12.2,10.26,77.33
2014-09-08,12.66,12.64,13.09,12.4,12.05,12.42,12.55,11.66,77.84
2014-09-09,13.5,12.7,13.91,12.7,13.33,12.72,14.08,12.21,79.3
2014-09-10,12.88,13.36,14.06,12.86,12.74,13.94,14.64,12.71,82.12
2014-09-11,12.8,13.53,13.67,12.66,12.07,14.15,14.16,12.05,83.1
2014-09-12,13.31,12.85,14.27,12.85,13.28,12.15,15.09,12.15,89.25
2014-09-15,14.12,13.54,14.19,13.54,15.27,14.58,15.71,14.56,91.58
2014-09-16,12.73,14.48,14.53,12.72,13.21,16.25,16.29,13.12,84.52
2014-09-17,12.65,13.06,14.53,11.73,11.81,13.1,14.04,10.62,81.52
2014-09-18,12.03,12.55,12.58,11.98,11.05,11.32,11.52,10.85,77.47
2014-09-19,12.11,11.73,12.61,11.52,10.41,10.09,11.56,10.02,77.7
2014-09-22,13.69,13.14,13.98,13.13,13.46,12.39,14.15,12.39,87.41
2014-09-23,14.93,14.82,14.94,13.83,15.6,15.06,15.7,13.59,91.9
2014-09-24,13.27,14.62,14.93,13.24,12.89,14.83,15.64,12.56,86.21
2014-09-25,15.64,14.11,16.69,14.03,15.94,13.62,17.85,13.57,96.72
2014-09-26,14.85,15.77,15.98,14.31,15.04,15.82,16.46,13.46,90.63
2014-09-29,15.98,16.96,17.08,15.45,16.11,19.24,19.4,15.62,95.02
2014-09-30,16.31,15.49,16.43,15.18,16.76,15.86,17.36,14.96,92.47
2014-10-01,16.71,16.44,17.56,16.08,16.72,16.92,18.67,16.16,98.12
2014-10-02,16.16,16.7,17.98,15.9,15.93,16.91,18.64,15.73,93.75
2014-10-03,14.55,15.16,15.43,14.44,13.86,14.43,15.04,13.81,87.77
2014-10-06,15.46,14.46,15.77,14.05,15.31,14.12,16.14,13.99,88.73
2014-10-07,17.2,16.18,17.46,15.97,16.9,16.39,17.85,15.84,99.2
2014-10-08,15.11,17.35,18.03,14.97,14.59,17.93,18.62,14.57,89.08
2014-10-09,18.76,15.64,19.38,15.34,21.62,15.5,22.55,15.12,102.13
2014-10-10,21.24,19.11,22.06,18.14,21.95,20.43,23.04,18.65,113.38
2014-10-13,24.64,21.16,24.64,20.52,27.22,23.29,27.25,21.41,131.57
2014-10-14,22.79,23.77,24.55,21.48,24.61,26.16,26.93,23.15,120.61
2014-10-15,26.25,26.36,31.06,24.64,31.12,30.18,39.62,26.95,129.01
2014-10-16,25.2,29.26,29.41,24.61,30.48,35.6,35.63,29.27,121.94
2014-10-17,21.99,21.68,23.08,20.23,23.81,25.29,26.98,22.37,118.84
2014-10-20,18.57,22.11,22.16,18.51,19.45,25.82,25.96,19.38,108.83
2014-10-21,16.08,17.72,17.75,16.03,16.38,18.13,18.3,16.38,104.09
2014-10-22,17.87,16.06,18.43,15.56,18.36,16.57,19.49,15.88,108.82
2014-10-23,16.53,16.07,17.06,15.68,16.12,15.77,17.72,15.29,102.05
2014-10-24,16.11,16.43,18.06,16.09,14.76,16.52,17.88,14.76,104.38
2014-10-27,16.04,17.24,17.87,16.0,16.09,17.93,18.54,16.01,100.75
2014-10-28,14.39,15.69,15.78,14.39,14.39,15.97,16.02,14.39,95.89
2014-10-29,15.15,14.61,16.28,14.19,14.9,15.0,17.06,14.23,99.34
2014-10-30,14.52,15.31,15.75,14.07,14.0,15.12,15.7,11.56,98.52
2014-10-31,14.03,13.84,14.83,13.72,13.8,13.8,15.02,13.64,94.1
2014-11-03,14.73,14.41,14.99,14.23,14.77,14.55,15.36,14.31,93.19
2014-11-04,14.89,15.05,15.93,14.83,14.81,15.02,15.97,14.73,92.44
2014-11-05,14.17,14.15,14.99,14.15,13.35,13.9,14.55,13.28,87.08
2014-11-06,13.67,14.46,15.08,13.67,12.65,13.71,14.45,12.65,83.42
2014-11-07,13.12,13.71,14.16,13.01,11.13,12.54,13.16,11.09,80.44
2014-11-10,12.67,13.16,13.25,12.38,11.32,11.65,13.03,11.32,79.7
2014-11-11,12.92,12.71,13.18,12.6,11.54,11.77,12.06,11.29,79.79
2014-11-12,13.02,13.76,13.76,12.99,11.39,13.14,16.44,11.38,83.1
2014-11-13,13.79,13.33,14.31,12.87,11.97,11.8,12.81,11.13,86.29
2014-11-14,13.31,13.79,14.15,13.31,11.35,11.72,12.88,11.3,85.58
2014-11-17,13.99,14.7,14.73,13.84,11.42,12.79,12.84,11.4,84.79
2014-11-18,13.86,13.86,13.99,13.13,11.49,11.2,11.51,10.43,82.6
2014-11-19,13.96,14.01,14.78,13.83,11.42,11.46,12.37,10.78,81.06
2014-11-20,13.58,14.66,15.74,13.58,10.91,12.15,12.19,10.78,79.14
2014-11-21,12.9,13.16,13.8,12.9,10.45,10.81,11.59,10.42,79.34
2014-11-24,12.62,12.92,13.02,12.43,11.15,11.56,11.85,11.0,79.25
2014-11-25,12.25,12.55,13.02,12.23,10.81,11.11,11.84,10.8,77.93
2014-11-26,12.07,12.27,12.4,11.91,11.12,11.0,11.57,10.82,77.04
2014-11-28,13.33,12.64,13.49,12.36,12.98,11.81,13.48,11.5,79.84
2014-12-01,14.29,14.16,14.75,13.94,14.63,14.34,15.39,14.04,86.84
2014-12-02,12.85,14.1,14.17,12.85,12.57,14.2,14.24,12.56,83.47
2014-12-03,12.47,12.75,12.88,12.21,12.16,12.53,12.69,11.87,86.45
2014-12-04,12.38,12.7,13.23,12.09,11.88,12.3,13.1,11.69,85.17
2014-12-05,11.82,12.08,12.28,11.53,10.7,11.53,12.62,10.32,85.41
2014-12-08,14.21,13.05,14.67,12.55,15.47,13.16,17.84,11.74,94.45
2014-12-09,14.89,16.23,16.68,14.84,15.27,18.93,20.62,15.15,97.13
2014-12-10,18.53,15.56,18.92,15.4,21.71,15.9,27.23,15.9,117.32
2014-12-11,20.08,17.68,20.13,15.94,22.08,20.1,22.08,16.93,132.4
2014-12-12,21.08,20.51,23.06,18.34,23.82,23.28,26.12,19.88,138.6
2014-12-15,20.42,19.59,24.83,17.77,21.16,21.16,25.47,20.23,128.22
2014-12-16,23.57,23.55,25.2,19.6,24.25,23.22,24.45,18.54,132.94
2014-12-17,19.44,23.9,24.61,19.26,18.04,23.8,24.56,17.7,114.37
2014-12-18,16.81,17.14,18.51,16.07,14.46,15.94,16.34,14.06,107.24
2014-12-19,16.49,16.57,17.2,16.11,13.77,14.23,14.57,13.02,99.17
2014-12-22,15.25,16.32,16.88,15.03,12.7,14.34,14.64,12.47,99.69
2014-12-23,14.8,14.47,15.21,14.32,11.1,11.87,12.43,10.93,94.73
2014-12-24,14.37,14.52,14.54,14.01,10.35,10.92,11.01,9.94,95.29
2014-12-26,14.5,14.6,14.84,14.13,12.09,11.45,12.54,11.12,92.28
2014-12-29,15.06,16.04,16.14,15.06,12.79,14.72,14.84,12.47,94.86
2014-12-30,15.92,15.9,16.2,15.48,13.86,13.98,14.28,13.18,97.84
2014-12-31,19.2,15.91,19.91,15.86,18.95,13.65,20.12,13.62,113.08
2015-01-02,17.79,17.76,20.14,17.05,16.47,16.85,20.19,16.01,112.55
2015-01-05,19.92,19.19,21.29,19.19,19.45,19.34,21.71,19.26,121.87
2015-01-06,21.12,20.33,22.9,19.52,20.53,19.88,22.96,18.62,118.45
2015-01-07,19.31,20.15,20.72,19.04,17.59,18.59,19.58,17.52,107.69
2015-01-08,17.01,17.93,18.09,16.99,15.04,15.97,16.37,15.04,98.44
2015-01-09,17.55,16.44,18.42,16.44,15.2,13.89,17.26,13.89,103.77
2015-01-12,19.6,18.02,20.44,18.02,18.2,16.86,20.1,16.81,109.04
2015-01-13,20.56,18.21,21.58,17.65,19.63,16.45,21.18,15.65,109.22
2015-01-14,21.48,22.87,23.34,21.32,21.23,23.55,23.77,21.2,113.5
2015-01-15,22.39,21.23,23.31,20.86,23.73,21.69,25.23,21.2,117.07
2015-01-16,20.95,22.8,23.43,20.95,21.48,23.98,24.91,21.48,111.32
2015-01-20,19.89,20.07,21.37,19.58,21.94,22.56,24.84,21.87,108.4
2015-01-21,18.85,20.92,21.28,18.64,20.36,22.62,23.39,20.19,98.62
2015-01-22,16.4,17.98,19.23,16.07,15.58,19.0,20.77,15.2,93.25
2015-01-23,16.66,16.79,17.09,15.81,16.08,16.34,16.89,14.47,96.33
2015-01-26,15.52,16.96,17.43,15.52,14.89,17.47,18.2,14.89,91.94
2015-01-27,17.22,17.6,18.41,16.67,17.56,18.22,19.12,16.39,96.11
2015-01-28,20.44,16.97,20.44,16.92,21.78,17.11,27.85,17.0,108.68
2015-01-29,18.76,20.46,21.56,18.66,18.78,21.59,22.97,18.78,100.7
2015-01-30,20.97,20.23,22.18,19.24,21.17,20.69,22.76,19.54,108.99
2015-02-02,19.43,20.89,22.81,19.35,19.39,21.47,24.12,19.14,106.74
2015-02-03,17.33,18.41,18.89,17.2,16.54,18.17,18.9,16.45,101.03
2015-02-04,18.33,17.82,18.38,16.82,17.48,17.22,17.49,15.41,103.74
2015-02-05,16.85,17.29,17.43,16.67,15.31,16.28,16.48,15.31,98.56
2015-02-06,17.29,16.29,18.74,16.06,14.93,14.69,16.97,13.79,101.69
2015-02-09,18.55,19.16,19.28,18.21,16.88,18.13,18.14,16.37,104.19
2015-02-10,17.23,17.72,18.36,16.97,15.2,15.62,16.54,14.66,97.33
2015-02-11,16.96,17.43,17.81,16.82,14.28,15.19,15.87,14.28,98.73
2015-02-12,15.34,16.39,16.47,15.28,12.36,13.36,13.93,12.36,93.24
2015-02-13,14.69,15.11,15.64,14.69,11.76,12.61,12.8,11.76,92.74
2015-02-17,15.8,15.86,16.33,15.53,13.55,14.11,14.86,12.95,92.95
2015-02-18,15.45,16.74,16.74,15.44,12.4,14.18,14.25,12.39,89.38
2015-02-19,15.29,16.11,16.22,15.1,12.34,13.18,13.47,12.2,87.6
2015-02-20,14.3,15.73,16.29,14.27,11.74,13.01,13.66,11.74,85.78
2015-02-23,14.56,15.05,15.48,14.49,12.16,13.43,13.68,12.15,86.13
2015-02-24,13.69,14.5,14.63,13.53,10.94,12.2,12.54,10.6,82.65
2015-02-25,13.84,13.64,14.06,12.86,11.64,11.1,12.18,10.44,86.57
2015-02-26,13.91,13.55,14.57,13.55,11.38,11.56,12.37,11.18,86.93
2015-02-27,13.34,14.07,14.17,13.29,10.6,11.67,11.88,10.6,85.23
2015-03-02,13.04,13.9,13.9,12.87,10.85,11.86,11.9,10.71,81.84
2015-03-03,13.86,13.35,14.69,13.25,11.81,11.35,12.99,11.21,85.05
2015-03-04,14.23,14.31,15.33,14.13,12.28,12.54,14.02,12.12,84.1
2015-03-05,14.04,14.01,14.58,13.88,12.16,12.24,12.87,11.97,81.26
2015-03-06,15.2,14.61,15.83,14.18,14.31,13.16,15.16,12.64,86.88
2015-03-09,15.06,15.72,15.76,14.71,14.2,15.64,15.64,13.95,85.55
2015-03-10,16.69,16.47,16.91,16.03,16.72,16.34,16.95,15.62,91.89
2015-03-11,16.87,16.44,17.19,16.29,16.78,16.39,17.13,16.12,97.28
2015-03-12,15.42,16.45,16.45,15.3,15.04,16.28,16.28,14.95,89.48
2015-03-13,16.0,15.47,16.74,15.32,15.25,14.93,16.9,14.92,93.12
2015-03-16,15.61,15.78,15.89,15.36,16.15,15.78,16.3,15.53,90.54
2015-03-17,15.66,16.31,16.37,15.66,16.72,16.95,17.48,16.22,88.25
2015-03-18,13.97,14.6,16.29,13.38,13.85,17.74,18.4,13.36,81.22
2015-03-19,14.07,14.68,14.97,13.84,12.89,14.16,14.58,12.66,81.61
2015-03-20,13.02,13.52,13.53,12.54,10.73,12.2,12.21,10.55,80.49
2015-03-23,13.41,13.52,13.53,12.89,12.03,12.0,12.03,11.33,79.98
2015-03-24,13.62,13.36,13.68,12.59,12.24,11.99,12.37,10.67,80.04
2015-03-25,15.44,13.26,15.55,13.2,15.28,12.13,15.43,12.05,83.52
2015-03-26,15.8,16.64,17.19,15.23,15.92,17.04,18.01,15.43,87.03
2015-03-27,15.07,15.73,15.83,14.19,14.69,15.89,16.04,14.64,86.5
2015-03-30,14.51,14.76,14.76,14.08,14.31,14.98,14.98,14.01,82.16
2015-03-31,15.29,14.97,15.74,14.33,15.5,15.31,15.89,13.51,84.01
2015-04-01,15.11,15.32,16.66,15.08,14.29,15.22,17.26,14.18,82.82
2015-04-02,14.67,15.3,15.51,14.27,13.91,14.54,14.75,13.11,80.21
2015-04-06,14.74,15.75,15.76,14.04,14.16,15.99,16.06,13.68,80.3
2015-04-07,14.78,14.57,14.81,14.01,13.9,13.88,14.05,12.96,79.7
2015-04-08,13.98,14.59,14.77,13.75,12.8,13.81,14.02,12.8,84.76
2015-04-09,13.09,14.14,14.59,13.09,11.41,13.04,13.56,11.41,80.71
2015-04-10,12.58,13.2,13.26,12.51,9.91,11.5,11.56,9.91,78.91
2015-04-13,13.94,13.17,14.31,12.71,12.49,11.28,12.79,10.95,83.8
2015-04-14,13.67,14.34,14.74,13.64,11.72,12.6,13.44,11.64,81.91
2015-04-15,12.84,13.58,13.58,12.83,10.59,11.56,11.59,10.51,79.83
2015-04-16,12.6,13.27,13.35,12.5,10.74,11.21,11.65,10.45,79.78
2015-04-17,13.89,13.97,15.02,13.73,12.91,12.6,14.44,12.21,85.97
2015-04-20,13.3,13.67,13.67,12.83,12.62,13.2,13.2,11.83,81.48
2015-04-21,13.25,12.75,13.51,12.66,12.58,11.99,12.96,11.9,81.29
2015-04-22,12.71,12.97,13.8,12.57,11.83,12.3,13.5,11.8,79.7
2015-04-23,12.48,12.96,12.96,12.12,11.84,12.49,12.49,11.28,78.17
2015-04-24,12.29,12.21,13.02,12.16,10.86,11.52,12.11,10.83,76.43
2015-04-27,13.12,12.34,13.4,12.33,12.72,11.75,13.07,11.75,81.22
2015-04-28,12.41,13.26,14.23,12.41,11.87,12.9,14.19,11.81,77.68
2015-04-29,13.39,13.44,14.34,12.61,13.26,13.54,14.99,12.49,82.27
2015-04-30,14.55,13.89,15.29,12.49,15.06,13.87,16.07,12.94,87.08
2015-05-01,12.7,13.98,13.98,12.68,11.77,13.98,14.09,11.75,79.64
2015-05-04,12.85,13.12,13.18,12.1,12.01,12.84,13.37,11.9,78.56
2015-05-05,14.31,13.21,14.41,12.97,14.64,12.74,14.75,12.04,84.45
2015-05-06,15.15,13.93,16.36,13.89,16.05,14.11,17.8,14.01,90.8
2015-05-07,15.13,15.48,15.97,14.81,15.59,16.48,17.09,15.27,89.21
2015-05-08,12.86,13.36,13.42,12.7,11.32,12.54,12.54,11.13,79.44
2015-05-11,13.85,13.35,13.85,13.0,13.41,12.82,13.41,12.11,83.11
2015-05-12,13.86,14.73,15.13,13.73,13.82,14.93,15.67,13.41,84.64
2015-05-13,13.76,13.63,14.04,13.06,13.49,13.28,14.06,12.43,84.45
2015-05-14,12.74,13.14,13.29,12.72,11.59,12.41,12.74,11.48,82.34
2015-05-15,12.38,12.46,13.09,12.35,10.77,11.12,12.11,10.68,80.93
2015-05-18,12.73,13.08,13.22,12.55,11.01,11.74,11.99,10.7,82.06
2015-05-19,12.85,12.95,13.13,12.55,11.15,11.22,11.74,10.49,77.53
2015-05-20,12.88,12.9,13.27,12.62,10.48,11.17,11.65,10.24,77.03
2015-05-21,12.11,13.03,13.09,12.09,9.95,11.04,11.05,9.8,73.18
2015-05-22,12.13,12.37,12.37,11.82,9.6,10.44,10.51,9.46,75.98
2015-05-26,14.06,13.45,14.63,13.34,13.32,12.47,14.27,12.13,81.94
2015-05-27,13.27,14.16,14.41,13.05,11.93,13.51,13.86,11.62,77.79
2015-05-28,13.31,13.49,13.99,13.31,12.23,12.39,13.63,12.22,77.35
2015-05-29,13.84,13.59,14.43,13.4,13.67,12.73,14.42,12.65,79.07
2015-06-01,13.97,13.92,14.86,13.47,13.85,14.05,15.66,12.96,78.89
2015-06-02,14.24,14.72,15.05,13.59,13.99,14.74,15.54,12.89,80.61
2015-06-03,13.66,13.73,14.2,13.4,12.7,13.04,13.9,12.34,79.27
2015-06-04,14.71,14.57,15.49,13.99,15.02,14.65,16.28,13.61,87.99
2015-06-05,14.21,15.01,15.65,14.21,13.7,15.24,16.29,13.68,84.1
2015-06-08,15.29,14.84,15.5,14.67,15.89,15.78,16.24,15.39,86.5
2015-06-09,14.47,15.18,15.74,14.47,15.05,15.93,16.39,14.77,84.34
2015-06-10,13.22,14.24,14.37,12.96,13.32,14.69,14.8,12.92,81.6
2015-06-11,12.85,13.04,13.22,12.56,12.38,12.96,13.04,12.14,79.53
2015-06-12,13.78,13.31,14.02,13.3,14.16,13.05,14.36,13.01,85.55
2015-06-15,15.39,15.48,15.57,14.91,16.68,17.09,17.47,16.08,96.12
2015-06-16,14.81,15.62,15.62,14.81,16.29,16.97,17.19,16.26,95.96
2015-06-17,14.5,14.66,15.49,14.07,15.22,16.06,17.27,14.26,93.19
2015-06-18,13.19,14.03,14.03,12.54,13.11,14.33,14.33,12.37,89.2
2015-06-19,13.96,13.35,14.0,12.96,14.32,13.03,14.32,12.67,92.16
2015-06-22,12.74,13.42,13.46,12.43,13.15,14.33,14.33,12.53,83.87
2015-06-23,12.11,12.5,12.68,11.93,12.17,12.64,12.95,11.9,78.85
2015-06-24,13.26,12.57,13.33,12.01,14.81,12.95,14.81,12.1,82.53
2015-06-25,14.01,12.96,14.16,12.92,15.13,13.75,15.34,13.67,83.51
2015-06-26,14.02,14.13,14.91,13.64,15.49,15.26,16.81,14.43,83.09
2015-06-29,18.85,16.7,19.5,15.82,22.56,19.34,23.54,17.78,117.0
2015-06-30,18.23,17.6,19.8,17.49,20.93,20.84,23.31,20.44,110.17
2015-07-01,16.09,16.63,17.26,15.65,17.23,18.93,19.2,17.17,97.6
2015-07-02,16.79,15.43,17.48,15.39,17.97,16.19,18.9,16.15,105.14
2015-07-06,17.01,18.65,18.95,16.57,16.65,20.0,20.07,16.65,105.97
2015-07-07,16.09,17.22,19.2,15.93,15.91,17.06,19.68,15.57,99.35
2015-07-08,19.66,17.38,19.76,16.94,20.96,17.66,21.64,17.57,111.67
2015-07-09,19.97,17.46,20.05,17.2,22.06,18.12,22.06,17.9,115.36
2015-07-10,16.83,17.45,18.17,16.6,17.24,18.33,19.11,17.11,101.19
2015-07-13,13.9,15.29,15.36,13.82,13.32,15.62,15.63,13.23,85.95
2015-07-14,13.37,13.91,13.95,12.9,12.18,13.15,13.28,11.46,87.35
2015-07-15,13.23,13.35,13.97,12.81,12.4,12.26,13.51,11.04,90.81
2015-07-16,12.11,12.59,12.61,11.87,10.35,10.91,10.93,10.01,87.12
2015-07-17,11.95,11.77,12.22,11.77,9.72,10.02,10.32,9.58,85.32
2015-07-20,12.25,12.25,12.37,11.71,11.1,10.75,11.35,10.04,84.38
2015-07-21,12.22,12.42,12.79,12.21,11.32,11.23,12.01,11.0,82.56
2015-07-22,12.12,12.77,12.83,12.05,11.2,12.01,12.07,11.18,78.89
2015-07-23,12.64,12.06,13.08,11.73,11.95,11.29,12.84,11.0,81.44
2015-07-24,13.74,12.87,14.73,12.86,13.05,12.04,15.55,12.04,88.36
2015-07-27,15.6,15.6,16.27,15.03,16.61,16.53,17.74,15.66,97.32
2015-07-28,13.44,14.87,15.62,13.32,13.62,15.66,16.59,13.46,84.77
2015-07-29,12.5,13.57,13.59,11.85,12.18,14.06,14.12,11.8,82.94
2015-07-30,12.13,12.72,13.42,12.09,11.06,12.62,13.75,11.06,80.65
2015-07-31,12.12,12.03,12.63,11.82,10.67,10.94,11.83,10.49,81.77
2015-08-03,12.56,12.85,13.55,12.32,12.12,12.19,13.75,11.61,79.43
2015-08-04,13.0,12.66,13.22,12.29,12.42,12.21,12.82,11.72,80.82
2015-08-05,12.51,12.02,12.72,10.88,11.51,10.87,12.0,10.24,80.1
2015-08-06,13.77,12.2,14.25,12.16,13.66,11.42,14.44,11.33,84.36
2015-08-07,13.39,13.57,14.58,13.29,13.04,13.39,14.65,13.04,82.57
2015-08-10,12.23,12.73,12.78,12.18,11.44,12.76,12.76,11.35,80.21
2015-08-11,13.71,13.24,14.33,13.02,14.13,13.3,15.1,12.56,85.22
2015-08-12,13.61,15.19,16.28,13.45,14.27,16.61,18.53,13.88,88.13
2015-08-13,13.49,13.87,14.33,13.06,13.63,14.02,14.98,12.66,88.36
2015-08-14,12.83,13.69,13.87,12.8,11.77,13.52,13.88,11.77,89.38
2015-08-17,13.02,14.32,14.52,13.01,11.29,14.07,14.49,11.17,87.35
2015-08-18,13.79,13.41,13.94,13.17,12.14,11.68,12.52,11.23,88.84
2015-08-19,15.25,14.84,15.96,13.73,14.34,13.71,15.68,12.08,91.84
2015-08-20,19.14,16.55,19.24,16.13,20.88,16.71,21.44,15.96,108.75
2015-08-21,28.03,22.55,28.38,20.8,38.96,25.78,39.3,23.23,138.57
2015-08-24,40.74,28.03,53.29,28.03,54.61,38.96,81.94,36.5,168.75
2015-08-25,36.02,31.13,38.06,28.08,44.92,39.5,47.51,32.98,152.42
2015-08-26,30.32,31.13,35.62,28.67,37.88,38.53,45.75,35.48,134.31
2015-08-27,26.1,27.11,29.9,24.49,28.89,32.27,34.61,27.29,128.59
2015-08-28,26.05,26.69,29.2,25.77,27.11,29.51,32.65,27.11,127.18
2015-08-31,28.43,27.03,29.37,26.63,28.26,29.5,31.83,26.18,127.28
2015-09-01,31.4,31.91,33.82,29.91,31.21,33.06,34.37,29.31,128.94
2015-09-02,26.09,29.14,30.45,24.77,24.26,28.37,29.41,23.15,114.43
2015-09-03,25.61,25.21,26.31,23.45,23.99,23.75,25.06,21.55,118.16
2015-09-04,27.8,27.43,29.47,25.68,26.88,26.67,29.4,24.9,123.15
2015-09-08,24.9,25.05,26.25,24.13,24.42,25.55,27.48,24.36,117.62
2015-09-09,26.23,22.39,26.82,21.51,27.9,24.3,29.1,24.3,131.3
2015-09-10,24.37,26.87,27.22,23.53,26.11,28.62,30.24,26.11,127.06
2015-09-11,23.2,25.38,25.81,23.15,23.43,27.31,28.02,23.28,119.09
2015-09-14,24.25,24.03,25.32,23.64,25.52,26.41,27.48,25.26,118.01
2015-09-15,22.54,23.28,23.77,22.13,24.62,25.38,25.87,23.49,109.34
2015-09-16,21.35,22.57,22.94,21.09,23.75,24.82,25.23,23.12,107.02
2015-09-17,21.14,21.54,23.33,17.87,22.25,24.68,26.04,17.5,118.09
2015-09-18,22.28,23.07,23.99,20.98,21.78,23.95,24.61,21.2,116.26
2015-09-21,20.14,21.97,22.48,20.05,19.61,22.69,23.06,19.6,103.4
2015-09-22,22.44,22.97,26.29,22.25,23.45,24.21,25.69,23.12,111.36
2015-09-23,22.13,22.09,23.2,21.14,22.46,23.49,24.0,21.45,105.86
2015-09-24,23.47,23.53,25.3,21.81,24.22,25.03,26.83,22.63,110.12
2015-09-25,23.62,21.12,24.29,20.81,22.89,21.31,24.78,21.23,110.54
2015-09-28,27.63,25.02,28.33,24.94,30.26,26.69,31.13,25.61,115.31
2015-09-29,26.83,26.57,28.2,25.76,28.56,29.55,31.06,27.96,110.99
2015-09-30,24.5,24.64,25.88,23.25,25.7,26.24,27.37,24.48,103.28
2015-10-01,22.55,23.14,25.23,22.55,21.93,22.84,24.94,21.91,98.27
2015-10-02,20.94,23.99,24.47,20.35,19.35,24.14,24.51,19.21,95.07
2015-10-05,19.54,20.31,20.42,19.14,19.02,19.88,20.61,18.56,92.29
2015-10-06,19.4,19.54,20.32,18.82,18.19,18.82,19.8,17.74,92.46
2015-10-07,18.4,18.96,19.73,18.33,16.39,17.19,18.54,16.32,89.43
2015-10-08,17.42,18.62,19.02,16.34,15.47,16.96,17.49,15.06,88.42
2015-10-09,17.08,17.15,18.2,16.89,14.27,14.89,16.58,14.2,89.08
2015-10-12,16.17,17.68,17.81,16.15,14.73,16.17,16.43,14.51,88.27
2015-10-13,17.67,17.08,17.7,16.14,16.53,15.99,16.66,14.48,98.35
2015-10-14,18.03,17.67,18.78,17.3,16.9,16.45,18.19,15.93,102.29
2015-10-15,16.05,17.62,17.85,16.04,13.85,16.72,17.22,13.84,96.61
2015-10-16,15.05,15.64,16.86,15.05,12.89,13.7,14.55,12.86,97.58
2015-10-19,14.98,15.68,16.23,14.82,13.87,14.88,15.26,13.64,94.38
2015-10-20,15.75,15.17,16.34,14.72,15.01,14.79,15.68,13.94,97.11
2015-10-21,16.7,14.98,16.7,14.41,16.67,14.58,16.7,14.18,106.02
2015-10-22,14.45,15.02,15.92,14.45,13.1,15.19,15.72,13.1,97.07
2015-10-23,14.46,13.46,15.12,13.24,13.15,13.57,14.57,12.79,97.21
2015-10-26,15.29,14.76,15.43,14.68,15.2,14.61,15.64,14.53,98.1
2015-10-27,15.43,15.75,15.99,14.78,16.31,16.28,16.75,15.39,95.21
2015-10-28,14.33,15.14,15.73,12.8,14.57,16.12,21.12,14.02,88.28
2015-10-29,14.61,14.8,15.46,14.33,14.54,15.26,16.15,14.26,88.6
2015-10-30,15.07,14.6,15.39,14.0,14.31,14.55,15.28,13.31,90.27
2015-11-02,14.15,15.41,15.51,13.67,13.68,15.38,15.38,12.94,86.75
2015-11-03,14.54,14.33,14.73,13.81,13.81,13.92,14.08,12.84,87.34
2015-11-04,15.51,14.04,15.88,13.96,14.76,12.96,15.75,12.87,89.46
2015-11-05,15.05,15.39,16.39,15.0,14.22,14.81,16.33,14.2,87.68
2015-11-06,14.33,14.91,16.0,14.32,12.6,13.59,15.4,12.54,85.03
2015-11-09,16.52,15.34,17.09,15.14,16.39,14.88,17.87,14.75,92.97
2015-11-10,15.29,16.69,16.96,15.24,14.29,16.74,17.2,14.1,86.96
2015-11-11,16.06,15.07,16.15,15.02,15.6,14.16,15.68,14.08,91.25
2015-11-12,18.37,17.06,18.5,16.65,18.39,16.77,18.39,15.87,98.19
2015-11-13,20.08,18.68,20.67,18.2,20.43,18.77,21.34,18.2,106.06
2015-11-16,18.16,20.51,20.55,17.25,16.81,21.11,21.2,16.29,96.71
2015-11-17,18.84,17.82,19.59,16.86,17.02,16.5,18.32,15.32,100.37
2015-11-18,16.85,19.01,19.45,16.8,13.33,16.56,16.58,13.33,93.47
2015-11-19,16.99,16.25,18.26,16.0,13.62,13.37,14.28,13.16,96.18
2015-11-20,15.47,16.13,16.38,15.47,12.4,12.98,13.44,12.4,90.79
2015-11-23,15.62,16.15,16.74,15.38,14.07,14.83,15.1,13.45,88.55
2015-11-24,15.93,16.53,17.21,15.48,14.54,16.06,17.06,14.39,89.64
2015-11-25,15.19,15.55,15.89,15.05,14.35,14.49,15.05,14.14,86.14
2015-11-27,15.12,15.31,16.09,15.12,14.21,14.75,15.8,13.94,88.35
2015-11-30,16.13,15.55,16.57,15.52,16.6,15.19,17.37,15.15,90.84
2015-12-01,14.67,15.61,16.34,14.63,13.99,15.57,16.78,13.95,87.32
2015-12-02,15.91,15.04,16.49,14.71,15.97,14.54,17.1,13.96,92.94
2015-12-03,18.11,15.87,19.35,15.86,18.71,16.01,20.57,15.97,101.8
2015-12-04,14.81,17.43,17.65,14.69,13.65,17.42,17.81,13.64,89.19
2015-12-07,15.84,15.65,17.18,15.58,16.0,15.94,18.07,15.88,94.3
2015-12-08,17.6,17.69,18.33,16.52,18.81,19.02,20.09,17.52,99.16
2015-12-09,19.61,18.05,20.13,15.72,22.07,19.77,22.99,18.08,113.83
2015-12-10,19.34,19.25,19.72,18.13,20.42,21.48,22.08,19.16,113.8
2015-12-11,24.39,21.36,25.27,20.88,28.0,23.34,29.88,22.94,131.09
2015-12-14,22.73,24.7,26.81,21.47,25.78,30.71,34.18,25.28,122.22
2015-12-15,20.95,20.76,21.62,20.02,23.05,24.04,24.04,22.29,114.37
2015-12-16,17.86,19.25,20.24,17.12,18.81,22.38,24.7,17.87,108.93
2015-12-17,18.94,16.18,19.05,16.13,18.88,15.9,19.5,15.85,113.52
2015-12-18,20.7,19.34,23.3,18.75,19.38,18.91,20.16,18.22,118.32
2015-12-21,18.7,19.64,20.21,18.7,17.55,19.16,19.53,17.55,109.44
2015-12-22,16.6,17.61,18.22,16.6,15.06,16.34,17.07,14.73,100.91
2015-12-23,15.57,15.86,16.25,15.33,13.64,14.39,14.95,13.2,99.61
2015-12-24,15.74,15.44,15.88,14.45,13.47,13.55,13.75,12.97,99.88
2015-12-28,16.91,17.65,18.13,16.88,15.79,16.76,17.42,15.76,99.24
2015-12-29,16.08,15.91,16.48,15.63,14.74,14.73,16.33,14.35,95.13
2015-12-30,17.29,16.5,17.42,16.5,15.96,15.01,16.22,15.01,100.82
2015-12-31,18.21,17.97,20.39,17.51,17.52,16.94,18.1,16.19,100.2
2016-01-04,20.7,22.48,23.36,20.67,21.93,24.72,25.79,21.34,107.69
2016-01-05,19.34,20.75,21.06,19.25,19.37,21.73,22.09,19.08,101.84
2016-01-06,20.59,21.67,21.86,19.8,20.6,22.37,22.77,20.11,103.06
2016-01-07,24.99,23.22,25.86,22.4,26.19,24.16,27.58,23.63,116.55
2016-01-08,27.01,22.96,27.08,22.48,27.98,23.0,28.3,22.58,116.46
2016-01-11,24.3,25.58,27.39,23.83,24.21,26.68,28.34,23.47,109.63
2016-01-12,22.47,22.97,23.93,21.91,22.3,23.06,23.75,21.42,104.52
2016-01-13,25.22,21.72,26.11,21.44,25.57,21.48,26.87,21.08,117.14
2016-01-14,23.95,24.75,26.28,23.07,24.63,25.21,27.53,23.68,110.07
2016-01-15,27.02,28.96,30.95,26.67,29.6,32.1,35.47,28.96,116.41
2016-01-19,26.05,25.4,27.59,25.21,30.43,28.83,32.52,28.43,113.76
2016-01-20,27.59,27.78,32.09,26.59,32.85,34.12,38.55,31.27,112.88
2016-01-21,26.69,27.79,28.43,25.01,29.99,32.4,33.67,28.2,108.38
2016-01-22,22.34,24.21,24.55,22.22,22.59,26.17,26.29,22.55,98.92
2016-01-25,24.15,23.3,24.31,22.38,26.04,25.03,26.32,23.48,102.88
2016-01-26,22.5,23.75,24.02,22.33,24.25,25.75,26.0,24.06,98.4
2016-01-27,23.11,22.88,27.22,20.42,24.51,25.22,26.85,23.51,100.04
2016-01-28,22.42,22.15,23.81,21.9,23.4,23.4,25.26,22.79,96.56
2016-01-29,20.2,21.59,21.74,19.5,19.37,22.47,22.48,18.85,89.95
2016-02-01,19.98,21.32,23.66,19.61,19.68,21.62,22.3,19.25,89.65
2016-02-02,21.98,21.34,22.42,21.06,22.19,21.59,23.06,21.35,97.6
2016-02-03,21.65,21.49,27.7,21.42,22.35,21.71,25.2,21.67,97.32
2016-02-04,21.84,22.29,23.14,21.24,21.75,23.21,23.97,21.56,95.22
2016-02-05,23.38,22.09,24.11,21.91,22.96,21.7,23.87,21.56,100.55
2016-02-08,26.0,25.89,27.72,25.56,26.4,26.57,28.88,25.99,104.53
2016-02-09,26.54,28.3,28.31,25.99,26.84,29.78,30.28,26.01,103.06
2016-02-10,26.29,25.75,26.6,24.47,25.53,25.64,26.25,23.96,106.19
2016-02-11,28.14,29.01,30.9,26.67,27.36,29.57,30.04,27.16,107.21
2016-02-12,25.4,27.16,27.57,24.92,22.71,26.0,26.49,22.15,103.25
2016-02-16,24.11,24.96,25.52,23.32,21.81,23.96,24.61,21.56,94.2
2016-02-17,22.31,23.4,24.16,21.83,20.27,20.98,21.54,20.07,88.96
2016-02-18,21.64,22.16,22.53,21.29,19.53,20.25,20.7,18.71,87.53
2016-02-19,20.53,22.39,23.44,20.52,18.22,20.57,21.15,18.18,86.25
2016-02-22,19.38,20.14,20.35,19.02,18.39,19.54,19.7,17.8,86.19
2016-02-23,20.98,19.75,21.16,19.54,20.69,19.04,21.16,18.66,89.67
2016-02-24,20.72,22.28,22.87,20.26,20.72,22.59,23.34,20.47,86.74
2016-02-25,19.11,20.54,21.26,19.1,17.79,20.47,21.37,17.79,83.51
2016-02-26,19.81,18.89,20.13,18.46,18.56,17.69,19.22,17.69,83.72
2016-02-29,20.55,20.49,20.81,18.38,20.36,20.57,20.78,18.77,85.06
2016-03-01,17.7,19.84,20.17,17.66,17.04,19.6,20.0,16.92,79.45
2016-03-02,17.09,17.98,18.41,16.78,15.78,17.55,18.18,15.03,78.84
2016-03-03,16.7,17.25,17.56,16.32,15.91,16.24,16.74,15.53,79.41
2016-03-04,16.86,16.48,17.35,16.05,15.86,15.83,16.72,14.86,81.97
2016-03-07,17.35,17.98,18.04,16.87,17.66,18.6,18.74,17.14,82.3
2016-03-08,18.67,18.38,18.89,17.82,19.17,19.33,19.73,18.45,87.46
2016-03-09,18.34,18.56,19.11,18.31,18.79,19.2,19.95,18.72,92.86
2016-03-10,18.05,18.17,19.59,17.06,17.66,18.33,19.86,16.98,94.77
2016-03-11,16.5,17.09,17.27,16.28,15.2,16.37,16.72,15.18,92.35
2016-03-14,16.92,17.01,17.67,16.69,15.99,16.54,17.19,15.66,89.74
2016-03-15,16.84,17.6,17.85,16.84,16.46,16.97,17.25,16.21,90.34
2016-03-16,14.99,15.96,16.33,14.89,14.07,17.2,17.2,14.02,84.37
2016-03-17,14.44,15.34,15.38,13.82,13.05,14.4,14.4,12.44,84.71
2016-03-18,14.02,14.05,14.36,13.75,12.47,12.76,13.0,12.32,86.2
2016-03-21,13.79,14.57,14.73,13.79,12.77,14.01,14.27,12.47,87.78
2016-03-22,14.17,14.57,14.76,13.75,13.14,13.89,14.12,12.64,85.04
2016-03-23,14.94,14.57,15.03,14.33,13.36,13.47,13.9,13.17,86.06
2016-03-24,14.74,16.3,16.44,14.71,12.35,15.27,15.42,12.33,84.2
2016-03-28,15.24,15.65,16.04,14.89,14.07,14.59,15.08,13.5,83.29
2016-03-29,13.82,15.74,15.89,13.79,12.17,14.7,14.94,12.06,81.39
2016-03-30,13.56,13.69,13.89,13.06,11.87,12.15,12.34,11.39,80.33
2016-03-31,13.95,13.73,14.28,13.49,12.25,12.09,12.79,11.67,82.94
2016-04-01,13.1,15.23,15.28,13.0,10.92,13.82,13.84,10.72,81.57
2016-04-04,14.12,13.88,14.24,13.66,12.5,12.4,12.89,11.82,84.43
2016-04-05,15.42,15.39,15.72,14.93,13.96,14.23,14.53,13.48,89.11
2016-04-06,14.09,15.61,15.98,14.0,12.56,14.43,14.69,12.15,85.59
2016-04-07,16.16,15.14,16.77,14.68,15.2,14.09,16.15,13.4,92.74
2016-04-08,15.36,15.34,15.93,14.84,13.59,14.09,14.53,12.97,89.73
2016-04-11,16.26,15.34,16.26,14.83,15.59,14.28,15.6,13.64,92.81
2016-04-12,14.85,15.98,16.57,14.84,13.71,15.2,16.02,13.71,89.78
2016-04-13,13.84,14.49,14.53,13.6,12.45,13.59,13.59,12.3,87.89
2016-04-14,13.72,13.9,14.12,13.38,12.32,12.76,12.91,11.84,87.92
2016-04-15,13.62,13.77,14.19,13.58,12.2,12.52,12.98,12.18,90.27
2016-04-18,13.35,14.87,14.94,13.23,12.86,14.5,14.5,12.7,86.57
2016-04-19,13.24,13.18,13.88,12.98,12.86,12.96,13.76,12.69,86.98
2016-04-20,13.28,13.39,13.5,12.5,12.8,12.41,13.04,12.19,87.97
2016-04-21,13.95,13.2,14.14,13.16,13.18,12.9,13.63,12.78,87.07
2016-04-22,13.22,13.7,14.19,13.15,11.93,13.29,13.43,11.73,84.1
2016-04-25,14.08,14.07,14.76,13.86,13.62,14.07,14.49,13.53,85.77
2016-04-26,13.96,14.01,14.43,13.66,13.5,13.54,14.06,13.14,84.51
2016-04-27,13.77,14.15,14.95,13.5,12.81,14.12,14.64,12.42,83.1
2016-04-28,15.22,14.53,15.61,13.3,14.55,13.76,15.05,12.18,87.36
2016-04-29,15.7,15.21,17.09,14.91,14.79,15.33,17.07,14.77,91.68
2016-05-02,14.68,16.33,16.5,14.48,13.77,15.85,15.9,13.59,89.49
2016-05-03,15.6,14.92,16.42,14.91,15.17,15.48,16.37,14.6,91.66
2016-05-04,16.05,15.47,16.85,15.39,15.47,16.28,16.72,15.32,91.86
2016-05-05,15.91,15.54,16.45,15.22,15.37,15.4,16.16,15.02,91.58
2016-05-06,14.72,16.2,16.58,14.71,13.38,15.67,15.74,13.2,88.86
2016-05-09,14.57,15.2,15.39,14.17,13.86,14.85,14.98,13.51,86.42
2016-05-10,13.63,13.98,14.35,13.55,12.8,13.19,13.32,12.75,85.92
2016-05-11,14.69,13.92,14.69,13.29,13.75,12.71,13.75,12.55,91.53
2016-05-12,14.41,14.55,15.42,13.95,13.46,13.01,15.16,12.91,91.25
2016-05-13,15.04,15.15,15.47,13.97,14.15,13.75,14.68,12.66,94.0
2016-05-16,14.68,15.72,15.98,14.28,13.59,15.91,15.91,13.24,90.61
2016-05-17,15.57,14.57,16.12,14.48,15.11,14.0,15.93,13.5,91.76
2016-05-18,15.95,15.72,16.47,14.86,15.34,15.45,16.5,14.15,89.99
2016-05-19,16.33,16.37,17.65,16.28,15.28,16.32,17.48,15.28,90.46
2016-05-20,15.2,16.13,16.3,15.11,12.73,14.66,14.66,12.62,85.46
2016-05-23,15.82,16.33,16.47,15.4,13.6,14.49,14.49,13.15,84.12
2016-05-24,14.42,16.03,16.06,14.36,11.91,13.17,13.22,11.75,79.48
2016-05-25,13.9,14.19,14.33,13.64,11.41,11.73,11.75,11.24,78.54
2016-05-26,13.43,13.8,14.11,13.43,10.46,11.41,11.83,10.46,77.48
2016-05-27,13.12,13.49,13.76,13.04,9.77,10.69,11.16,9.73,76.17
2016-05-31,14.19,13.94,15.0,13.45,11.85,11.66,13.05,11.45,79.43
2016-06-01,14.2,14.45,15.25,14.18,11.61,12.86,13.26,11.6,78.93
2016-06-02,13.63,14.42,14.92,13.62,11.01,12.51,12.73,10.99,79.54
2016-06-03,13.47,13.78,14.66,12.9,10.11,11.47,12.27,9.97,79.08
2016-06-06,13.65,13.84,14.27,13.42,11.26,11.68,12.01,11.03,80.71
2016-06-07,14.05,12.77,14.05,12.72,11.56,11.27,11.65,10.98,82.3
2016-06-08,14.08,13.84,14.27,13.7,10.89,11.54,11.68,10.61,86.61
2016-06-09,14.64,14.01,14.85,13.99,12.23,12.05,12.42,11.9,89.98
2016-06-10,17.03,14.89,17.33,14.85,15.83,14.22,16.37,14.11,103.78
2016-06-13,20.97,18.24,21.01,17.89,22.94,19.94,23.13,19.17,124.56
2016-06-14,20.5,21.28,22.16,20.27,23.35,24.91,25.46,21.97,116.44
2016-06-15,20.14,20.25,20.45,18.63,22.6,23.45,23.72,18.71,114.23
2016-06-16,19.37,20.8,22.89,19.24,21.89,24.86,26.94,21.48,115.47
2016-06-17,19.41,19.42,20.03,18.71,22.0,22.16,22.81,21.21,115.72
2016-06-20,18.37,17.42,18.55,16.59,22.21,20.51,22.59,19.61,112.4
2016-06-21,18.48,17.67,18.96,16.91,22.47,21.9,23.13,21.45,113.46
2016-06-22,21.17,18.26,21.22,17.83,27.86,22.97,27.93,22.19,122.94
2016-06-23,17.25,19.54,19.79,17.25,21.13,22.96,23.56,20.89,104.71
2016-06-24,25.76,26.06,26.24,19.48,30.71,29.89,31.34,23.34,125.13
2016-06-27,23.85,24.38,26.72,22.93,25.06,30.04,30.86,24.08,115.6
2016-06-28,18.75,21.76,22.07,18.75,19.08,22.12,22.12,18.74,108.0
2016-06-29,16.64,18.12,18.27,16.48,15.86,17.64,17.73,14.97,98.6
2016-06-30,15.63,16.91,16.99,15.29,14.05,15.22,15.5,12.86,94.23
2016-07-01,14.77,15.59,15.86,14.61,11.85,13.11,13.17,11.82,91.7
2016-07-05,15.58,16.05,16.62,15.49,14.19,14.73,15.33,14.02,91.85
2016-07-06,14.96,15.87,17.04,14.96,13.18,15.44,16.19,13.15,89.24
2016-07-07,14.76,14.8,15.98,14.33,13.11,13.21,14.37,12.49,89.5
2016-07-08,13.2,14.64,14.75,13.19,11.43,11.74,12.07,11.15,84.72
2016-07-11,13.54,13.25,13.67,13.0,12.23,12.21,12.76,11.98,84.78
2016-07-12,13.55,12.93,13.93,12.75,12.25,11.6,12.87,11.6,84.98
2016-07-13,13.04,13.32,13.79,12.92,11.11,12.32,12.61,10.91,84.18
2016-07-14,12.82,12.5,13.37,12.14,10.93,11.76,11.77,10.61,86.03
2016-07-15,12.67,13.12,13.22,12.27,10.26,10.66,10.91,9.71,89.04
2016-07-18,12.44,12.75,13.12,12.33,10.99,11.68,11.73,10.93,87.2
2016-07-19,11.97,12.53,12.83,11.94,11.02,11.26,11.8,10.96,89.03
2016-07-20,11.77,11.94,11.97,11.4,10.43,10.8,11.09,10.24,87.09
2016-07-21,12.74,11.8,13.06,11.69,11.5,10.8,12.24,10.41,92.84
2016-07-22,12.02,12.8,12.88,11.97,10.22,11.33,11.58,10.02,89.51
2016-07-25,12.87,12.64,13.72,12.39,11.93,12.04,13.09,11.87,91.95
2016-07-26,13.05,12.88,13.5,12.8,11.98,12.24,12.91,11.83,91.44
2016-07-27,12.83,12.61,13.74,12.5,11.61,11.7,13.09,11.18,91.23
2016-07-28,12.72,12.51,13.52,12.36,11.79,11.84,12.54,11.32,89.81
2016-07-29,11.87,12.85,12.9,11.77,10.01,11.14,11.5,9.9,90.84
2016-08-01,12.44,11.89,12.98,11.86,11.1,11.33,11.97,10.72,90.68
2016-08-02,13.37,12.39,14.24,12.35,12.35,11.55,13.53,11.47,93.89
2016-08-03,12.86,13.53,13.91,12.73,11.29,12.65,13.02,11.1,88.59
2016-08-04,12.42,12.73,12.98,11.79,10.8,11.03,11.46,10.43,88.14
2016-08-05,11.39,12.08,12.26,11.18,9.18,9.92,9.96,9.0,85.23
2016-08-08,11.5,11.66,11.78,11.41,10.1,10.65,10.65,10.05,84.5
2016-08-09,11.66,11.4,11.92,11.02,10.49,9.87,10.78,9.36,86.65
2016-08-10,12.05,11.55,12.5,11.37,10.68,10.41,11.27,10.28,89.4
2016-08-11,11.68,11.93,12.11,11.38,9.74,10.32,10.54,9.67,97.36
2016-08-12,11.55,11.61,12.0,11.28,9.54,10.42,10.42,9.26,94.49
2016-08-15,11.81,11.81,12.17,11.58,9.72,10.44,10.45,9.62,91.67
2016-08-16,12.64,12.04,12.78,11.87,10.87,10.34,11.21,10.22,91.86
2016-08-17,12.19,12.57,13.71,12.14,10.76,10.98,13.21,10.57,84.84
2016-08-18,11.43,12.2,12.53,11.42,9.9,10.85,11.16,9.71,82.83
2016-08-19,11.34,11.67,12.28,11.33,9.4,10.37,10.99,9.25,82.44
2016-08-22,12.27,12.53,13.02,11.94,10.95,11.98,12.14,10.71,83.13
2016-08-23,12.38,12.15,12.44,11.72,11.37,10.39,11.38,10.18,83.45
2016-08-24,13.45,12.7,14.01,12.3,12.67,11.58,13.81,11.43,85.37
2016-08-25,13.63,13.62,14.09,13.29,12.77,13.34,13.53,12.21,85.43
2016-08-26,13.65,13.54,14.93,12.13,12.1,12.66,14.09,10.38,88.62
2016-08-29,12.94,14.09,14.43,12.9,11.14,13.32,13.34,11.1,85.83
2016-08-30,13.12,12.94,13.6,12.7,11.21,10.85,11.9,10.85,84.44
2016-08-31,13.42,13.14,14.34,12.97,11.64,11.3,13.09,11.2,84.87
2016-09-01,13.48,13.07,14.61,12.99,11.89,11.78,13.79,11.57,84.9
2016-09-02,11.98,13.47,13.9,11.9,9.1,9.71,10.14,9.02,81.35
2016-09-06,12.02,12.42,12.93,11.85,9.98,10.47,11.18,9.9,82.14
2016-09-07,11.94,11.89,12.45,11.77,9.8,10.23,10.53,9.8,83.08
2016-09-08,12.51,11.74,12.6,11.65,10.99,10.64,11.15,10.48,85.57
2016-09-09,17.5,12.52,17.54,12.52,18.78,12.94,18.8,12.92,110.02
2016-09-12,15.16,20.13,20.51,14.76,16.03,23.36,23.51,15.58,99.53
2016-09-13,17.85,15.98,18.97,15.83,19.55,17.71,21.4,17.53,110.02
2016-09-14,18.14,17.63,18.14,16.34,19.38,19.58,19.88,17.56,113.15
2016-09-15,16.3,17.97,18.07,15.74,17.0,18.93,19.13,16.39,109.27
2016-09-16,15.37,16.41,17.1,15.28,15.27,17.32,17.86,15.27,102.59
2016-09-19,15.53,15.14,15.96,14.6,16.31,16.03,16.95,15.24,101.58
2016-09-20,15.92,14.98,16.09,14.69,17.22,15.9,17.38,15.77,101.98
2016-09-21,13.3,15.07,15.65,12.98,12.83,16.13,17.88,12.63,92.59
2016-09-22,12.02,13.39,13.39,11.76,10.79,11.45,11.66,10.44,89.22
2016-09-23,12.29,12.0,12.58,11.93,11.39,11.35,11.96,10.76,90.4
2016-09-26,14.5,13.26,14.63,13.26,15.67,14.45,15.82,13.96,96.24
2016-09-27,13.1,13.36,14.76,12.97,12.8,15.92,15.92,12.7,88.94
2016-09-28,12.39,12.9,13.57,12.24,11.72,12.5,13.5,11.53,87.55
2016-09-29,14.02,12.53,15.69,12.14,14.71,12.03,16.94,11.21,93.78
2016-09-30,13.29,14.91,15.2,12.53,12.37,13.37,14.31,11.65,91.42
2016-10-03,13.57,13.75,14.42,13.42,13.0,13.93,14.27,12.8,91.51
2016-10-04,13.63,13.4,14.57,12.92,12.95,12.55,14.45,11.95,89.94
2016-10-05,12.99,13.56,13.68,12.7,12.03,12.38,12.53,11.59,89.88
2016-10-06,12.84,13.11,13.84,12.8,11.47,12.43,13.04,11.41,89.86
2016-10-07,13.48,13.52,14.15,12.21,11.47,11.32,13.16,11.23,90.86
2016-10-10,13.38,14.19,14.36,13.29,10.81,11.28,11.43,10.57,90.66
2016-10-11,15.36,13.71,16.47,13.69,13.34,11.53,15.34,11.53,95.43
2016-10-12,15.91,15.53,16.34,15.26,13.16,13.62,14.27,12.61,102.02
2016-10-13,16.69,16.88,17.95,16.14,14.07,15.2,16.06,13.68,103.4
2016-10-14,16.12,16.49,16.5,15.25,12.94,12.52,13.38,11.89,101.01
2016-10-17,16.21,17.01,17.11,16.13,13.81,14.38,14.99,13.69,99.34
2016-10-18,15.28,15.82,15.85,15.03,12.45,12.86,13.3,12.13,96.87
2016-10-19,14.41,15.45,15.68,13.87,11.97,11.77,12.26,11.36,93.9
2016-10-20,13.75,14.43,14.72,13.74,11.07,12.09,12.3,11.03,89.72
2016-10-21,13.34,14.04,14.53,13.27,10.68,11.94,12.1,10.56,87.34
2016-10-24,13.02,13.19,13.26,12.83,11.35,11.08,11.57,11.0,85.81
2016-10-25,13.46,12.91,13.86,12.73,11.9,11.73,12.52,11.57,86.23
2016-10-26,14.24,13.66,14.8,13.66,12.58,13.11,13.61,12.23,86.9
2016-10-27,15.36,14.37,15.43,13.6,14.59,12.56,14.62,12.56,91.21
2016-10-28,16.19,15.67,17.35,14.65,16.69,14.87,18.64,13.8,99.44
2016-10-31,17.06,16.31,17.63,16.25,20.19,19.23,20.91,18.92,102.82
2016-11-01,18.56,16.54,20.43,16.51,22.86,20.74,25.76,20.73,108.26
2016-11-02,19.32,19.09,19.82,18.56,24.16,24.15,24.88,23.25,112.39
2016-11-03,22.08,19.85,22.57,18.84,27.9,24.12,28.77,24.0,120.24
2016-11-04,22.51,21.86,23.01,19.2,28.82,27.95,29.79,27.21,120.23
2016-11-07,18.71,19.78,19.86,18.39,24.67,25.99,25.99,23.42,107.84
2016-11-08,18.74,18.92,19.91,17.7,25.31,26.36,26.72,22.54,108.67
2016-11-09,14.38,20.7,21.48,14.33,15.36,20.18,20.28,15.36,96.14
2016-11-10,14.74,14.01,16.3,13.26,14.12,14.12,17.32,13.1,102.67
2016-11-11,14.17,14.83,16.0,14.15,12.84,14.54,15.7,12.68,97.22
2016-11-14,14.48,14.69,15.56,14.39,12.51,13.93,14.38,12.3,98.22
2016-11-15,13.37,14.16,14.65,13.3,10.64,12.18,12.19,10.16,91.77
2016-11-16,13.72,13.51,14.49,13.51,9.52,11.44,11.51,9.3,92.45
2016-11-17,13.35,13.37,13.55,12.97,9.38,9.47,9.75,8.98,87.58
2016-11-18,12.85,13.56,13.74,12.85,8.63,9.6,9.62,8.61,86.4
2016-11-21,12.42,13.27,13.44,12.16,10.0,10.19,10.39,9.47,80.75
2016-11-22,12.41,12.26,12.83,12.2,10.2,10.04,10.73,9.97,83.4
2016-11-23,12.43,12.34,13.01,12.19,10.06,10.44,10.87,9.88,82.45
2016-11-25,12.34,12.52,12.74,12.31,10.43,10.92,11.09,10.33,82.65
2016-11-28,13.15,13.4,13.5,12.74,12.86,12.76,12.89,12.19,86.17
2016-11-29,12.9,13.07,13.55,12.62,12.64,13.05,13.67,12.21,86.28
2016-11-30,13.33,12.6,13.42,12.23,13.23,12.26,13.51,12.05,88.99
2016-12-01,14.07,13.4,14.72,13.05,13.96,13.25,15.13,13.21,97.79
2016-12-02,14.12,14.16,14.48,12.39,13.64,14.14,14.21,12.8,98.07
2016-12-05,12.14,13.75,13.77,12.14,11.41,12.97,13.03,11.41,88.88
2016-12-06,11.79,12.19,12.3,11.54,10.84,10.91,11.43,10.42,88.12
2016-12-07,12.22,11.59,12.24,11.33,11.79,10.61,11.89,9.95,89.11
2016-12-08,12.64,12.1,13.4,11.3,12.92,11.14,13.05,10.89,91.27
2016-12-09,11.75,12.59,12.72,11.67,11.1,12.46,12.77,10.96,89.4
2016-12-12,12.64,12.23,12.78,12.07,12.25,12.19,12.61,12.14,91.87
2016-12-13,12.72,12.46,13.42,12.34,12.25,12.02,13.45,12.02,93.32
2016-12-14,13.19,12.88,13.39,12.48,12.84,12.65,13.09,11.59,96.82
2016-12-15,12.79,13.07,13.24,12.46,11.85,12.5,12.91,11.53,93.08
2016-12-16,12.2,12.88,12.95,12.15,10.67,11.78,11.99,10.62,93.79
2016-12-19,11.71,12.5,12.52,11.67,9.95,11.38,11.41,9.91,90.51
2016-12-20,11.45,11.65,11.75,11.38,9.85,9.98,9.99,9.64,88.26
2016-12-21,11.27,11.44,11.49,10.93,9.33,9.42,9.8,9.31,87.97
2016-12-22,11.43,11.32,11.67,11.14,9.34,9.37,9.87,9.12,89.72
2016-12-23,11.44,11.38,11.81,11.35,8.98,9.6,9.64,8.89,87.64
2016-12-27,11.99,12.26,12.33,11.84,10.22,10.07,10.31,9.94,86.37
2016-12-28,12.95,11.89,13.04,11.85,11.22,10.16,11.53,10.08,89.17
2016-12-29,13.37,13.15,13.71,12.95,11.64,11.65,12.21,11.22,88.87
2016-12-30,14.04,13.2,14.68,13.05,12.68,11.73,14.12,11.56,91.6
2017-01-03,12.85,14.07,14.07,12.85,11.99,13.63,13.69,11.97,85.37
2017-01-04,11.85,12.78,12.8,11.63,10.68,11.49,11.67,10.38,82.27
2017-01-05,11.67,11.96,12.09,11.4,9.95,10.89,10.94,9.66,81.33
2017-01-06,11.32,11.7,11.74,10.98,9.19,9.7,9.94,9.06,80.59
2017-01-09,11.56,11.71,12.08,11.46,9.44,10.34,10.51,9.44,83.47
2017-01-10,11.49,11.59,11.79,11.31,8.88,9.43,9.56,8.88,86.36
2017-01-11,11.26,11.56,12.23,11.21,8.88,9.5,10.07,8.86,86.72
2017-01-12,11.54,11.48,12.6,11.32,9.32,9.57,11.27,9.17,90.44
2017-01-13,11.23,11.45,11.62,10.94,8.99,9.26,9.27,8.44,92.9
2017-01-17,11.87,12.2,12.75,11.79,10.85,10.97,11.55,10.55,92.39
2017-01-18,12.48,11.79,12.81,11.69,11.29,11.2,11.69,10.63,87.06
2017-01-19,12.78,12.58,13.28,12.17,11.5,10.91,12.68,10.85,86.84
2017-01-20,11.54,12.58,12.59,11.53,9.72,11.02,11.71,9.69,83.63
2017-01-23,11.77,12.3,12.62,11.59,10.92,11.31,12.49,10.75,84.51
2017-01-24,11.07,11.82,11.89,11.04,10.08,10.8,10.89,10.01,79.05
2017-01-25,10.81,10.79,11.05,10.51,10.06,10.08,10.44,9.74,78.66
2017-01-26,10.63,10.61,11.01,10.6,9.71,10.23,10.48,9.58,79.65
2017-01-27,10.58,10.57,10.82,10.3,9.36,9.88,9.94,9.11,83.63
2017-01-30,11.88,11.1,12.9,11.1,11.66,10.99,13.15,10.99,92.04
2017-01-31,11.99,12.29,12.99,11.79,11.77,12.27,13.22,11.7,89.83
2017-02-01,11.81,11.79,12.05,9.97,12.04,11.13,12.09,10.83,87.75
2017-02-02,11.93,12.37,12.47,11.62,11.16,12.4,12.84,10.85,89.73
2017-02-03,10.97,11.84,11.84,10.72,9.19,9.88,10.16,9.09,88.97
2017-02-06,11.37,11.37,11.84,11.09,10.17,10.89,10.89,9.82,90.02
2017-02-07,11.29,11.39,11.67,11.06,9.47,9.98,10.02,9.25,89.61
2017-02-08,11.45,11.19,11.82,11.15,9.6,9.86,10.09,9.33,94.58
2017-02-09,10.88,11.44,11.53,10.74,8.85,9.35,9.35,8.84,89.59
2017-02-10,10.85,10.85,10.95,10.55,9.02,8.83,9.25,8.67,85.77
2017-02-13,11.07,11.36,11.4,11.07,9.32,9.63,9.8,9.27,80.84
2017-02-14,10.74,11.17,11.34,10.73,8.94,9.44,9.54,8.85,78.35
2017-02-15,11.97,10.84,12.01,10.8,10.26,9.59,10.39,8.66,81.12
2017-02-16,11.76,12.02,12.86,11.69,10.02,10.48,11.7,9.9,79.66
2017-02-17,11.49,11.84,12.26,11.37,9.03,10.48,10.61,8.67,81.25
2017-02-21,11.57,12.05,12.09,11.5,10.22,10.81,11.05,10.14,82.45
2017-02-22,11.74,11.48,12.07,11.44,10.39,10.64,10.79,10.04,81.53
2017-02-23,11.71,11.66,12.46,11.54,10.15,10.47,11.41,10.12,82.2
2017-02-24,11.47,11.81,12.59,11.34,9.41,11.28,11.3,9.34,83.31
2017-02-27,12.09,11.78,12.14,11.53,10.83,10.53,10.96,10.08,85.69
2017-02-28,12.92,12.19,12.96,12.13,11.89,11.08,12.01,10.73,88.08
2017-03-01,12.54,12.31,12.58,11.78,10.57,10.52,11.43,10.32,84.03
2017-03-02,11.81,12.43,12.71,11.32,9.6,10.98,10.99,9.12,83.61
2017-03-03,10.96,11.96,11.97,10.94,8.56,9.8,9.82,8.55,81.19
2017-03-06,11.24,11.59,11.72,11.06,9.67,10.22,10.38,9.58,81.44
2017-03-07,11.45,11.27,11.58,11.04,10.23,9.74,10.25,9.29,81.43
2017-03-08,11.86,11.49,11.86,11.09,10.91,10.16,10.91,10.11,82.5
2017-03-09,12.3,11.75,12.43,11.62,11.78,11.24,11.8,10.76,83.64
2017-03-10,11.66,11.97,12.09,11.46,10.67,11.13,11.41,10.46,80.27
2017-03-13,11.35,12.16,12.23,11.29,10.78,11.68,11.68,10.62,81.57
2017-03-14,12.3,11.39,12.54,11.28,11.78,11.46,12.49,11.27,85.88
2017-03-15,11.63,12.12,12.25,10.6,10.76,11.83,11.87,9.96,80.76
2017-03-16,11.21,11.29,11.55,11.16,9.74,10.3,10.31,9.34,75.96
2017-03-17,11.28,11.38,11.38,10.78,9.87,9.62,9.89,9.01,78.66
2017-03-20,11.34,11.71,11.72,11.03,10.23,10.73,10.8,9.81,77.16
2017-03-21,12.47,11.15,12.85,10.92,14.23,9.7,14.45,9.62,83.02
2017-03-22,12.81,12.95,13.16,11.99,14.51,14.19,14.8,12.96,83.8
2017-03-23,13.12,12.65,13.17,12.18,15.14,14.61,15.52,13.2,88.93
2017-03-24,12.96,12.86,14.16,12.27,13.43,14.24,16.7,12.97,89.74
2017-03-27,12.5,14.78,15.11,12.48,12.12,16.36,16.36,12.04,84.86
2017-03-28,11.53,12.44,12.67,11.34,10.51,12.21,12.21,10.18,79.27
2017-03-29,11.42,11.54,11.7,11.03,10.08,10.58,10.59,9.24,78.26
2017-03-30,11.54,11.37,11.64,11.12,9.58,10.0,10.02,9.17,77.87
2017-03-31,12.37,11.61,12.54,11.5,9.66,9.87,10.14,9.27,78.31
2017-04-03,12.38,12.59,13.59,12.27,10.16,10.76,12.21,10.04,82.96
2017-04-04,11.79,12.71,13.07,11.7,9.51,10.85,10.85,9.4,79.67
2017-04-05,12.89,11.89,12.89,10.9,11.89,9.01,11.89,8.69,86.59
2017-04-06,12.39,13.11,13.22,11.7,10.27,11.02,11.1,9.6,83.91
2017-04-07,12.87,13.17,13.43,12.23,10.06,10.88,11.69,9.94,89.39
2017-04-10,14.05,13.24,14.11,12.94,10.36,10.62,10.69,9.73,97.9
2017-04-11,15.07,14.32,15.88,14.17,10.54,10.77,12.17,10.53,103.74
2017-04-12,15.77,15.16,16.16,14.84,10.91,10.71,11.62,10.33,111.53
2017-04-13,15.96,15.89,16.22,14.97,12.75,11.76,12.88,10.7,115.54
2017-04-17,14.66,16.19,16.28,14.6,13.44,14.91,14.95,12.96,101.49
2017-04-18,14.42,14.5,15.5,14.29,14.2,14.83,15.84,14.04,99.52
2017-04-19,14.93,14.0,15.15,13.46,16.2,13.73,16.59,13.52,97.89
2017-04-20,14.15,14.59,14.81,13.83,15.83,15.69,16.79,14.66,94.53
2017-04-21,14.63,13.85,15.33,13.85,17.09,16.03,18.55,15.89,95.41
2017-04-24,10.84,11.56,12.01,10.82,9.96,11.28,11.73,9.91,78.17
2017-04-25,10.76,10.81,11.15,10.22,9.8,9.83,10.59,9.62,75.64
2017-04-26,10.85,10.61,10.89,10.39,9.79,9.91,10.24,9.33,76.64
2017-04-27,10.36,10.72,11.08,10.33,9.24,9.81,10.58,9.08,76.66
2017-04-28,10.82,10.39,11.16,10.29,9.42,9.34,9.92,9.2,77.09
2017-05-01,10.11,10.92,11.04,9.9,9.49,10.85,10.86,9.38,78.33
2017-05-02,10.59,10.15,10.59,10.04,10.49,9.85,10.57,9.78,79.33
2017-05-03,10.68,10.56,11.15,10.4,10.78,11.09,11.56,10.4,78.77
2017-05-04,10.46,10.71,11.24,10.27,11.04,10.87,12.09,10.67,78.0
2017-05-05,10.57,10.51,10.98,9.99,11.44,10.48,11.97,10.29,80.65
2017-05-08,9.77,10.53,10.55,9.67,9.09,9.85,9.85,8.91,81.38
2017-05-09,9.96,9.87,10.14,9.56,9.31,9.26,9.64,8.91,83.63
2017-05-10,10.21,9.75,10.24,9.62,9.43,9.45,9.45,8.85,87.49
2017-05-11,10.6,10.34,11.23,10.32,10.35,9.82,11.18,9.63,86.51
2017-05-12,10.4,10.72,10.87,10.28,9.4,10.12,10.31,9.16,82.5
2017-05-15,10.42,10.54,10.88,10.25,9.16,9.96,9.96,8.9,79.53
2017-05-16,10.65,10.46,10.67,10.18,8.96,8.89,9.14,8.56,76.76
2017-05-17,15.59,11.89,15.59,11.53,20.17,11.96,20.22,11.51,111.48
2017-05-18,14.66,14.06,16.3,14.03,16.67,19.43,19.58,15.69,104.12
2017-05-19,12.04,14.23,14.23,11.72,10.98,13.17,13.18,10.29,87.21
2017-05-22,10.93,12.29,12.52,10.89,9.39,10.85,10.85,9.25,83.47
2017-05-23,10.72,11.0,11.0,10.56,9.32,9.08,9.86,9.08,84.19
2017-05-24,10.02,10.61,10.9,9.88,8.56,9.21,9.55,8.52,81.91
2017-05-25,9.99,9.82,10.29,9.72,8.12,8.57,8.99,7.81,82.2
2017-05-26,9.81,9.93,10.48,9.65,7.6,8.69,8.85,7.51,81.81
2017-05-30,10.38,10.61,10.84,10.14,9.04,9.47,9.54,8.56,84.3
2017-05-31,10.41,10.1,11.3,9.93,8.71,8.9,9.91,8.45,84.52
2017-06-01,9.89,10.42,10.54,9.69,8.5,8.64,9.14,8.22,83.83
2017-06-02,9.75,10.08,10.3,9.58,8.47,8.65,9.01,8.18,83.62
2017-06-05,10.07,10.08,10.28,9.6,9.69,9.9,9.96,9.13,86.08
2017-06-06,10.45,10.19,10.77,9.86,10.39,10.35,10.59,9.92,89.15
2017-06-07,10.39,10.48,10.93,10.12,10.13,10.44,10.99,10.13,88.22
2017-06-08,10.16,10.27,10.53,9.73,9.62,10.03,10.35,9.33,83.28
2017-06-09,10.7,9.93,12.11,9.37,10.37,8.98,12.47,8.35,87.41
2017-06-12,11.46,11.19,12.37,11.19,11.35,11.8,13.22,11.3,91.21
2017-06-13,10.42,11.12,11.14,10.26,9.35,10.4,10.44,9.28,86.66
2017-06-14,10.64,10.33,11.26,10.01,9.91,9.46,10.31,8.74,89.97
2017-06-15,10.9,11.06,12.01,10.74,10.14,11.58,11.86,9.61,89.95
2017-06-16,10.38,10.63,11.35,10.26,8.33,9.65,10.33,8.17,87.0
2017-06-19,10.37,10.57,10.6,10.01,8.52,8.87,8.94,8.13,85.27
2017-06-20,10.86,10.28,11.15,10.24,9.42,8.77,10.08,8.61,89.19
2017-06-21,10.75,11.03,11.4,10.4,9.56,9.39,10.2,9.07,88.07
2017-06-22,10.48,10.81,11.01,10.24,9.23,9.66,10.24,8.79,86.38
2017-06-23,10.02,10.25,10.69,9.85,8.38,9.11,9.59,8.06,84.52
2017-06-26,9.9,10.13,10.44,9.68,8.7,8.62,9.32,8.2,81.94
2017-06-27,11.06,10.04,11.31,9.8,10.5,9.05,10.93,8.52,87.3
2017-06-28,10.03,11.17,11.49,9.76,8.49,9.35,9.92,8.32,84.24
2017-06-29,11.44,9.79,15.16,9.73,11.37,8.88,17.68,8.76,93.78
2017-06-30,11.18,11.74,11.85,10.4,9.93,10.31,11.0,9.41,90.43
2017-07-03,11.22,11.07,11.45,10.28,10.21,9.75,10.46,9.14,93.31
2017-07-05,11.07,11.2,12.03,10.79,9.65,10.18,11.35,9.18,91.98
2017-07-06,12.54,11.2,13.05,11.18,11.53,11.07,12.3,10.32,100.21
2017-07-07,11.19,12.48,12.57,10.98,9.26,10.97,11.03,9.07,92.5
2017-07-10,11.11,11.26,11.73,10.61,9.9,10.85,10.85,9.44,89.69
2017-07-11,10.89,10.79,12.14,10.68,9.37,10.1,11.27,9.33,88.23
2017-07-12,10.3,10.85,10.85,10.08,8.06,8.69,8.83,8.02,88.19
2017-07-13,9.9,10.07,10.4,9.9,8.01,8.58,8.59,8.01,85.68
2017-07-14,9.51,10.09,10.14,9.5,7.55,8.09,8.18,7.55,82.2
2017-07-17,9.82,9.77,10.03,9.71,8.39,8.53,8.67,8.28,80.27
2017-07-18,9.89,9.86,10.35,9.66,8.44,9.18,9.24,8.21,79.14
2017-07-19,9.79,9.69,9.94,9.58,7.85,8.4,8.4,7.74,77.96
2017-07-20,9.58,9.66,10.28,9.5,7.69,8.02,9.02,7.59,76.26
2017-07-21,9.36,9.52,9.98,9.3,7.1,7.85,8.12,6.99,77.86
2017-07-24,9.43,9.94,9.97,9.26,7.64,8.25,8.31,7.45,78.24
2017-07-25,9.43,9.4,9.52,9.04,7.87,7.57,8.02,7.45,79.17
2017-07-26,9.6,9.25,9.66,8.84,8.07,7.96,8.19,7.79,82.34
2017-07-27,10.11,9.33,11.5,9.16,9.03,7.84,11.65,7.59,86.87
2017-07-28,10.29,10.62,11.3,10.26,8.55,9.99,10.38,8.34,87.2
2017-07-31,10.26,10.53,10.84,10.23,9.43,9.54,9.98,8.99,86.76
2017-08-01,10.09,10.19,10.56,9.95,8.93,9.41,9.71,8.75,84.55
2017-08-02,10.28,10.08,10.81,9.8,8.68,8.68,9.56,8.4,86.89
2017-08-03,10.44,10.47,10.6,9.9,9.31,8.91,9.33,8.38,87.66
2017-08-04,10.03,10.48,10.5,9.68,8.58,8.49,8.82,8.06,87.39
2017-08-07,9.93,10.19,10.32,9.76,8.43,9.29,9.32,8.28,90.01
2017-08-08,10.96,10.04,11.52,9.52,10.5,8.76,11.47,8.0,98.68
2017-08-09,11.11,11.49,12.63,11.11,10.72,12.8,13.41,10.6,106.77
2017-08-10,16.04,11.57,16.17,11.56,17.83,13.98,18.27,13.54,135.32
2017-08-11,15.51,16.17,17.28,14.5,15.53,16.1,17.2,14.34,127.43
2017-08-14,12.33,14.05,14.05,12.06,11.63,12.39,12.39,11.26,100.6
2017-08-15,12.04,11.78,12.37,11.45,10.41,10.94,11.55,10.01,96.71
2017-08-16,11.74,11.59,12.54,11.25,9.73,10.26,10.52,9.02,94.82
2017-08-17,15.55,11.81,15.77,11.54,15.77,11.01,15.98,10.34,117.77
2017-08-18,14.26,15.38,16.04,13.32,13.17,15.21,16.1,12.39,114.39
2017-08-21,13.19,14.59,14.74,13.07,12.48,14.37,14.5,12.48,101.39
2017-08-22,11.35,12.6,12.94,11.35,9.92,11.9,11.93,9.92,92.7
2017-08-23,12.25,11.51,12.59,11.39,11.14,11.41,11.41,10.1,98.96
2017-08-24,12.23,12.06,12.83,11.55,10.33,10.5,11.79,10.32,100.26
2017-08-25,11.28,12.2,12.45,11.1,8.97,10.18,10.23,8.88,95.53
2017-08-28,11.32,12.09,12.11,11.23,9.45,9.46,10.27,9.34,96.42
2017-08-29,11.7,13.33,14.34,11.48,9.81,12.65,12.65,9.57,98.79
2017-08-30,11.22,11.4,11.98,10.96,9.15,10.0,10.26,8.94,98.9
2017-08-31,10.59,11.07,11.22,10.34,8.66,8.89,9.07,8.53,94.86
2017-09-01,10.13,10.33,10.46,10.02,7.94,8.37,8.66,7.87,93.6
2017-09-05,12.23,11.75,14.06,11.41,11.34,10.39,13.68,10.26,102.66
2017-09-06,11.63,12.27,12.59,11.35,10.22,10.69,11.58,9.75,99.61
2017-09-07,11.55,11.93,12.07,11.32,9.75,10.32,10.96,9.75,96.29
2017-09-08,12.12,11.87,12.6,11.84,11.29,10.94,11.96,9.8,100.12
2017-09-11,10.73,11.38,11.39,10.51,9.01,9.76,9.76,9.0,93.66
2017-09-12,10.58,10.66,10.95,10.29,9.25,9.14,9.5,8.88,92.39
2017-09-13,10.5,10.72,10.86,10.33,9.38,9.4,9.41,9.02,90.89
2017-09-14,10.44,10.57,11.04,10.28,9.29,9.57,9.81,8.9,92.09
2017-09-15,10.17,10.51,10.74,10.0,8.3,9.24,9.24,7.88,90.63
2017-09-18,10.15,10.18,10.42,9.88,8.72,9.41,9.45,8.71,90.46
2017-09-19,10.18,10.16,10.3,9.85,9.09,8.71,9.13,8.62,91.22
2017-09-20,9.78,10.04,10.67,9.67,8.95,8.92,10.24,8.85,90.91
2017-09-21,9.67,9.74,10.21,9.54,8.44,9.05,9.43,8.26,92.32
2017-09-22,9.59,9.9,10.2,9.5,7.98,8.92,8.92,7.87,93.29
2017-09-25,10.21,10.08,11.21,9.79,9.21,9.23,10.43,8.61,96.4
2017-09-26,10.17,10.42,10.68,9.94,9.34,9.12,9.99,8.79,94.81
2017-09-27,9.87,9.9,10.42,9.63,9.03,8.88,9.55,8.73,95.36
2017-09-28,9.55,9.74,10.13,9.55,8.39,9.27,9.38,8.39,94.1
2017-09-29,9.51,9.59,9.83,9.36,7.95,8.41,8.65,7.74,93.14
2017-10-02,9.45,9.59,10.04,9.37,8.18,9.01,9.13,8.12,92.48
2017-10-03,9.51,9.3,9.75,9.3,8.04,8.24,8.45,7.84,91.59
2017-10-04,9.63,9.53,9.88,9.53,8.02,8.41,8.59,7.99,92.12
2017-10-05,9.19,9.48,9.62,9.13,7.81,8.14,8.19,7.61,91.79
2017-10-06,9.65,9.23,10.27,9.11,7.88,7.97,8.72,7.59,97.09
2017-10-09,10.33,9.92,10.53,9.88,9.34,8.99,9.38,8.49,101.83
2017-10-10,10.08,10.15,10.66,9.94,8.72,9.17,9.54,8.72,97.33
2017-10-11,9.85,9.95,10.38,9.72,8.32,8.66,8.75,8.09,99.22
2017-10-12,9.91,9.94,10.33,9.65,8.34,8.73,8.92,8.18,97.77
2017-10-13,9.61,9.95,9.98,9.44,8.03,8.24,8.28,7.76,97.8
2017-10-16,9.91,9.95,10.02,9.75,8.46,8.61,8.72,8.37,97.65
2017-10-17,10.31,9.85,10.46,9.78,8.69,8.52,8.8,8.36,98.74
2017-10-18,10.07,10.34,10.41,9.87,8.37,8.58,8.61,8.0,94.34
2017-10-19,10.05,10.22,11.77,9.99,8.88,10.0,10.41,8.58,93.33
2017-10-20,9.97,9.92,10.04,9.29,8.41,8.81,8.84,8.03,90.53
2017-10-23,11.07,10.25,11.08,9.94,10.77,9.32,10.77,8.84,97.09
2017-10-24,11.16,10.89,11.16,10.39,10.48,10.01,10.62,9.77,98.43
2017-10-25,11.23,11.34,13.2,10.99,11.09,10.72,13.64,10.43,100.16
2017-10-26,11.3,11.17,11.81,10.6,10.69,10.56,11.35,10.23,97.73
2017-10-27,9.8,11.12,11.12,9.74,8.61,10.08,10.25,8.58,92.78
2017-10-30,10.5,10.28,10.89,10.1,9.81,9.91,10.23,9.1,95.19
2017-10-31,10.18,10.34,10.37,9.9,9.32,9.28,9.57,9.08,92.01
2017-11-01,10.2,9.79,10.49,9.74,9.29,8.92,9.66,6.69,92.0
2017-11-02,9.93,10.44,10.89,9.67,8.54,9.35,10.44,8.3,91.48
2017-11-03,9.14,9.83,9.91,8.99,7.84,8.26,8.51,7.63,89.68
2017-11-06,9.4,9.63,9.74,9.38,8.09,8.83,8.83,8.01,91.25
2017-11-07,9.89,9.31,10.31,9.29,8.83,8.13,9.38,8.05,93.45
2017-11-08,9.78,9.79,10.27,9.5,8.28,9.01,9.27,7.91,97.74
2017-11-09,10.5,9.94,12.19,9.79,9.65,9.84,12.97,9.0,98.82
2017-11-10,11.29,10.78,11.58,10.5,10.31,10.31,11.12,9.59,104.76
2017-11-13,11.5,11.43,12.18,11.0,9.84,11.2,11.29,9.25,106.3
2017-11-14,11.59,11.53,12.61,11.45,9.73,10.64,11.92,9.7,103.18
2017-11-15,13.13,12.52,14.51,12.33,11.73,12.44,13.66,10.41,106.27
2017-11-16,11.76,12.47,12.52,11.38,8.74,10.18,10.18,8.21,100.15
2017-11-17,11.43,11.75,12.01,11.16,8.49,8.58,8.73,7.94,97.12
2017-11-20,10.65,11.96,12.08,10.44,8.6,9.38,9.43,8.31,93.76
2017-11-21,9.73,10.74,10.78,9.67,7.97,8.37,8.37,7.61,89.27
2017-11-22,9.88,9.6,9.88,9.32,7.87,7.91,7.99,7.62,86.42
2017-11-24,9.67,9.82,9.96,8.56,7.87,8.37,8.41,7.67,86.32
2017-11-27,9.87,10.07,10.26,9.79,9.0,9.2,9.25,8.69,86.58
2017-11-28,10.03,9.72,10.31,9.53,9.18,8.95,9.68,8.67,85.73
2017-11-29,10.7,9.91,10.93,9.81,10.16,9.24,10.64,9.24,89.57
2017-11-30,11.28,10.49,12.05,10.25,11.38,10.42,13.07,10.16,89.94
2017-12-01,11.43,11.19,14.58,10.54,11.98,11.85,17.68,11.21,95.03
2017-12-04,11.68,11.05,11.86,10.26,12.21,11.91,12.67,10.21,97.57
2017-12-05,11.33,11.38,11.67,10.65,11.11,12.01,12.01,10.28,97.95
2017-12-06,11.02,11.63,11.68,10.86,10.9,11.5,11.64,10.74,98.17
2017-12-07,10.16,10.9,11.32,10.12,9.51,11.16,11.32,9.42,95.83
2017-12-08,9.58,10.0,10.06,9.43,8.44,9.6,9.6,8.41,91.89
2017-12-11,9.34,9.74,10.08,9.28,8.79,9.35,9.37,8.67,92.06
2017-12-12,9.92,9.36,9.92,9.21,9.24,9.07,9.36,8.87,93.27
2017-12-13,10.18,9.78,10.21,9.65,9.35,9.43,9.43,7.65,95.56
2017-12-14,10.49,9.98,10.54,9.78,9.87,9.25,9.89,8.51,96.07
2017-12-15,9.42,10.12,10.2,9.22,8.25,8.87,8.89,8.14,92.2
2017-12-18,9.53,9.46,9.89,9.24,8.05,8.81,9.0,7.52,90.64
2017-12-19,10.03,9.4,10.15,9.18,9.03,8.1,9.03,8.07,93.58
2017-12-20,9.72,9.69,9.85,8.9,8.34,7.98,8.74,7.85,92.86
2017-12-21,9.62,9.59,9.86,9.2,7.63,8.05,8.21,7.58,92.21
2017-12-22,9.9,9.37,10.18,9.35,7.51,7.61,7.94,7.15,94.9
2017-12-26,10.25,10.19,10.46,10.13,8.48,8.92,8.93,8.3,97.56
2017-12-27,10.47,10.04,10.79,9.71,9.71,8.46,10.27,7.64,97.08
2017-12-28,10.18,10.29,10.44,10.07,9.27,9.32,9.43,8.91,97.25
2017-12-29,11.04,10.03,11.06,9.95,10.42,9.13,10.42,8.94,100.76
2018-01-02,9.77,10.95,11.07,9.52,8.54,10.38,10.52,8.21,97.36
2018-01-03,9.15,9.56,9.65,8.94,7.85,8.32,8.32,7.33,94.4
2018-01-04,9.22,9.01,9.31,8.92,7.73,7.89,8.33,7.49,94.21
2018-01-05,9.22,9.1,9.54,9.0,7.7,7.94,8.08,7.45,93.1
2018-01-08,9.52,9.61,9.89,9.32,7.9,8.62,8.71,7.65,93.97
2018-01-09,10.08,9.41,10.09,9.37,8.35,7.97,8.37,7.67,94.74
2018-01-10,9.82,10.11,10.85,9.82,7.85,8.77,9.15,7.81,93.7
2018-01-11,9.88,9.69,10.02,9.62,7.84,8.13,8.17,7.63,92.24
2018-01-12,10.16,9.74,10.31,9.54,8.68,8.38,8.86,8.02,92.22
2018-01-16,11.66,10.42,12.41,10.4,11.25,10.1,12.58,10.06,106.49
2018-01-17,11.91,11.35,12.81,11.18,11.69,11.47,12.2,10.39,102.46
2018-01-18,12.22,12.01,12.4,11.62,12.37,11.7,12.38,11.3,103.68
2018-01-19,11.27,12.3,12.33,11.18,10.41,11.8,11.91,10.11,101.59
2018-01-22,11.03,11.59,11.62,10.84,10.86,11.53,11.53,10.41,99.68
2018-01-23,11.1,10.77,11.57,10.76,11.02,11.01,11.25,10.53,98.59
2018-01-24,11.47,11.0,12.19,10.89,11.45,11.2,12.57,9.87,99.77
2018-01-25,11.58,11.27,12.01,11.2,11.64,11.58,12.37,10.41,101.78
2018-01-26,11.08,11.4,11.6,11.08,10.46,11.54,11.6,9.42,98.65
2018-01-29,13.84,11.71,13.84,11.68,14.91,12.34,14.91,12.26,110.01
2018-01-30,14.79,13.93,15.42,13.88,16.2,16.26,17.21,15.26,113.48
2018-01-31,13.54,14.23,14.44,13.41,13.86,15.3,15.3,12.35,108.41
2018-02-01,13.47,13.05,14.3,12.5,13.86,14.43,14.43,12.13,105.77
2018-02-02,17.31,13.64,17.86,13.64,18.86,14.66,20.78,13.53,125.51
2018-02-05,37.32,18.44,38.8,16.8,59.34,22.07,61.38,18.15,177.34
2018-02-06,29.98,37.32,50.3,22.42,39.46,63.23,68.95,28.74,161.12
2018-02-07,27.73,31.38,31.64,21.17,32.86,36.1,36.1,22.5,159.03
2018-02-08,33.46,27.29,36.17,24.41,41.44,28.59,45.53,26.94,180.61
2018-02-09,29.06,32.18,41.06,27.73,31.64,36.64,52.49,29.88,167.28
2018-02-12,25.61,27.25,29.7,24.42,26.83,31.5,33.89,25.08,140.8
2018-02-13,24.97,26.94,27.82,24.47,25.29,29.39,29.39,24.65,136.58
2018-02-14,19.26,23.48,25.72,18.99,18.73,23.03,23.47,18.64,124.49
2018-02-15,19.13,18.39,20.66,17.6,18.58,18.21,20.81,17.21,122.76
2018-02-16,19.46,18.74,20.99,17.44,18.68,19.09,21.98,16.16,121.2
2018-02-20,20.6,20.53,21.61,19.75,20.64,23.32,23.32,19.76,122.58
2018-02-21,20.02,20.76,21.04,16.97,20.01,20.38,20.42,15.55,125.73
2018-02-22,18.72,20.57,20.61,18.07,18.13,19.94,20.79,17.31,116.98
2018-02-23,16.49,17.96,18.8,16.47,14.98,18.13,18.66,14.06,110.19
2018-02-26,15.8,16.53,16.94,15.8,15.16,16.83,17.01,15.15,107.68
2018-02-27,18.59,15.83,18.98,15.29,18.12,15.97,18.79,15.0,119.5
2018-02-28,19.85,18.08,20.44,15.65,19.19,16.94,19.86,16.35,121.7
2018-03-01,22.47,19.96,25.3,19.57,23.89,20.03,28.48,19.43,128.14
2018-03-02,19.59,22.47,26.22,19.36,18.87,28.13,29.35,18.76,114.78
2018-03-05,18.73,21.55,21.57,17.94,18.26,21.48,21.58,17.47,109.66
2018-03-06,18.36,18.25,19.64,17.68,17.23,17.4,19.11,16.86,104.61
2018-03-07,17.76,20.11,20.49,17.52,16.71,19.44,19.91,16.13,99.49
2018-03-08,16.54,17.56,17.68,14.91,15.86,16.18,17.56,15.52,96.92
2018-03-09,14.64,16.41,16.75,13.31,13.53,15.0,15.32,13.19,99.71
2018-03-12,15.78,15.28,16.35,15.18,15.24,16.0,16.11,14.63,104.94
2018-03-13,16.35,15.7,16.98,15.03,15.36,15.12,16.18,14.82,107.04
2018-03-14,17.23,16.59,17.59,14.94,17.28,15.46,17.82,15.09,110.29
2018-03-15,16.59,16.99,17.41,15.96,15.96,16.56,17.62,15.33,109.28
2018-03-16,15.8,16.6,16.72,15.23,14.93,14.93,15.07,14.04,106.49
2018-03-19,19.02,16.63,21.87,16.56,21.95,17.02,29.09,16.93,112.92
2018-03-20,18.2,18.38,19.31,18.09,19.7,21.66,22.09,19.36,107.13
2018-03-21,17.86,17.76,18.37,16.26,18.52,19.88,20.88,15.05,106.6
2018-03-22,23.34,18.13,23.81,18.12,26.31,22.57,27.11,20.39,125.12
2018-03-23,24.87,24.02,26.01,21.63,28.22,25.15,30.67,22.82,129.82
2018-03-26,21.03,23.41,24.54,20.71,22.28,25.4,28.0,22.06,113.08
2018-03-27,22.5,20.33,24.06,19.84,22.95,21.77,25.72,19.83,118.61
2018-03-28,22.87,22.52,24.94,21.71,24.94,23.21,28.19,22.74,114.02
2018-03-29,19.97,22.87,23.05,19.6,20.57,23.08,23.64,20.2,103.32
2018-04-02,23.62,21.07,25.72,20.44,27.31,24.09,31.14,23.02,111.67
2018-04-03,21.1,23.03,23.38,20.92,23.48,26.04,26.99,23.4,102.06
2018-04-04,20.06,21.68,24.51,19.86,21.95,28.38,28.38,21.56,95.44
2018-04-05,18.94,19.76,20.21,18.57,19.93,21.74,22.21,19.36,92.21
2018-04-06,21.49,20.33,23.12,18.6,23.06,22.05,26.87,20.19,98.6
2018-04-09,21.77,21.27,22.02,20.34,23.83,23.03,24.12,21.6,100.24
2018-04-10,20.47,20.51,21.68,20.24,20.92,22.39,23.57,20.68,98.21
2018-04-11,20.24,20.95,21.66,19.64,20.37,20.37,20.93,19.09,100.02
2018-04-12,18.49,19.83,19.92,18.16,17.82,18.75,19.71,17.51,98.08
2018-04-13,17.41,18.27,18.45,17.26,16.36,17.06,18.39,16.24,93.94
2018-04-16,16.56,17.59,17.66,16.38,16.57,17.31,17.55,16.28,93.22
2018-04-17,15.25,16.16,16.27,14.57,15.35,16.14,16.17,14.46,89.59
2018-04-18,15.6,15.3,16.9,14.95,14.64,16.4,16.81,14.45,92.41
2018-04-19,15.96,15.55,16.92,15.16,15.5,15.3,17.28,14.81,95.38
2018-04-20,16.88,16.16,17.5,15.19,16.23,14.84,18.02,14.63,99.21
2018-04-23,16.34,17.29,17.56,15.79,16.44,17.24,17.8,15.69,96.87
2018-04-24,18.02,16.16,19.66,15.37,19.17,15.78,21.5,15.47,100.81
2018-04-25,17.84,18.14,19.84,17.75,18.71,19.91,22.06,18.63,97.8
2018-04-26,16.24,18.07,18.12,16.24,16.01,18.49,18.58,15.98,90.71
2018-04-27,15.41,16.22,16.77,15.25,14.44,15.88,16.84,14.36,92.15
2018-04-30,15.93,15.39,16.35,15.13,16.45,15.73,17.13,14.93,94.3
2018-05-01,15.49,15.78,16.82,15.42,15.7,16.98,17.8,15.57,89.97
2018-05-02,15.97,15.48,15.97,14.75,16.53,15.93,16.53,14.7,93.79
2018-05-03,15.9,15.78,18.66,15.43,15.75,16.69,21.19,15.73,91.07
2018-05-04,14.77,15.94,16.92,10.91,13.86,17.27,17.54,13.78,88.12
2018-05-07,14.75,15.32,15.52,14.51,14.22,15.68,15.68,14.09,90.71
2018-05-08,14.71,14.53,15.56,14.52,13.98,14.72,15.35,13.94,89.5
2018-05-09,13.42,14.54,14.63,13.38,12.13,13.95,14.15,12.0,93.89
2018-05-10,13.23,13.36,13.63,12.92,12.43,12.36,12.56,11.93,93.02
2018-05-11,12.65,13.22,13.44,12.65,11.24,12.64,12.65,11.24,90.03
2018-05-14,12.93,12.95,13.28,12.81,11.92,12.61,12.86,11.92,92.62
2018-05-15,14.63,13.13,15.01,12.5,14.29,13.28,14.92,13.28,99.18
2018-05-16,13.42,14.38,14.91,13.21,12.36,13.69,13.78,12.34,94.79
2018-05-17,13.43,13.54,13.86,12.65,12.02,12.5,12.82,11.51,93.48
2018-05-18,13.42,13.18,13.87,13.06,11.48,12.49,12.54,11.31,94.76
2018-05-21,13.08,13.44,13.59,12.78,11.37,11.68,12.3,11.37,91.04
2018-05-22,13.22,13.03,13.42,12.77,10.92,11.26,11.31,10.62,90.47
2018-05-23,12.58,13.5,14.6,12.49,10.06,12.48,12.6,9.98,89.8
2018-05-24,12.53,12.73,14.24,12.53,10.33,10.85,12.74,10.29,90.64
2018-05-25,13.22,12.44,13.52,12.29,11.46,11.44,11.83,10.81,93.78
2018-05-29,17.02,14.39,18.78,14.39,17.24,15.83,19.76,14.19,108.67
2018-05-30,14.94,16.6,16.64,14.65,13.26,16.01,16.04,13.1,99.08
2018-05-31,15.43,14.93,16.29,14.2,14.12,14.09,15.26,13.15,100.63
2018-06-01,13.46,14.92,14.93,13.37,11.44,12.59,12.61,11.32,93.3
2018-06-04,12.74,13.91,13.91,12.69,12.02,13.03,13.06,11.92,90.83
2018-06-05,12.4,12.91,13.34,12.3,11.68,12.02,12.73,11.5,89.84
2018-06-06,11.64,12.1,12.56,11.62,11.03,11.69,11.95,11.01,88.12
2018-06-07,12.13,11.66,13.28,11.22,11.9,11.42,13.35,11.37,91.28
2018-06-08,12.18,12.54,13.31,12.09,11.56,12.95,13.17,11.43,93.49
2018-06-11,12.35,12.52,12.69,12.14,12.53,12.8,12.82,12.17,94.54
2018-06-12,12.34,12.29,12.6,11.88,12.03,12.36,12.54,11.52,95.71
2018-06-13,12.94,12.13,12.95,11.98,12.66,11.58,12.69,11.43,100.01
2018-06-14,12.12,12.98,13.07,11.88,11.56,12.95,13.17,11.43,98.21
2018-06-15,11.98,12.19,13.16,11.93,10.84,11.82,12.49,10.82,101.66
2018-06-18,12.31,12.79,13.74,12.28,11.69,13.72,14.07,11.64,99.87
2018-06-19,13.35,14.61,14.68,13.21,12.97,15.02,15.05,12.85,104.13
2018-06-20,12.79,12.9,13.02,12.25,12.16,11.82,12.48,11.59,98.51
2018-06-21,14.64,12.54,15.18,12.18,14.56,12.71,15.48,12.67,107.45
2018-06-22,13.77,14.6,14.6,13.11,12.16,12.36,13.05,11.96,102.49
2018-06-25,17.33,15.07,19.61,14.56,17.68,14.49,20.72,14.34,114.32
2018-06-26,15.92,16.71,17.54,15.1,15.16,16.61,17.17,14.0,107.52
2018-06-27,17.91,16.52,18.19,14.76,17.91,14.63,18.5,13.3,112.75
2018-06-28,16.85,17.54,18.99,16.4,15.83,18.29,19.02,15.29,108.88
2018-06-29,16.09,15.73,16.51,14.66,14.93,14.74,15.17,12.98,105.97
2018-07-02,15.6,17.7,18.08,15.54,14.42,17.99,18.25,14.36,104.8
2018-07-03,16.14,15.37,16.45,14.68,15.17,14.16,15.48,13.53,108.5
2018-07-05,14.97,15.62,16.22,14.47,14.14,14.27,15.63,14.08,103.22
2018-07-06,13.37,14.99,15.45,13.34,11.49,14.0,14.16,11.42,95.74
2018-07-09,12.69,13.42,13.45,12.6,10.79,11.98,12.02,10.79,94.16
2018-07-10,12.64,12.52,13.21,11.93,10.66,10.56,11.5,10.36,91.96
2018-07-11,13.63,14.05,14.15,13.09,11.8,12.54,12.6,11.42,104.5
2018-07-12,12.58,13.07,13.33,12.42,10.6,11.31,11.72,10.33,100.82
2018-07-13,12.18,12.39,12.97,11.62,10.07,10.8,11.01,9.94,99.81
2018-07-16,12.83,12.46,12.97,12.13,11.5,11.48,11.8,11.18,100.95
2018-07-17,12.06,12.91,13.18,11.85,10.56,12.18,12.18,10.32,98.56
2018-07-18,12.1,11.87,12.47,11.44,10.03,10.8,10.89,9.76,98.08
2018-07-19,12.87,12.2,13.09,11.79,11.15,10.88,11.38,10.44,100.58
2018-07-20,12.86,13.0,13.58,12.49,11.01,11.84,11.96,10.78,102.76
2018-07-23,12.62,13.47,13.55,12.58,11.34,12.2,12.62,11.3,102.04
2018-07-24,12.41,12.61,13.21,11.66,11.15,10.79,12.25,10.58,98.68
2018-07-25,12.29,12.37,12.82,11.8,11.27,11.5,11.52,10.36,94.2
2018-07-26,12.14,12.45,12.53,11.78,11.07,11.29,11.56,11.01,91.66
2018-07-27,13.03,12.17,14.26,11.6,11.59,11.33,13.92,11.14,97.15
2018-07-30,14.26,13.63,14.46,12.98,13.57,12.63,14.1,12.47,101.41
2018-07-31,12.83,13.98,14.12,12.81,11.64,12.67,12.96,11.63,94.13
2018-08-01,13.15,13.09,13.63,12.45,12.29,11.67,13.26,11.11,95.28
2018-08-02,12.19,13.57,14.53,12.17,10.51,13.94,13.94,10.38,91.66
2018-08-03,11.64,12.43,12.46,11.07,9.58,10.76,10.76,9.52,86.6
2018-08-06,11.27,11.91,12.15,11.17,9.74,10.81,10.93,9.5,84.66
2018-08-07,10.93,11.12,11.24,10.52,9.13,9.53,9.74,9.11,83.21
2018-08-08,10.85,10.93,11.18,10.52,8.86,9.35,9.67,8.56,84.42
2018-08-09,11.27,10.94,11.31,10.17,9.46,9.19,9.52,8.63,88.69
2018-08-10,13.16,11.82,13.82,11.59,13.09,11.85,13.97,11.42,99.07
2018-08-13,14.78,14.5,15.02,12.95,15.34,14.05,15.97,12.8,107.78
2018-08-14,13.31,13.93,14.22,13.11,12.62,13.7,14.16,12.27,100.34
2018-08-15,14.64,13.52,16.86,13.44,15.01,14.84,18.17,14.39,111.13
2018-08-16,13.45,14.18,14.36,12.82,12.92,12.97,13.37,11.85,103.49
2018-08-17,12.64,13.18,13.96,12.4,11.57,13.21,13.79,11.5,101.81
2018-08-20,12.49,12.57,12.79,12.26,11.42,12.11,12.32,11.33,100.77
2018-08-21,12.86,12.47,12.89,12.09,11.55,11.14,11.58,10.75,101.56
2018-08-22,12.25,13.09,13.29,11.97,10.77,12.03,12.11,10.33,95.72
2018-08-23,12.41,12.03,12.68,11.65,10.8,10.96,11.64,10.05,95.92
2018-08-24,11.99,12.13,12.17,11.83,10.17,10.32,10.58,9.87,93.95
2018-08-27,12.16,12.37,12.48,12.02,10.23,11.27,11.28,10.15,93.39
2018-08-28,12.5,12.01,12.5,11.87,10.2,10.21,10.51,9.87,92.31
2018-08-29,12.25,12.34,12.55,12.09,9.77,9.93,10.11,9.73,91.1
2018-08-30,13.53,12.25,13.95,12.24,11.49,10.32,11.91,10.13,95.11
2018-08-31,12.86,13.54,14.03,12.82,11.01,11.61,12.51,10.68,92.73
2018-09-04,13.16,13.13,14.35,13.12,11.97,13.13,14.0,11.95,95.23
2018-09-05,13.91,13.69,14.3,13.23,12.65,12.29,13.52,11.85,97.94
2018-09-06,14.65,14.21,15.41,13.72,13.46,12.64,15.23,12.28,101.36
2018-09-07,14.88,14.72,15.63,14.31,13.49,14.59,14.9,12.45,102.38
2018-09-10,14.16,15.09,15.2,13.93,12.57,13.69,13.83,12.26,100.38
2018-09-11,13.22,13.96,14.92,13.21,11.0,13.49,13.76,11.0,96.44
2018-09-12,13.14,13.07,13.86,12.91,10.67,11.05,11.73,10.46,97.24
2018-09-13,12.37,12.91,12.91,12.3,10.03,10.53,10.6,9.98,91.06
2018-09-14,12.07,12.13,13.15,11.93,9.93,10.21,10.66,8.81,88.07
2018-09-17,13.68,12.72,13.75,12.32,13.5,11.26,13.69,11.06,96.34
2018-09-18,12.79,13.48,13.48,12.56,11.74,12.38,12.47,11.56,92.49
2018-09-19,11.75,12.61,12.77,11.66,11.45,11.44,11.94,10.97,88.18
2018-09-20,11.8,11.82,11.96,11.31,11.04,10.78,11.24,10.63,87.31
2018-09-21,11.68,11.76,12.03,11.1,10.63,11.27,11.27,10.05,90.2
2018-09-24,12.2,12.46,12.92,12.18,11.63,11.99,12.9,11.6,91.51
2018-09-25,12.42,12.28,12.6,11.8,11.76,11.46,12.18,11.33,91.07
2018-09-26,12.89,12.21,13.13,11.55,12.7,11.56,12.97,10.72,91.56
2018-09-27,12.41,12.77,13.0,11.94,12.09,11.83,12.47,11.07,87.66
2018-09-28,12.12,12.59,13.22,12.09,11.17,12.73,12.84,11.07,87.31
2018-10-01,12.0,11.99,12.4,11.57,11.19,11.38,11.73,10.67,86.97
2018-10-02,12.05,12.47,12.69,11.61,11.13,11.49,11.68,10.5,88.12
2018-10-03,11.61,11.66,12.14,11.34,10.81,10.6,11.67,10.13,85.8
2018-10-04,14.22,12.84,15.84,12.42,15.42,11.85,18.88,11.81,99.44
2018-10-05,14.82,14.29,17.36,11.72,14.86,14.43,19.61,13.16,102.63
2018-10-08,15.69,16.05,18.38,15.69,14.92,17.17,18.9,14.92,102.74
2018-10-09,15.95,16.12,17.49,15.27,14.4,15.97,16.96,13.66,103.92
2018-10-10,22.96,16.03,22.96,15.83,25.98,15.64,26.1,15.63,135.61
2018-10-11,24.98,23.07,28.84,20.65,29.58,23.85,35.6,23.07,129.3
2018-10-12,21.31,21.63,26.8,20.88,22.84,25.02,32.89,21.84,124.81
2018-10-15,21.3,21.97,22.89,19.47,23.91,24.76,25.89,20.86,118.78
2018-10-16,17.62,20.28,20.56,17.55,17.85,20.72,20.98,17.78,111.78
2018-10-17,17.4,17.06,19.55,17.06,17.75,17.95,20.71,17.56,109.28
2018-10-18,20.06,18.02,21.57,17.51,22.31,19.4,24.55,18.29,116.82
2018-10-19,19.89,19.24,21.08,18.39,21.13,21.24,23.44,18.97,114.95
2018-10-22,19.64,19.38,20.89,18.82,20.67,20.72,23.62,19.57,112.15
2018-10-23,20.71,22.18,24.66,20.18,23.43,29.71,29.71,22.49,108.71
2018-10-24,25.23,21.6,26.38,20.4,31.91,23.97,34.34,23.21,118.58
2018-10-25,24.22,24.78,24.78,22.06,29.62,29.8,31.03,26.36,113.91
2018-10-26,24.16,24.51,27.52,23.33,29.89,32.21,35.41,28.81,110.49
2018-10-29,24.7,24.48,27.86,22.01,31.03,29.04,36.37,27.17,110.39
2018-10-30,23.35,23.94,25.55,23.11,28.87,32.42,32.54,28.6,106.08
2018-10-31,21.23,22.72,22.8,20.39,25.16,26.96,27.35,23.62,102.9
2018-11-01,19.34,20.96,21.21,19.03,21.54,23.68,24.33,20.83,99.57
2018-11-02,19.51,18.52,21.61,18.05,21.17,20.97,25.2,20.1,102.38
2018-11-05,19.96,20.58,20.87,19.64,21.63,22.32,23.89,21.42,101.83
2018-11-06,19.91,19.84,20.6,19.69,21.62,22.06,22.93,21.15,102.48
2018-11-07,16.36,18.03,18.05,16.33,15.54,17.39,18.01,15.49,95.75
2018-11-08,16.72,16.18,17.2,16.09,15.56,15.53,16.62,15.31,95.4
2018-11-09,17.36,16.87,18.41,16.84,15.63,16.28,17.62,15.17,100.55
2018-11-12,20.45,17.26,20.71,17.25,20.69,16.94,21.39,16.88,107.77
2018-11-13,20.02,19.45,21.25,19.11,19.38,20.19,21.61,18.23,105.32
2018-11-14,21.25,20.52,22.36,19.3,21.39,18.63,23.39,18.29,111.42
2018-11-15,19.98,20.41,22.97,19.94,19.5,22.32,24.06,19.38,107.38
2018-11-16,18.14,20.04,21.36,18.1,16.35,20.93,21.2,16.29,101.93
2018-11-19,20.1,18.78,20.99,18.52,20.43,19.17,21.79,18.5,107.13
2018-11-20,22.48,20.76,23.81,20.37,23.63,24.77,26.66,22.8,107.61
2018-11-21,20.8,21.66,22.31,20.11,19.86,22.53,22.98,19.19,100.27
2018-11-23,21.52,21.23,22.65,20.65,21.42,22.96,22.97,20.7,99.29
2018-11-26,18.9,20.78,20.8,18.67,20.04,21.69,21.71,19.55,92.17
2018-11-27,19.02,19.41,19.93,18.7,21.08,21.49,21.72,20.53,91.54
2018-11-28,18.49,18.87,19.38,18.18,21.92,21.27,22.85,21.11,93.55
2018-11-29,18.79,18.65,20.48,18.59,22.38,22.59,24.91,21.86,93.36
2018-11-30,18.07,19.18,19.91,18.03,22.11,23.15,23.15,21.94,93.59
2018-12-03,16.44,16.04,17.28,15.94,17.21,18.09,19.48,17.01,85.87
2018-12-04,20.74,16.84,21.94,16.26,25.13,17.74,26.99,17.07,96.57
2018-12-06,21.19,23.53,25.94,20.94,25.06,31.36,33.48,24.97,93.85
2018-12-07,23.23,22.42,24.71,19.9,27.47,24.77,30.52,22.6,96.49
2018-12-10,22.64,23.95,25.94,22.5,25.24,28.13,31.83,25.15,91.78
2018-12-11,21.76,22.96,23.6,21.39,23.79,23.95,26.31,22.72,89.77
2018-12-12,21.46,21.91,21.91,20.5,22.64,22.07,23.06,21.48,91.41
2018-12-13,20.65,21.0,21.57,20.34,20.33,21.53,21.81,19.98,93.0
2018-12-14,21.63,21.57,22.47,20.95,22.08,21.38,23.46,20.53,96.45
2018-12-17,24.52,22.36,25.88,21.97,28.0,23.85,29.18,23.11,101.55
2018-12-18,25.58,24.68,26.14,23.64,28.51,26.45,29.61,25.74,103.64
2018-12-19,25.58,25.15,26.64,22.5,26.16,28.79,28.9,23.61,105.05
2018-12-20,28.38,26.09,30.3,24.68,31.19,26.96,33.86,25.92,109.65
2018-12-21,30.11,28.24,31.35,25.71,33.03,30.64,35.43,27.0,106.61
2018-12-24,36.07,29.29,36.1,29.16,42.4,37.35,42.5,35.98,111.88
2018-12-26,30.41,35.5,36.2,29.59,33.92,41.09,42.9,33.33,97.32
2018-12-27,29.96,31.2,33.8,29.66,34.38,37.87,39.64,34.38,95.89
2018-12-28,28.34,29.97,31.05,27.43,31.64,33.7,35.47,30.84,91.24
2018-12-31,25.42,27.59,27.64,25.33,28.57,31.72,31.74,28.57,87.11
2019-01-02,23.22,27.54,28.53,23.05,22.82,31.46,31.46,22.82,81.66
2019-01-03,25.45,25.68,26.6,24.05,26.59,25.82,28.95,24.47,83.8
2019-01-04,21.38,24.36,24.48,21.19,20.85,24.04,24.38,20.84,84.44
2019-01-07,21.4,22.06,22.71,20.91,21.47,23.42,23.42,21.11,82.74
2019-01-08,20.47,20.96,22.03,20.09,20.13,20.88,22.92,19.85,82.41
2019-01-09,19.98,20.44,22.8,19.48,18.88,20.26,21.04,18.7,86.62
2019-01-10,19.5,20.98,21.32,19.29,17.74,20.46,21.04,17.66,86.35
2019-01-11,18.19,19.68,20.16,18.12,15.96,18.64,18.76,15.96,83.85
2019-01-14,19.07,19.84,20.27,18.7,17.04,19.43,19.46,16.9,83.01
2019-01-15,18.6,18.53,19.2,17.98,16.5,17.62,17.68,16.16,81.39
2019-01-16,19.04,18.08,19.04,17.76,16.34,16.6,16.95,15.98,83.34
2019-01-17,18.06,19.51,19.72,17.85,15.67,17.32,17.32,15.31,82.79
2019-01-18,17.8,17.8,18.18,17.17,15.04,15.7,16.21,14.98,82.49
2019-01-22,20.8,18.53,21.15,18.2,21.24,18.96,21.96,18.89,93.81
2019-01-23,19.52,20.85,22.02,19.47,19.4,20.75,22.89,19.4,88.45
2019-01-24,18.89,19.69,20.25,18.63,17.64,20.4,20.63,17.6,84.89
2019-01-25,17.42,18.43,18.46,17.31,16.39,17.53,17.8,16.24,83.38
2019-01-28,18.87,18.56,20.42,18.42,19.49,20.26,22.07,19.41,86.44
2019-01-29,19.13,19.45,19.93,18.42,19.95,19.45,21.12,19.38,86.84
2019-01-30,17.66,19.15,19.31,17.54,17.37,19.52,19.97,17.32,82.39
2019-01-31,16.57,17.39,17.72,16.54,15.61,17.23,17.27,15.42,79.24
2019-02-01,16.14,16.63,16.83,16.08,14.09,15.18,15.35,14.09,80.0
2019-02-04,15.73,16.72,16.73,15.6,13.67,15.94,15.97,13.59,77.36
2019-02-05,15.57,15.79,15.94,15.04,13.46,13.86,14.4,13.19,80.62
2019-02-06,15.38,15.44,15.87,15.09,12.73,13.51,14.03,12.69,84.99
2019-02-07,16.37,15.66,17.89,15.51,14.89,14.19,17.45,13.78,85.01
2019-02-08,15.72,16.81,17.63,15.62,13.61,16.1,17.17,13.44,82.7
2019-02-11,15.97,16.17,16.5,15.34,14.67,14.72,15.47,14.56,82.77
2019-02-12,15.43,15.23,15.65,14.95,13.47,13.95,14.1,13.38,81.63
2019-02-13,15.65,15.46,15.91,15.0,13.49,13.73,14.14,12.82,80.27
2019-02-14,16.22,15.61,17.27,15.3,14.11,15.11,15.77,13.66,81.64
2019-02-15,14.91,16.82,16.82,14.79,12.18,13.45,13.61,12.02,80.45
2019-02-19,14.88,15.65,16.16,14.64,13.38,15.2,15.21,13.19,78.64
2019-02-20,14.02,14.92,15.19,13.99,12.6,13.66,13.89,12.48,75.59
2019-02-21,14.46,14.0,15.17,13.85,13.18,13.53,14.46,12.68,76.64
2019-02-22,13.51,14.46,14.47,13.51,11.49,13.13,13.18,11.47,74.98
2019-02-25,14.85,13.91,14.9,13.44,14.06,12.85,14.09,12.57,79.35
2019-02-26,15.17,15.16,15.28,14.52,14.2,14.48,14.61,13.29,80.53
2019-02-27,14.7,15.53,16.17,14.7,13.14,14.57,15.66,13.14,80.37
2019-02-28,14.78,15.17,15.24,14.39,13.18,13.17,13.74,12.46,80.0
2019-03-01,13.57,14.57,14.84,13.41,11.33,12.39,13.19,11.08,79.27
2019-03-04,14.63,13.77,16.98,13.38,13.4,12.42,17.65,11.9,82.34
2019-03-05,14.74,14.52,15.39,14.26,13.36,13.54,14.7,12.74,82.46
2019-03-06,15.74,14.91,16.11,14.74,14.99,13.6,15.65,13.49,86.1
2019-03-07,16.59,16.33,17.81,15.54,16.15,16.09,18.47,15.17,88.7
2019-03-08,16.05,17.38,18.33,16.02,14.63,18.57,18.79,14.56,87.24
2019-03-11,14.33,16.28,16.43,14.33,13.4,16.07,16.07,13.36,81.23
2019-03-12,13.77,13.97,14.7,13.61,12.73,13.57,13.61,12.69,83.06
2019-03-13,13.41,14.0,14.05,13.25,12.53,12.41,13.3,12.17,82.76
2019-03-14,13.5,13.35,13.84,13.16,12.52,12.96,13.2,12.05,82.56
2019-03-15,12.88,13.21,13.28,12.5,11.22,12.39,12.43,11.18,82.94
2019-03-18,13.1,13.13,13.8,13.0,12.53,12.74,13.61,12.48,85.52
2019-03-19,13.56,12.89,13.77,12.37,13.53,12.24,13.93,12.22,87.36
2019-03-20,13.91,13.54,14.3,13.05,13.49,14.22,14.73,12.36,86.63
2019-03-21,13.63,14.11,14.56,13.26,13.11,13.98,13.99,12.62,83.89
2019-03-22,16.48,13.77,17.52,13.62,16.85,13.94,18.47,13.6,98.5
2019-03-25,16.33,17.76,17.85,16.26,16.41,18.89,19.57,16.38,97.2
2019-03-26,14.68,16.22,16.3,14.67,13.95,15.46,15.63,13.89,89.85
2019-03-27,15.15,14.52,16.71,14.51,14.7,14.41,17.13,14.18,91.34
2019-03-28,14.43,15.38,15.62,14.41,13.7,14.62,15.57,13.64,87.95
2019-03-29,13.71,14.19,14.43,13.64,12.34,13.16,13.64,12.06,85.82
2019-04-01,13.4,13.9,14.01,13.32,12.11,13.21,13.34,11.95,84.93
2019-04-02,13.36,13.62,13.68,13.13,11.86,12.26,12.47,11.51,83.28
2019-04-03,13.74,13.06,14.27,12.85,12.29,11.75,13.12,11.63,84.23
2019-04-04,13.58,13.84,14.03,13.4,11.58,12.44,12.45,11.31,82.15
2019-04-05,12.82,13.46,13.47,12.17,10.12,11.26,11.26,9.92,79.1
2019-04-08,13.18,13.55,13.77,13.1,10.74,11.63,11.92,10.65,81.86
2019-04-09,14.28,13.46,14.39,13.31,11.78,11.71,12.21,11.03,88.14
2019-04-10,13.3,14.09,14.29,13.27,10.14,11.45,11.62,8.77,89.49
2019-04-11,13.02,13.37,13.58,12.91,10.52,10.81,11.05,10.29,88.06
2019-04-12,12.01,12.96,12.96,11.95,9.74,10.44,10.61,9.65,84.98
2019-04-15,12.32,12.46,13.14,12.24,10.61,10.99,11.77,10.53,84.17
2019-04-16,12.18,12.26,12.47,11.85,10.76,10.39,11.09,10.23,83.58
2019-04-17,12.6,12.12,13.02,11.03,11.0,10.28,11.83,10.25,85.55
2019-04-18,12.09,12.8,13.12,12.02,9.93,10.66,11.13,9.86,84.41
2019-04-22,12.42,13.21,13.36,12.38,11.63,13.16,13.17,11.57,83.27
2019-04-23,12.28,12.66,12.69,12.08,11.64,11.71,12.16,11.48,81.43
2019-04-24,13.14,12.53,13.23,12.26,12.54,11.91,12.73,11.65,85.17
2019-04-25,13.25,13.29,14.3,12.81,12.36,13.18,14.12,11.82,86.94
2019-04-26,12.73,13.44,13.62,12.49,11.81,12.48,12.77,11.32,84.12
2019-04-29,13.11,13.04,13.27,12.65,12.52,13.0,13.0,12.29,86.08
2019-04-30,13.12,13.11,14.05,12.88,12.44,13.02,13.82,12.34,88.56
2019-05-01,14.8,12.86,14.83,12.74,14.95,12.51,15.09,12.06,95.75
2019-05-02,14.42,14.35,15.92,13.8,13.92,14.75,16.61,13.47,93.02
2019-05-03,12.87,14.11,14.15,12.8,10.96,12.5,12.5,10.96,86.23
2019-05-06,15.44,12.89,18.8,12.89,15.45,20.36,20.36,14.92,94.85
2019-05-07,19.32,15.9,21.84,15.8,20.74,18.54,24.88,18.36,111.54
2019-05-08,19.4,18.95,21.74,18.29,21.33,21.96,23.21,19.35,106.48
2019-05-09,19.1,21.4,23.38,18.87,21.86,26.44,27.26,20.88,102.92
2019-05-10,16.04,18.79,20.19,15.57,16.57,20.69,23.08,15.84,96.01
2019-05-13,20.55,18.62,21.32,18.35,22.76,22.85,24.36,21.48,105.6
2019-05-14,18.06,19.4,19.65,17.45,18.76,22.76,22.76,18.42,97.26
2019-05-15,16.44,17.57,19.15,16.41,16.31,20.35,20.4,16.12,94.53
2019-05-16,15.29,16.69,17.13,15.16,15.06,16.14,16.14,14.71,94.23
2019-05-17,15.96,15.89,16.81,14.86,16.26,17.11,17.11,14.48,99.12
2019-05-20,16.31,15.88,17.63,15.46,16.82,18.77,19.41,16.61,96.83
2019-05-21,14.95,15.86,16.22,14.79,14.5,15.81,15.81,13.98,92.38
2019-05-22,14.75,15.06,15.44,14.42,13.92,14.5,14.94,13.48,89.3
2019-05-23,16.92,15.93,18.05,15.28,17.4,16.44,18.99,16.42,94.98
2019-05-24,15.85,16.34,16.52,15.52,15.36,15.78,16.49,15.23,90.19
2019-05-28,17.5,16.55,17.7,15.9,17.98,16.84,18.53,15.92,95.08
2019-05-29,17.9,18.55,19.04,17.62,18.34,19.04,19.91,18.04,93.83
2019-05-30,17.3,17.47,18.11,16.72,17.12,17.18,18.37,16.35,92.78
2019-05-31,18.71,19.05,19.72,18.01,19.0,19.72,19.93,18.04,96.72
2019-06-03,18.86,19.41,19.75,18.16,19.26,19.3,20.46,18.59,96.03
2019-06-04,16.97,18.74,18.74,16.97,16.65,18.52,18.89,16.65,88.93
2019-06-05,16.09,17.06,17.49,16.04,14.9,16.45,17.52,14.79,86.72
2019-06-06,15.93,16.25,16.54,15.36,14.88,15.24,15.4,14.22,84.84
2019-06-07,16.3,15.65,16.44,15.33,15.02,14.44,15.41,14.31,86.0
2019-06-10,15.94,16.3,16.47,15.84,15.25,15.5,16.05,15.25,83.86
2019-06-11,15.99,15.84,16.7,15.5,15.15,14.85,16.19,14.85,84.95
2019-06-12,15.91,16.26,16.43,15.78,14.66,15.29,15.49,14.64,86.2
2019-06-13,15.82,16.16,16.21,15.61,14.59,14.85,15.01,14.37,84.73
2019-06-14,15.28,16.0,16.4,15.21,13.56,15.16,15.52,13.5,82.57
2019-06-17,15.35,15.65,15.76,15.24,14.99,15.36,15.5,14.6,83.48
2019-06-18,15.15,14.89,15.54,14.62,15.29,15.07,15.64,14.15,87.37
2019-06-19,14.33,15.05,15.71,14.15,13.87,15.32,17.01,13.7,84.58
2019-06-20,14.75,14.04,16.03,13.19,14.77,13.54,16.55,13.12,81.21
2019-06-21,15.4,14.74,15.48,14.42,14.83,14.68,14.83,13.94,83.14
2019-06-24,15.26,15.46,15.56,15.23,15.8,16.22,16.39,15.8,82.59
2019-06-25,16.28,15.43,16.68,15.1,17.01,15.8,17.74,15.78,85.16
2019-06-26,16.21,16.1,16.6,15.47,16.8,17.03,17.33,16.28,85.39
2019-06-27,15.82,15.66,16.4,15.66,16.34,16.85,17.1,16.24,86.52
2019-06-28,15.08,15.7,16.13,15.08,15.67,16.64,17.06,15.67,85.78
2019-07-01,14.06,13.85,14.64,13.8,12.51,13.2,13.41,12.32,79.58
2019-07-02,12.93,14.16,14.3,12.9,10.42,12.31,12.49,10.38,78.22
2019-07-03,12.57,13.18,13.19,12.56,9.91,10.53,10.53,9.87,80.04
2019-07-05,13.28,13.0,14.47,12.04,10.57,11.4,12.38,10.34,79.78
2019-07-08,13.96,13.73,14.44,13.64,11.12,12.31,12.53,11.02,83.66
2019-07-09,14.09,14.47,14.71,13.99,11.08,12.05,12.05,10.87,82.31
2019-07-10,13.03,14.38,14.69,12.98,9.94,10.65,10.65,9.88,85.97
2019-07-11,12.93,13.01,13.33,12.39,10.08,10.09,10.57,9.74,88.2
2019-07-12,12.39,12.76,12.82,12.28,9.88,9.9,9.93,9.48,86.14
2019-07-15,12.68,12.58,13.02,12.49,11.01,10.95,11.25,10.79,86.2
2019-07-16,12.86,12.61,13.14,12.28,11.71,10.98,12.1,10.34,88.25
2019-07-17,13.97,12.62,13.97,12.24,13.42,11.59,13.42,11.46,90.35
2019-07-18,13.53,14.45,14.5,13.19,12.68,13.4,14.29,12.1,84.04
2019-07-19,14.45,13.31,14.45,13.09,13.56,12.68,13.56,12.22,86.77
2019-07-22,13.53,14.55,14.7,13.42,13.64,15.05,15.24,13.46,81.22
2019-07-23,12.61,13.42,13.52,12.55,12.82,13.59,13.85,12.3,78.99
2019-07-24,12.07,12.8,13.1,11.98,12.19,13.39,13.39,12.13,83.89
2019-07-25,12.74,12.24,13.54,11.69,12.53,12.78,13.92,12.45,84.3
2019-07-26,12.16,12.58,12.72,12.01,11.54,12.23,12.29,11.5,83.11
2019-07-29,12.83,12.15,13.17,12.15,12.67,12.69,13.4,12.56,88.16
2019-07-30,13.94,12.87,14.18,12.87,14.46,14.33,14.61,13.61,91.58
2019-07-31,16.12,13.83,16.55,13.46,18.41,14.44,18.41,12.36,96.28
2019-08-01,17.87,15.41,19.46,13.73,19.32,15.57,22.44,13.1,105.47
2019-08-02,17.61,17.69,20.11,17.04,17.69,19.5,22.31,17.69,102.69
2019-08-05,24.59,19.96,24.81,19.91,29.14,24.12,30.16,23.73,114.4
2019-08-06,20.17,22.29,22.87,19.77,21.84,24.32,25.46,21.24,107.45
2019-08-07,19.49,20.7,23.67,18.94,20.95,25.56,27.65,19.98,104.27
2019-08-08,16.91,19.36,19.89,16.82,16.77,19.66,19.76,16.46,98.66
2019-08-09,17.97,18.14,19.44,17.31,17.75,16.76,20.2,16.76,101.52
2019-08-12,21.09,17.87,21.26,17.77,22.45,21.47,23.13,19.87,110.31
2019-08-13,17.52,21.28,21.64,17.52,17.49,22.08,22.29,17.49,102.21
2019-08-14,22.1,17.81,22.71,17.75,24.42,17.62,25.27,17.62,113.99
2019-08-15,21.18,21.58,24.1,20.78,22.45,24.19,25.86,22.04,112.26
2019-08-16,18.47,20.48,20.5,18.41,18.36,22.5,22.5,18.14,110.32
2019-08-19,16.88,17.93,18.22,16.52,17.2,17.48,17.76,16.49,101.22
2019-08-20,17.5,16.78,17.7,16.45,18.43,17.64,18.94,16.77,104.77
2019-08-21,15.8,17.01,17.04,15.51,16.09,16.25,16.86,15.86,98.03
2019-08-22,16.68,16.12,17.68,15.63,16.71,15.81,18.41,15.63,100.94
2019-08-23,19.87,16.15,21.07,16.04,21.55,19.01,24.16,16.11,111.37
2019-08-26,19.32,20.34,21.33,19.06,19.82,22.28,23.51,19.47,106.27
2019-08-27,20.31,20.18,21.04,18.49,20.81,19.12,21.99,18.4,106.49
2019-08-28,19.35,20.55,21.64,19.1,19.16,22.0,22.67,18.9,103.95
2019-08-29,17.88,19.02,19.2,17.6,16.85,17.44,18.57,16.76,99.8
2019-08-30,18.98,17.94,19.18,17.09,18.6,16.81,18.86,16.21,102.66
2019-09-03,19.66,20.96,21.15,19.41,19.07,20.76,21.59,18.94,102.19
2019-09-04,17.33,18.23,18.83,17.26,15.6,16.87,17.65,15.46,97.3
2019-09-05,16.27,16.92,17.05,15.45,14.59,14.91,14.93,13.01,95.51
2019-09-06,15.0,15.92,16.06,14.91,12.39,14.16,14.29,12.34,94.4
2019-09-09,15.27,15.26,16.13,14.95,13.66,13.73,14.98,13.52,94.5
2019-09-10,15.2,15.53,16.52,15.11,13.76,14.59,15.65,13.34,94.12
2019-09-11,14.61,15.33,15.52,14.55,13.13,14.1,14.13,13.09,97.79
2019-09-12,14.22,14.69,14.94,13.85,13.1,13.24,13.79,11.2,95.94
2019-09-13,13.74,14.16,14.31,13.51,12.62,13.06,13.43,12.26,98.93
2019-09-16,14.67,14.89,15.29,14.5,14.6,15.04,15.18,14.14,101.73
2019-09-17,14.44,14.92,15.03,14.4,14.54,14.95,15.25,14.43,101.67
2019-09-18,13.95,14.61,15.8,13.8,14.13,15.15,17.31,13.71,99.09
2019-09-19,14.05,14.66,14.66,13.31,13.18,14.1,14.1,12.18,97.3
2019-09-20,15.32,13.94,15.84,13.35,14.68,12.2,15.67,11.78,101.03
2019-09-23,14.91,15.35,16.0,14.71,9.83,12.43,15.43,8.88,97.6
2019-09-24,17.05,14.77,17.62,14.33,17.73,13.49,18.69,13.12,104.96
2019-09-25,15.96,17.05,18.45,15.69,15.3,17.77,19.66,14.93,99.68
2019-09-26,16.07,16.23,17.09,15.35,15.2,15.51,17.4,14.57,100.31
2019-09-27,17.22,15.77,18.69,15.15,16.77,15.14,19.41,13.44,103.2
2019-09-30,16.24,17.23,17.35,16.2,15.28,16.97,17.03,15.2,97.62
2019-10-01,18.56,16.02,18.62,15.79,18.94,15.26,19.29,14.65,102.74
2019-10-02,20.56,18.75,21.46,18.75,21.71,20.31,23.43,20.24,103.81
2019-10-03,19.12,20.11,21.44,19.03,19.48,21.01,23.04,19.23,98.2
2019-10-04,17.04,19.42,19.97,16.97,16.27,18.7,18.7,16.02,95.19
2019-10-07,17.86,18.27,18.52,16.44,17.7,18.43,18.65,16.32,97.04
2019-10-08,20.28,17.61,20.38,17.42,20.29,19.89,20.74,18.32,102.27
2019-10-09,18.64,19.94,20.0,17.77,18.26,19.39,19.93,16.86,101.25
2019-10-10,17.57,19.28,19.8,17.56,17.78,19.9,19.94,17.6,99.66
2019-10-11,15.58,17.35,17.44,15.11,15.28,16.93,17.75,14.59,97.7
2019-10-14,14.57,15.66,16.5,14.51,14.01,16.09,16.09,13.88,94.43
2019-10-15,13.54,13.94,14.43,13.39,12.3,13.44,13.44,12.25,93.98
2019-10-16,13.68,13.94,14.26,13.6,11.92,13.05,13.44,11.8,93.16
2019-10-17,13.79,13.79,14.18,13.31,11.9,12.12,12.73,11.62,90.27
2019-10-18,14.25,14.2,15.16,13.78,12.35,12.89,13.86,12.26,91.2
2019-10-21,14.0,14.24,14.63,14.0,12.61,13.46,13.72,12.61,87.29
2019-10-22,14.46,13.99,14.61,13.7,13.3,12.53,13.52,12.05,89.32
2019-10-23,14.01,14.83,15.12,14.01,12.27,13.46,13.66,12.27,87.59
2019-10-24,13.71,13.98,14.34,13.4,11.89,12.17,12.92,11.4,86.55
2019-10-25,12.65,13.53,13.79,12.62,10.33,12.07,12.07,10.33,83.82
2019-10-28,13.11,13.01,13.14,12.66,11.7,11.54,11.76,11.29,86.48
2019-10-29,13.2,13.16,13.52,13.07,11.75,12.19,12.3,11.6,87.75
2019-10-30,12.33,13.23,13.77,12.27,10.67,12.21,13.03,10.6,86.47
2019-10-31,13.22,12.21,13.95,12.19,11.58,11.67,12.97,11.41,88.92
2019-11-01,12.3,12.99,13.12,12.25,9.84,10.81,11.56,9.79,85.69
2019-11-04,12.83,12.68,13.13,12.44,11.08,11.17,11.71,10.76,88.75
2019-11-05,13.1,12.85,13.28,12.25,10.99,11.58,11.58,10.64,90.98
2019-11-06,12.62,13.18,13.39,12.6,9.47,11.14,11.86,9.47,89.59
2019-11-07,12.73,12.59,12.89,12.26,10.16,10.04,10.3,9.68,90.15
2019-11-08,12.07,12.98,13.05,12.0,9.32,10.15,10.76,9.3,89.06
2019-11-11,12.69,13.15,13.49,12.66,10.69,9.3,11.8,9.3,89.56
2019-11-12,12.68,12.64,13.1,12.36,10.8,10.87,11.34,10.44,90.35
2019-11-13,13.0,12.91,13.9,12.88,10.97,11.93,11.97,10.92,93.5
2019-11-14,13.05,13.16,13.81,12.93,11.23,11.46,12.03,10.91,93.45
2019-11-15,12.05,12.95,12.97,11.92,9.67,10.86,11.07,9.57,93.35
2019-11-18,12.46,12.39,13.1,12.32,10.18,9.67,11.62,9.67,93.99
2019-11-19,12.86,12.33,13.01,12.16,10.25,10.12,10.7,9.69,95.95
2019-11-20,12.78,13.42,14.17,12.61,10.2,10.66,12.91,9.84,95.36
2019-11-21,13.13,13.35,13.86,12.49,10.56,10.75,11.76,10.32,96.09
2019-11-22,12.34,12.82,13.25,12.33,9.22,10.53,10.88,9.22,94.4
2019-11-25,11.87,12.51,12.59,11.73,9.76,10.36,10.38,9.64,90.24
2019-11-26,11.54,11.88,12.04,11.42,9.5,9.92,10.04,9.45,89.88
2019-11-27,11.75,11.55,11.79,11.44,9.9,9.69,9.93,9.06,90.2
2019-11-29,12.62,12.5,12.83,12.12,11.36,11.36,11.68,10.97,91.05
2019-12-02,14.91,12.69,15.27,12.55,15.3,13.29,16.2,13.29,98.91
2019-12-03,15.96,14.68,17.99,14.61,16.86,19.35,20.59,16.47,102.65
2019-12-04,14.8,16.38,16.4,14.12,14.92,15.88,16.01,14.03,98.72
2019-12-05,14.52,14.46,15.37,14.17,13.94,14.54,15.63,13.69,98.12
2019-12-06,13.62,14.37,14.47,13.19,12.81,12.47,12.85,12.2,96.52
2019-12-09,15.86,14.25,16.07,12.25,17.06,14.7,17.41,14.27,101.89
2019-12-10,15.68,15.8,16.9,14.93,16.24,16.58,17.89,15.97,101.03
2019-12-11,14.99,15.57,15.97,14.98,15.27,16.73,17.03,14.36,104.82
2019-12-12,13.94,14.94,15.55,13.6,14.67,16.25,16.7,13.81,101.3
2019-12-13,12.63,13.18,14.35,12.54,12.41,14.94,15.35,11.84,96.61
2019-12-16,12.14,12.47,12.53,11.71,11.63,11.01,12.08,10.58,94.21
2019-12-17,12.29,12.23,12.47,11.9,11.16,11.35,11.6,10.87,98.56
2019-12-18,12.58,12.24,12.7,11.93,10.3,10.71,10.88,9.9,99.2
2019-12-19,12.5,12.55,12.78,12.43,9.39,10.26,10.29,9.33,97.25
2019-12-20,12.51,12.55,12.61,12.04,9.27,8.82,9.36,8.55,99.29
2019-12-23,12.61,12.81,12.9,12.41,9.83,10.37,10.48,9.59,99.82
2019-12-24,12.67,12.65,12.84,12.56,9.56,9.84,10.08,9.49,98.83
2019-12-26,12.65,12.74,12.75,11.72,9.94,10.11,10.16,9.71,97.46
2019-12-27,13.43,12.61,13.72,11.89,11.0,10.32,11.58,10.3,99.63
2019-12-30,14.82,13.74,15.14,13.44,13.77,10.99,14.46,10.99,100.02
2019-12-31,13.78,14.84,15.39,13.75,13.26,14.47,14.69,13.16,94.1
2020-01-02,12.47,13.46,13.72,12.42,10.6,12.44,12.75,10.43,89.67
2020-01-03,14.02,15.01,16.2,13.13,12.78,14.88,14.88,11.91,93.79
2020-01-06,13.85,15.45,16.39,13.54,12.42,15.89,15.89,12.11,92.66
2020-01-07,13.79,13.84,14.46,13.39,12.34,13.2,13.56,11.73,91.07
2020-01-08,13.45,15.16,15.24,12.83,12.22,13.43,13.45,10.81,90.21
2020-01-09,12.54,12.95,13.24,12.53,10.86,11.65,11.77,10.83,87.81
2020-01-10,12.56,12.42,12.87,12.09,10.57,10.51,11.08,9.8,88.33
2020-01-13,12.32,12.84,13.09,12.32,10.05,11.39,11.67,10.05,88.48
2020-01-14,12.39,12.72,13.82,12.05,10.18,10.29,11.11,9.49,86.87
2020-01-15,12.42,12.79,12.83,11.95,9.69,10.35,10.43,9.68,91.15
2020-01-16,12.32,12.2,12.42,11.78,9.71,9.49,9.83,9.24,90.38
2020-01-17,12.1,12.21,12.48,11.75,9.04,9.73,9.84,8.98,91.75
2020-01-21,12.85,13.23,13.33,12.32,11.38,11.82,12.17,11.01,92.98
2020-01-22,12.91,12.45,13.01,12.31,11.03,11.25,11.28,10.41,91.11
2020-01-23,12.98,13.26,14.15,12.94,11.4,11.0,13.01,11.0,92.54
2020-01-24,14.56,12.75,15.98,12.62,14.65,11.39,17.8,11.27,98.43
2020-01-27,18.23,17.42,19.02,16.82,21.3,14.58,22.15,14.58,107.39
2020-01-28,16.28,16.94,18.03,15.69,18.34,19.12,19.88,17.35,102.11
2020-01-29,16.39,15.68,16.65,14.94,18.12,16.88,19.2,16.24,99.07
2020-01-30,15.49,17.82,18.39,15.3,16.41,20.19,21.23,16.11,96.49
2020-01-31,18.84,16.25,19.99,16.18,21.66,18.23,23.33,18.07,105.6
2020-02-03,17.97,18.64,18.88,17.1,19.23,20.09,20.31,18.29,102.95
2020-02-04,16.05,16.45,16.46,15.63,15.81,16.29,16.61,15.68,96.18
2020-02-05,15.15,16.29,16.32,15.02,13.69,14.74,15.75,13.52,92.82
2020-02-06,14.96,15.13,15.66,14.7,12.98,13.95,14.57,12.8,93.61
2020-02-07,15.47,15.07,16.16,14.81,13.73,14.38,15.21,12.9,96.01
2020-02-10,15.04,15.88,16.43,15.01,12.89,15.54,15.54,12.85,96.81
2020-02-11,15.18,14.91,15.27,14.38,13.04,12.3,13.23,11.94,96.96
2020-02-12,13.74,14.86,14.88,13.73,10.84,11.97,11.97,10.76,96.65
2020-02-13,14.15,14.43,15.44,14.0,11.83,12.9,13.06,11.55,99.17
2020-02-14,13.68,14.12,14.54,13.38,10.98,11.85,12.31,10.95,98.17
2020-02-18,14.83,14.98,15.49,14.53,13.02,13.94,14.7,12.91,101.02
2020-02-19,14.38,14.66,14.74,14.21,11.88,12.27,12.48,11.81,95.92
2020-02-20,15.56,14.54,17.21,14.49,13.86,12.91,16.81,12.31,99.48
2020-02-21,17.08,17.33,18.21,16.19,15.77,15.93,18.16,15.48,104.86
2020-02-24,25.03,22.25,26.35,22.0,31.9,27.46,33.45,24.77,112.72
2020-02-25,27.85,22.19,30.25,22.19,36.35,26.81,39.45,26.81,121.01
2020-02-26,27.56,26.63,29.57,24.76,34.84,33.12,36.85,29.9,113.44
2020-02-27,39.16,28.95,39.31,27.79,54.74,40.94,54.9,37.5,118.0
2020-02-28,40.11,42.02,49.48,39.37,52.9,60.19,70.48,52.12,125.73
2020-03-02,33.42,34.86,43.77,31.5,42.17,49.32,53.55,36.41,114.69
2020-03-03,36.82,33.64,41.06,24.93,47.34,42.37,53.72,31.43,116.72
2020-03-04,31.99,34.44,35.58,30.3,37.06,38.69,42.81,34.57,113.97
2020-03-05,39.62,33.61,42.84,33.54,48.63,45.0,55.09,40.85,119.66
2020-03-06,41.94,41.46,54.39,40.84,48.55,59.81,68.91,46.1,127.16
2020-03-09,54.46,41.94,62.12,41.94,70.3,48.62,76.77,48.62,137.19
2020-03-10,47.3,49.68,55.66,43.56,57.39,60.23,69.68,55.31,138.82
2020-03-11,53.9,52.24,55.82,49.98,68.21,64.49,70.94,60.23,146.93
2020-03-12,75.47,61.46,76.83,59.91,103.56,68.0,103.58,68.0,155.05
2020-03-13,57.83,71.31,77.57,55.17,69.87,80.57,102.31,65.05,171.28
2020-03-16,82.69,57.83,83.56,57.83,106.66,69.87,109.46,69.87,207.59
2020-03-17,75.91,82.69,84.83,70.37,92.93,103.09,110.92,85.08,194.43
2020-03-18,76.45,69.37,85.47,69.37,97.22,92.46,111.68,86.8,181.33
2020-03-19,72.0,80.62,84.26,68.57,91.02,98.77,107.42,87.38,181.76
2020-03-20,66.04,67.86,69.51,57.42,83.47,85.52,87.38,72.09,187.18
2020-03-23,61.59,74.08,76.74,60.46,78.76,90.13,92.38,77.83,167.93
2020-03-24,61.67,58.76,61.88,36.24,78.04,68.82,78.89,68.11,171.91
2020-03-25,63.95,61.44,68.86,58.03,81.3,81.99,84.66,76.58,171.89
2020-03-26,61.0,65.67,67.06,57.66,73.61,74.4,76.68,67.61,169.58
2020-03-27,65.54,64.95,69.1,61.8,72.33,82.63,82.63,69.07,168.71
2020-03-30,57.08,66.3,67.69,56.6,62.8,72.14,73.94,62.16,157.66
2020-03-31,53.54,56.69,58.75,50.88,60.16,61.02,65.73,56.24,152.92
2020-04-01,57.06,57.38,60.59,52.76,61.33,68.87,68.87,57.08,156.99
2020-04-02,50.91,54.46,57.24,50.45,52.81,58.78,61.1,52.29,147.33
2020-04-03,46.8,51.11,52.29,46.74,46.66,51.16,52.05,46.37,143.52
2020-04-06,45.24,44.17,45.73,43.45,47.02,45.56,47.86,44.26,143.3
2020-04-07,46.7,44.83,47.51,43.51,48.34,45.6,50.16,44.85,134.45
2020-04-08,43.35,45.9,47.28,42.53,42.46,44.87,47.12,41.88,141.37
2020-04-09,41.67,43.0,45.73,41.39,40.42,42.96,43.81,40.09,137.75
2020-04-13,41.17,44.6,45.04,41.17,41.74,46.43,48.82,41.65,138.68
2020-04-14,37.76,40.24,40.57,37.31,38.81,39.63,40.32,38.74,131.78
2020-04-15,40.84,39.4,43.23,39.34,41.64,44.25,44.98,41.13,135.93
2020-04-16,40.11,41.92,43.02,39.87,40.49,41.62,44.19,40.04,129.55
2020-04-17,38.15,39.5,40.26,37.63,36.18,40.22,40.96,20.07,127.15
2020-04-20,43.83,40.68,43.83,39.88,44.0,43.25,44.04,39.95,132.04
2020-04-21,45.41,44.28,47.77,43.77,45.46,46.37,48.38,44.68,132.22
2020-04-22,41.98,44.91,45.07,41.41,40.21,42.8,43.21,32.18,124.1
2020-04-23,41.38,41.3,42.47,39.06,39.35,38.65,40.47,36.14,121.86
2020-04-24,35.93,41.91,42.08,35.6,31.72,37.27,38.18,31.15,119.88
2020-04-27,33.29,36.29,36.44,32.51,31.41,33.89,33.91,30.94,120.56
2020-04-28,33.57,33.21,35.39,30.54,32.44,29.77,35.59,29.77,117.79
2020-04-29,31.23,32.48,33.19,30.71,29.66,30.39,31.32,29.57,115.98
2020-04-30,34.15,30.99,35.94,30.93,32.88,32.45,35.23,31.54,118.53
2020-05-01,37.19,38.17,39.57,36.59,35.57,37.64,39.36,34.89,122.15
2020-05-04,35.97,39.13,40.32,35.53,35.45,40.13,40.73,34.92,121.25
2020-05-05,33.61,34.82,36.22,31.95,33.19,33.5,33.51,30.53,118.87
2020-05-06,34.12,32.69,35.69,31.68,33.98,30.98,34.06,30.59,119.16
2020-05-07,31.44,32.12,32.28,30.37,29.75,30.08,30.94,28.77,115.83
2020-05-08,27.98,30.14,30.39,27.89,24.89,27.36,27.96,24.71,115.65
2020-05-11,27.57,28.46,31.46,26.97,26.17,30.04,30.12,25.72,118.71
2020-05-12,33.04,28.47,33.04,26.0,33.36,24.55,33.36,24.42,130.75
2020-05-13,35.28,32.74,37.42,30.77,34.63,32.32,39.33,31.15,142.75
2020-05-14,32.61,35.16,39.28,32.33,31.66,37.74,39.52,31.05,137.05
2020-05-15,31.89,32.5,35.13,31.04,29.71,33.41,34.48,28.7,133.02
2020-05-18,29.3,30.71,31.08,28.35,27.62,27.52,27.72,26.61,125.9
2020-05-19,30.53,28.73,30.74,28.37,28.03,27.81,28.4,25.6,125.6
2020-05-20,27.99,29.52,29.83,27.83,24.93,25.14,26.27,24.75,120.04
2020-05-21,29.53,28.97,30.2,27.67,26.15,24.84,28.24,24.22,122.08
2020-05-22,28.16,31.36,31.55,28.03,23.47,26.08,26.91,23.18,118.38
2020-05-26,28.01,27.72,28.58,27.18,25.5,25.16,26.35,24.83,113.59
2020-05-27,27.62,27.62,30.53,25.92,25.17,24.93,29.13,24.59,109.82
2020-05-28,28.59,27.82,29.89,27.43,26.02,26.19,28.03,24.74,108.99
2020-05-29,27.51,29.3,30.16,27.29,24.59,28.71,28.88,24.39,105.6
2020-06-01,28.23,28.94,30.6,28.11,27.08,30.41,30.42,27.02,106.47
2020-06-02,26.84,28.4,28.52,26.66,25.06,27.27,27.57,24.81,104.83
2020-06-03,25.66,26.75,26.98,25.04,23.97,25.1,25.38,23.22,106.85
2020-06-04,25.81,26.23,26.43,24.38,23.56,24.27,24.48,21.83,109.88
2020-06-05,24.52,24.79,25.09,23.54,22.63,21.97,23.4,21.54,107.59
2020-06-08,25.81,25.56,25.98,24.65,25.18,24.95,25.44,24.27,110.05
2020-06-09,27.57,25.93,27.7,25.71,26.92,25.87,27.09,25.33,111.0
2020-06-10,27.57,26.73,29.01,26.06,27.1,26.93,29.37,19.54,116.53
2020-06-11,40.79,30.45,42.58,29.49,42.06,32.39,47.21,29.39,146.84
2020-06-12,36.09,37.68,44.16,34.97,36.52,37.47,47.47,34.48,151.6
2020-06-15,34.4,44.09,44.44,34.28,35.98,44.5,45.38,35.93,141.83
2020-06-16,33.67,34.28,37.45,31.73,35.38,34.75,40.43,33.07,143.24
2020-06-17,33.47,33.28,35.17,32.25,33.98,35.47,37.15,32.63,139.94
2020-06-18,32.94,33.83,36.25,32.24,32.05,36.04,36.04,31.11,135.29
2020-06-19,35.12,32.07,35.12,30.4,33.92,29.68,34.78,28.93,138.35
2020-06-22,31.77,35.22,35.39,31.64,31.23,34.84,35.68,31.1,133.98
2020-06-23,31.37,31.71,31.71,29.26,30.29,30.03,30.87,28.88,130.73
2020-06-24,33.84,31.05,37.12,30.95,33.25,31.77,38.27,30.79,136.89
2020-06-25,32.22,36.59,36.93,31.59,30.92,33.29,36.76,30.36,127.2
2020-06-26,34.73,33.01,36.25,31.04,33.31,30.94,36.31,30.93,128.63
2020-06-29,31.78,35.05,36.31,31.78,30.42,34.86,36.93,30.42,121.32
2020-06-30,30.43,32.54,32.94,29.56,29.14,31.16,31.28,27.16,120.76
2020-07-01,28.62,30.96,31.76,28.2,25.2,28.07,28.39,24.92,120.83
2020-07-02,27.68,28.33,28.44,25.9,22.64,23.38,25.22,22.0,115.47
2020-07-06,27.94,27.76,28.33,24.92,25.23,25.8,26.45,24.88,116.57
2020-07-07,29.43,28.77,29.63,27.25,26.84,25.92,27.2,24.54,118.12
2020-07-08,28.08,28.95,30.2,27.24,23.67,25.89,27.59,23.59,113.34
2020-07-09,29.26,28.18,31.48,26.11,25.55,23.35,29.49,23.34,115.11
2020-07-10,27.29,30.86,30.91,27.13,22.59,26.11,27.56,22.39,109.71
2020-07-13,32.19,27.85,32.45,26.87,30.31,24.85,31.0,24.79,123.3
2020-07-14,29.52,31.14,33.67,29.21,27.78,31.44,33.4,27.49,112.75
2020-07-15,27.76,29.15,30.09,27.17,25.22,26.67,29.48,25.22,113.71
2020-07-16,28.0,28.41,29.29,26.98,25.85,26.64,27.36,24.55,115.62
2020-07-17,25.68,27.15,27.54,25.41,22.16,24.11,25.12,21.9,117.97
2020-07-20,24.46,26.94,27.08,24.35,22.52,24.66,24.98,22.49,112.51
2020-07-21,24.84,24.08,25.65,23.61,23.33,22.46,24.13,22.16,115.46
2020-07-22,24.32,24.56,26.26,24.13,21.65,23.93,24.33,21.53,112.84
2020-07-23,26.08,23.97,26.95,23.6,24.1,22.28,26.07,21.66,116.7
2020-07-24,25.84,27.96,28.58,25.53,22.7,26.93,28.04,22.26,117.22
2020-07-27,24.74,26.6,26.94,24.55,22.38,25.25,25.45,22.3,112.71
2020-07-28,25.44,24.86,25.85,24.05,23.54,23.15,24.1,22.0,113.88
2020-07-29,24.1,25.16,25.42,23.73,21.93,23.0,23.03,21.67,110.95
2020-07-30,24.76,25.04,28.29,24.64,22.79,25.26,27.78,22.65,112.16
2020-07-31,24.46,24.79,26.41,23.55,20.61,22.83,25.21,19.73,112.04
2020-08-03,24.28,25.75,26.01,22.17,20.95,22.48,22.65,20.88,111.02
2020-08-04,23.76,24.01,24.76,22.92,20.44,21.28,21.77,20.39,109.0
2020-08-05,22.99,23.44,23.61,22.86,19.02,20.03,20.08,18.65,105.67
2020-08-06,22.65,23.03,24.11,20.97,19.4,19.96,20.36,18.92,105.84
2020-08-07,22.21,23.45,24.02,22.02,18.08,20.79,20.79,17.96,108.18
2020-08-10,22.13,22.88,23.52,21.46,18.88,20.09,21.62,18.78,111.13
2020-08-11,24.03,21.85,24.93,20.28,21.89,18.45,23.58,18.26,118.34
2020-08-12,22.28,22.82,22.88,21.54,18.9,19.22,19.71,18.26,115.73
2020-08-13,22.13,22.2,22.92,21.45,18.54,19.4,19.89,17.91,115.18
2020-08-14,22.05,22.27,23.55,21.79,17.87,19.49,19.73,17.46,114.35
2020-08-17,21.35,22.52,22.82,21.34,17.6,19.54,19.56,17.56,110.35
2020-08-18,21.51,21.69,22.55,21.18,17.82,17.88,19.49,17.57,112.59
2020-08-19,22.54,21.6,22.98,20.99,19.23,17.97,19.64,17.28,114.72
2020-08-20,22.72,24.1,24.6,22.37,18.85,21.91,21.91,18.35,112.99
2020-08-21,22.54,22.58,24.47,22.06,18.01,19.72,20.21,17.58,111.25
2020-08-24,22.37,22.87,23.18,21.25,18.81,19.68,20.35,18.63,108.25
2020-08-25,22.03,22.16,23.43,21.53,18.09,19.49,20.25,18.01,103.88
2020-08-26,23.27,22.14,23.27,20.92,19.96,18.16,19.97,17.66,105.8
2020-08-27,24.47,23.42,27.09,21.44,20.19,19.28,24.6,19.15,114.74
2020-08-28,22.96,24.59,26.3,22.64,17.13,20.86,22.36,16.65,111.56
2020-08-31,26.41,23.91,26.5,21.77,21.1,20.64,21.66,19.6,119.01
2020-09-01,26.12,25.86,26.59,25.02,19.65,20.97,21.57,19.24,120.1
2020-09-02,26.57,26.01,27.07,25.53,20.71,19.94,21.1,19.18,122.01
2020-09-03,33.6,26.28,35.94,25.66,30.45,21.52,34.79,20.88,132.91
2020-09-04,30.75,34.62,38.28,29.5,29.41,30.21,40.2,28.14,122.14
2020-09-08,31.46,30.61,35.93,30.52,32.91,38.28,38.28,31.91,123.56
2020-09-09,28.81,31.68,31.78,28.12,29.09,30.43,30.82,27.41,121.54
2020-09-10,29.71,28.67,30.56,27.59,30.43,27.49,31.56,26.81,120.58
2020-09-11,26.87,28.63,29.73,26.51,26.33,28.53,30.88,25.4,113.95
2020-09-14,25.85,25.86,26.79,25.38,25.06,26.62,26.88,24.5,111.27
2020-09-15,25.59,25.92,26.0,24.92,24.22,24.36,24.82,23.6,108.97
2020-09-16,26.04,25.31,26.59,24.84,23.77,24.36,24.95,22.5,103.48
2020-09-17,26.46,28.22,28.92,26.26,24.95,28.37,28.37,24.79,100.37
2020-09-18,25.83,26.65,28.1,25.28,24.02,24.57,28.05,23.92,101.19
2020-09-21,27.78,28.04,31.18,27.39,28.11,31.09,32.9,27.56,108.74
2020-09-22,26.86,28.61,28.78,26.48,25.95,27.77,28.57,25.43,104.69
2020-09-23,28.58,27.02,29.73,25.19,27.97,25.44,29.8,25.12,107.35
2020-09-24,28.51,29.54,30.49,27.94,27.65,28.06,30.88,27.14,102.26
2020-09-25,26.38,28.17,30.43,26.02,24.57,27.6,29.14,24.19,99.64
2020-09-28,26.19,27.15,27.19,24.9,25.21,26.37,26.61,25.11,101.85
2020-09-29,26.27,26.81,27.43,25.98,25.99,26.26,27.53,25.45,96.93
2020-09-30,26.37,26.69,27.12,25.06,25.77,25.64,26.41,24.48,101.58
2020-10-01,26.7,25.78,27.11,25.33,24.8,25.14,26.42,24.66,101.0
2020-10-02,27.63,28.87,29.9,26.93,24.64,27.44,27.44,23.58,102.72
2020-10-05,27.96,29.52,29.69,27.27,23.51,25.36,25.39,23.44,103.22
2020-10-06,29.48,28.05,30.0,26.01,25.08,23.07,26.03,21.78,106.14
2020-10-07,28.06,29.26,29.76,27.94,21.74,23.36,23.55,21.74,104.19
2020-10-08,26.36,27.65,27.99,24.88,19.94,21.62,21.96,19.88,104.8
2020-10-09,25.0,26.2,26.22,24.03,18.85,19.55,19.57,18.2,109.22
2020-10-12,25.07,25.65,25.65,24.14,20.3,20.04,21.17,19.48,109.68
2020-10-13,26.07,25.67,26.93,25.16,21.39,20.33,22.61,20.33,110.97
2020-10-14,26.4,25.72,27.23,25.53,21.3,21.52,22.69,20.7,116.93
2020-10-15,26.97,27.1,29.06,26.82,21.38,24.41,24.41,20.88,117.59
2020-10-16,27.41,27.16,27.46,26.19,21.64,21.51,21.64,20.24,115.92
2020-10-19,29.18,27.36,29.69,27.04,24.65,23.41,25.92,23.22,119.76
2020-10-20,29.35,28.81,29.6,28.29,24.57,24.51,25.23,23.76,119.59
2020-10-21,28.65,29.12,30.55,28.37,23.2,24.9,25.03,23.1,117.47
2020-10-22,28.11,30.1,30.12,27.68,24.06,24.95,25.58,23.84,118.6
2020-10-23,27.55,28.47,28.67,27.26,24.29,24.85,25.84,23.84,118.94
2020-10-26,32.46,29.38,33.68,29.22,35.91,30.91,37.46,30.47,133.08
2020-10-27,33.35,32.04,33.77,31.85,37.29,36.59,38.08,36.1,135.32
2020-10-28,40.28,34.69,40.77,34.68,47.9,44.13,50.16,41.0,152.01
2020-10-29,37.59,38.8,41.16,35.63,44.34,47.74,49.77,42.25,147.84
2020-10-30,38.02,40.81,41.09,36.5,44.33,44.09,48.54,42.86,145.24
2020-11-02,37.13,38.57,38.78,36.13,43.86,45.46,46.51,43.37,142.65
2020-11-03,35.55,36.44,36.44,34.19,43.2,42.42,43.49,40.67,136.28
2020-11-04,29.57,36.79,36.85,28.03,32.46,43.2,43.2,30.29,122.12
2020-11-05,27.58,27.56,28.14,26.04,28.09,32.5,32.5,27.16,117.68
2020-11-06,24.86,27.87,29.44,24.56,23.96,27.7,28.61,23.4,112.92
2020-11-09,25.75,24.8,25.82,22.41,26.71,23.96,26.78,22.75,116.78
2020-11-10,24.8,25.36,26.77,24.35,24.43,26.75,28.08,24.01,116.05
2020-11-11,23.45,25.01,25.12,22.57,21.59,24.43,24.43,21.49,118.32
2020-11-12,25.35,24.39,27.27,23.53,23.88,22.26,26.94,21.6,121.57
2020-11-13,23.1,24.94,25.03,22.74,21.01,22.0,22.19,20.38,114.39
2020-11-16,22.45,23.66,24.08,22.43,19.33,21.01,22.08,19.24,115.0
2020-11-17,22.71,22.84,24.09,22.34,18.81,19.31,21.28,18.47,116.25
2020-11-18,23.84,22.86,23.92,21.66,19.59,18.79,19.68,16.94,117.9
2020-11-19,23.11,23.62,24.52,22.56,19.26,19.65,20.85,18.63,114.15
2020-11-20,23.7,23.43,23.73,22.13,19.86,19.32,20.1,18.37,113.99
2020-11-23,22.66,23.66,23.96,22.45,19.58,19.9,22.31,19.56,109.85
2020-11-24,21.64,22.04,22.48,20.8,18.4,19.58,19.69,18.31,104.56
2020-11-25,21.25,21.65,22.5,21.13,17.14,18.4,19.42,17.06,103.46
2020-11-27,20.84,21.52,21.6,19.51,18.25,17.15,19.24,17.15,106.12
2020-11-30,20.57,22.64,22.89,20.48,19.87,18.33,23.42,18.33,106.12
2020-12-01,20.77,20.21,20.92,20.0,19.87,19.83,20.3,19.32,108.43
2020-12-02,21.17,21.0,21.25,20.04,19.29,19.87,20.3,18.82,107.52
2020-12-03,21.28,21.24,21.88,20.72,19.35,19.32,20.32,18.42,107.89
2020-12-04,20.79,21.05,21.15,19.97,17.96,19.37,19.37,17.78,103.72
2020-12-07,21.3,22.04,22.62,21.17,18.74,17.97,20.57,15.54,104.42
2020-12-08,20.68,21.65,22.25,20.52,18.17,18.7,19.65,17.97,102.82
2020-12-09,22.27,20.66,22.93,20.1,19.99,18.03,22.13,17.7,113.93
2020-12-10,22.52,22.12,23.46,21.53,19.67,21.32,22.09,18.95,114.66
2020-12-11,23.31,22.49,25.14,22.48,20.45,19.67,23.74,19.67,120.77
2020-12-14,24.72,22.67,24.82,21.95,23.67,20.4,23.71,18.8,127.68
2020-12-15,22.89,24.0,24.07,22.73,20.19,23.67,23.67,19.82,119.11
2020-12-16,22.5,22.51,23.67,22.29,18.8,20.19,21.89,18.8,111.85
2020-12-17,21.93,21.98,22.27,21.52,18.62,18.83,18.83,17.94,110.21
2020-12-18,21.57,22.15,23.77,21.57,16.7,18.59,22.16,16.42,110.3
2020-12-21,25.16,24.25,31.46,24.23,21.56,16.73,28.91,16.73,121.61
2020-12-22,24.23,25.24,25.56,23.53,19.91,21.65,22.11,19.69,120.57
2020-12-23,23.31,23.49,23.68,22.13,19.2,19.91,19.91,17.63,118.31
2020-12-24,21.53,22.47,22.83,21.39,17.12,19.18,19.18,16.85,115.26
2020-12-28,21.7,22.11,22.12,21.15,20.05,17.16,20.42,17.16,114.4
2020-12-29,23.08,21.61,23.72,20.99,21.47,20.04,22.68,19.76,116.27
2020-12-30,22.77,22.58,23.15,22.41,21.31,21.5,21.82,20.56,112.04
2020-12-31,22.75,22.99,23.25,21.24,21.2,21.29,22.49,20.57,111.86
2021-01-04,26.97,23.04,29.19,22.56,27.39,22.75,30.99,22.71,124.65
2021-01-05,25.34,26.94,28.6,24.8,24.29,27.26,28.11,23.87,120.07
2021-01-06,25.07,25.48,26.77,22.14,23.77,24.26,26.69,19.05,119.9
2021-01-07,22.37,23.67,23.91,22.25,19.42,23.73,23.73,18.32,109.38
2021-01-08,21.56,22.43,23.34,21.42,18.34,19.21,21.26,17.77,111.0
2021-01-11,24.08,23.31,24.81,23.23,21.69,18.37,23.59,18.37,118.8
2021-01-12,23.33,23.49,25.15,22.83,20.65,21.7,23.81,20.14,115.79
2021-01-13,22.21,23.07,24.18,21.92,18.91,20.63,21.16,18.63,117.76
2021-01-14,23.25,22.22,23.47,21.66,21.17,18.78,21.37,18.67,122.78
2021-01-15,24.34,23.52,25.8,23.08,21.69,21.04,25.49,20.39,124.25
2021-01-19,23.24,23.03,23.56,22.53,21.88,21.84,22.72,20.85,120.71
2021-01-20,21.58,22.82,22.86,21.37,18.85,20.44,20.59,18.69,114.17
2021-01-21,21.32,21.34,22.22,21.09,18.23,18.84,19.99,17.8,112.59
2021-01-22,21.91,22.24,23.73,21.27,18.42,18.23,20.42,17.48,111.79
2021-01-25,23.19,22.31,26.63,22.2,20.66,20.69,27.19,19.89,116.63
2021-01-26,23.02,23.91,23.94,22.55,20.46,20.68,21.52,20.13,115.31
2021-01-27,37.21,23.82,37.21,23.71,41.64,20.46,41.76,20.46,157.69
2021-01-28,30.21,33.25,36.29,27.39,30.0,42.05,42.05,25.57,133.22
2021-01-29,33.09,35.16,37.51,29.24,32.63,29.93,40.96,28.39,137.33
2021-02-01,30.24,31.45,33.96,29.03,28.99,30.38,34.37,27.0,129.44
2021-02-02,25.56,28.01,28.08,25.31,22.44,28.94,28.94,22.42,119.1
2021-02-03,22.91,24.59,25.43,22.91,18.97,22.31,22.52,18.97,111.03
2021-02-04,21.77,23.44,23.44,21.68,17.48,19.03,19.03,17.24,108.47
2021-02-05,20.87,21.99,22.16,20.86,15.52,17.46,17.74,15.47,107.64
2021-02-08,21.24,21.89,22.07,21.23,16.57,15.48,17.72,15.48,106.61
2021-02-09,21.63,21.57,22.26,20.65,17.09,16.57,17.84,16.26,108.14
2021-02-10,21.99,21.64,23.85,19.69,17.68,17.09,21.1,16.61,114.93
2021-02-11,21.25,22.09,23.25,21.11,17.09,17.68,19.98,16.81,116.22
2021-02-12,19.97,21.6,22.45,19.95,15.05,17.18,17.42,14.97,118.59
2021-02-16,21.46,21.13,22.46,20.88,19.32,15.03,20.63,15.03,124.66
2021-02-17,21.5,22.02,23.44,21.09,18.41,19.33,22.01,18.15,122.83
2021-02-18,22.49,21.98,24.23,21.8,19.46,18.42,22.38,18.42,121.05
2021-02-19,22.05,23.1,23.19,20.84,18.33,19.41,20.0,17.37,117.45
2021-02-22,23.45,24.46,25.09,21.96,21.22,18.3,23.0,18.3,117.06
2021-02-23,23.11,22.82,27.01,22.5,21.3,21.21,27.13,20.29,112.78
2021-02-24,21.34,23.76,25.04,21.31,18.35,23.23,24.32,18.32,109.6
2021-02-25,28.89,21.73,31.16,21.52,31.81,18.35,34.59,18.35,127.83
2021-02-26,27.95,28.73,30.82,25.23,29.42,31.6,34.67,25.0,124.96
2021-03-01,23.35,25.2,25.39,23.17,22.7,29.36,29.36,22.39,114.94
2021-03-02,24.1,23.58,24.6,22.8,23.17,22.63,24.02,21.28,114.92
2021-03-03,26.67,22.8,26.79,22.45,26.88,23.17,27.28,23.12,121.23
2021-03-04,28.57,26.52,31.9,24.93,29.3,26.88,35.02,24.46,124.62
2021-03-05,24.66,29.48,30.03,24.33,23.83,29.3,31.53,22.97,116.21
2021-03-08,25.47,27.61,28.39,24.07,25.7,23.76,27.73,23.76,114.62
2021-03-09,24.03,25.11,25.25,22.9,24.11,25.7,25.7,22.13,108.71
2021-03-10,22.56,23.76,23.87,22.38,20.98,24.12,24.12,20.88,114.68
2021-03-11,21.91,22.5,22.5,21.45,20.01,20.98,20.98,19.76,112.87
2021-03-12,20.69,22.57,22.99,20.63,17.41,20.93,21.02,17.35,111.73
2021-03-15,20.03,21.84,21.86,19.87,17.74,17.41,19.68,17.26,110.49
2021-03-16,19.79,20.14,20.31,19.33,17.93,17.7,18.44,17.16,113.73
2021-03-17,19.23,20.1,20.95,19.18,16.69,17.93,20.06,16.58,109.9
2021-03-18,21.58,18.95,22.6,18.95,20.33,16.69,22.3,16.69,117.8
2021-03-19,20.95,21.43,23.17,19.9,18.28,20.31,22.75,17.22,115.95
2021-03-22,18.88,21.91,22.29,18.87,16.4,18.97,19.08,16.33,108.63
2021-03-23,20.3,19.46,21.58,18.8,18.37,16.4,20.33,16.28,111.69
2021-03-24,21.2,20.64,21.49,19.3,19.07,18.41,19.46,16.74,110.67
2021-03-25,19.81,20.8,23.55,19.81,17.16,20.64,23.12,17.16,104.75
2021-03-26,18.86,19.32,21.49,18.68,16.32,17.19,20.33,15.98,103.26
2021-03-29,20.74,20.4,21.6,19.42,18.85,16.26,20.88,16.26,105.84
2021-03-30,19.61,20.76,21.75,19.47,17.28,18.85,20.48,17.04,101.9
2021-03-31,19.4,19.8,20.11,18.85,15.62,17.27,17.27,15.09,100.04
2021-04-01,17.33,18.6,18.64,17.29,12.97,15.57,15.57,12.8,98.97
2021-04-05,17.91,18.16,18.4,17.35,15.65,12.95,16.69,12.95,99.24
2021-04-06,18.12,18.07,18.3,17.37,15.71,15.69,16.24,15.59,99.06
2021-04-07,17.16,17.99,18.17,16.87,14.13,15.71,15.71,14.09,97.09
2021-04-08,16.95,16.92,17.36,16.55,13.94,14.13,14.68,13.9,100.72
2021-04-09,16.69,17.05,17.34,16.2,13.19,13.96,14.49,13.17,102.06
2021-04-12,16.91,17.43,17.91,16.81,14.24,13.19,15.83,13.19,102.08
2021-04-13,16.65,16.99,17.86,16.43,13.78,14.24,14.86,13.72,100.44
2021-04-14,16.99,16.71,17.69,15.38,14.1,13.78,15.63,13.72,107.47
2021-04-15,16.57,16.78,16.92,15.94,14.22,14.11,14.64,13.9,108.66
2021-04-16,16.25,16.65,16.88,16.05,12.97,14.2,14.84,12.45,107.8
2021-04-19,17.29,17.04,18.61,16.78,15.42,12.94,17.54,12.94,111.9
2021-04-20,18.68,17.36,19.7,17.24,17.33,15.42,19.02,15.42,116.37
2021-04-21,17.5,18.48,19.29,16.91,14.79,17.32,18.04,14.21,112.9
2021-04-22,18.71,17.28,19.9,16.99,16.77,14.79,19.46,14.03,116.05
2021-04-23,17.33,18.56,18.78,16.8,14.07,16.78,16.78,13.35,108.36
2021-04-26,17.64,17.94,18.17,16.87,14.81,14.09,15.7,14.09,104.01
2021-04-27,17.56,17.62,18.16,16.97,14.55,14.81,15.66,13.99,103.39
2021-04-28,17.28,17.47,17.84,16.67,13.62,14.56,14.68,13.38,104.78
2021-04-29,17.61,16.88,18.87,16.77,13.96,13.59,16.04,13.53,105.46
2021-04-30,18.61,17.67,19.25,17.64,15.53,13.95,16.75,13.95,109.22
2021-05-03,18.31,18.65,19.12,17.8,16.17,15.53,16.89,15.09,108.32
2021-05-04,19.48,18.16,21.85,18.11,17.75,16.17,22.0,16.17,111.22
2021-05-05,19.15,18.84,19.58,17.89,17.57,17.75,18.26,15.57,109.51
2021-05-06,18.39,18.41,20.6,18.21,16.04,17.49,19.95,15.81,108.39
2021-05-07,16.69,18.45,18.57,16.68,14.09,16.07,16.82,13.58,107.03
2021-05-10,19.66,17.34,19.75,17.07,19.68,14.09,19.8,14.09,114.1
2021-05-11,21.84,21.17,23.73,20.71,22.03,19.68,26.59,19.68,122.47
2021-05-12,27.59,22.42,28.38,21.66,29.55,22.03,30.16,22.03,146.28
2021-05-13,23.13,26.03,28.93,22.23,23.21,29.79,29.79,21.94,130.01
2021-05-14,18.81,21.77,22.1,18.66,17.41,23.17,23.17,17.24,117.56
2021-05-17,19.72,19.89,21.58,19.67,18.83,20.49,22.15,18.65,120.7
2021-05-18,21.34,18.89,21.45,18.81,20.99,19.03,21.21,17.94,123.93
2021-05-19,22.18,22.46,25.96,21.88,21.21,20.92,26.87,20.73,130.17
2021-05-20,20.67,22.33,23.5,20.19,18.56,19.61,19.97,18.04,126.34
2021-05-21,20.15,20.42,20.89,19.53,17.12,18.53,19.37,16.65,124.22
2021-05-24,18.4,20.5,20.51,18.38,14.67,17.5,17.5,14.59,116.12
2021-05-25,18.84,18.35,19.29,16.87,15.79,14.86,16.18,14.62,113.55
2021-05-26,17.36,18.37,18.92,17.35,13.84,15.8,16.24,13.83,106.29
2021-05-27,16.74,18.03,18.17,16.52,13.03,13.76,14.06,12.99,103.88
2021-05-28,16.76,16.8,16.86,15.9,12.73,13.08,13.12,11.65,105.41
2021-06-01,17.9,17.24,18.53,15.68,15.0,14.55,16.43,14.46,113.04
2021-06-02,17.48,17.86,18.31,16.74,13.7,14.89,15.12,13.33,112.57
2021-06-03,18.04,17.73,19.27,17.45,15.18,13.69,16.57,13.69,114.31
2021-06-04,16.42,18.09,18.42,16.18,12.7,14.05,14.05,12.47,108.16
2021-06-07,16.42,17.34,17.35,15.78,13.91,14.84,14.96,13.81,108.03
2021-06-08,17.07,16.58,17.75,15.15,15.43,14.21,16.25,14.21,109.62
2021-06-09,17.89,17.18,17.96,15.55,17.09,15.27,17.13,15.27,120.97
2021-06-10,16.1,18.18,18.29,16.01,13.83,15.25,15.82,13.81,116.76
2021-06-11,15.65,16.18,16.2,15.15,13.06,13.53,13.8,12.99,116.12
2021-06-14,16.39,16.04,17.04,15.04,14.92,14.5,15.89,14.5,119.8
2021-06-15,17.02,16.27,17.35,16.14,15.92,15.36,16.51,15.3,122.9
2021-06-16,18.15,16.99,19.11,16.42,17.94,15.81,19.82,15.48,121.57
2021-06-17,17.75,18.49,19.22,16.71,16.67,17.05,19.21,15.23,120.63
2021-06-18,20.7,16.96,21.04,16.92,20.14,20.96,20.97,18.16,128.83
2021-06-21,17.89,21.74,21.82,17.81,16.83,20.14,21.04,16.83,121.25
2021-06-22,16.66,17.91,18.32,15.76,14.58,16.43,16.69,14.52,114.01
2021-06-23,16.32,16.25,16.84,14.86,13.63,14.33,14.58,13.51,110.48
2021-06-24,15.97,15.99,16.05,14.19,12.77,12.78,12.84,12.42,107.87
2021-06-25,15.62,16.04,16.17,15.21,11.86,12.68,12.7,11.46,105.91
2021-06-28,15.76,16.07,16.46,15.39,11.92,11.86,13.12,11.86,106.32
2021-06-29,16.02,15.69,16.31,14.1,11.86,11.57,12.47,11.56,107.01
2021-06-30,15.83,16.18,17.31,15.58,11.11,12.77,12.92,10.75,106.73
2021-07-01,15.48,15.62,16.01,15.31,11.43,11.44,11.9,11.11,108.72
2021-07-02,15.07,15.53,15.54,14.25,10.4,10.69,11.01,10.12,106.11
2021-07-06,16.44,15.77,17.94,15.73,13.76,12.75,16.38,11.34,112.24
2021-07-07,16.2,16.43,17.64,16.08,13.07,13.62,15.62,12.32,112.7
2021-07-08,19.0,17.74,21.29,17.74,17.24,18.65,19.68,15.97,120.03
2021-07-09,16.18,17.88,18.13,16.08,13.02,15.21,15.21,12.61,112.62
2021-07-12,16.17,16.85,17.52,16.14,13.52,13.02,14.62,13.02,111.59
2021-07-13,17.12,16.39,17.23,15.94,14.98,14.17,15.17,13.23,116.4
2021-07-14,16.33,17.34,17.51,15.95,13.45,13.47,15.29,13.16,117.66
2021-07-15,17.01,16.7,18.09,16.56,14.55,15.02,16.13,13.85,121.03
2021-07-16,18.45,16.8,18.7,16.03,16.3,13.3,16.97,13.15,128.89
2021-07-19,22.5,19.61,25.09,19.27,22.15,16.27,27.76,16.27,139.54
2021-07-20,19.73,20.89,22.97,19.37,17.86,22.15,22.82,17.41,131.3
2021-07-21,17.91,19.73,19.82,17.81,14.65,16.75,17.04,14.5,122.53
2021-07-22,17.69,17.59,18.45,17.4,14.07,14.79,15.6,13.94,118.82
2021-07-23,17.2,16.98,17.48,16.33,12.87,13.01,13.99,12.27,114.92
2021-07-26,17.58,18.67,19.39,17.53,14.01,12.83,16.04,12.83,114.86
2021-07-27,19.36,18.62,20.44,18.25,17.16,15.39,18.96,14.72,121.11
2021-07-28,18.31,19.41,19.62,17.52,14.82,15.91,17.08,13.81,117.08
2021-07-29,17.7,17.91,18.01,17.19,13.65,13.86,13.92,13.06,114.04
2021-07-30,18.24,19.69,19.72,17.53,14.36,15.37,15.64,13.81,116.18
2021-08-02,19.46,18.16,19.87,17.99,16.21,15.43,17.06,14.73,122.85
2021-08-03,18.04,19.17,20.44,17.7,13.68,15.66,17.92,13.26,117.55
2021-08-04,17.97,18.23,18.9,17.67,13.62,14.91,15.02,13.29,116.21
2021-08-05,17.28,17.73,17.84,17.23,13.25,13.77,13.85,13.1,113.35
2021-08-06,16.15,17.46,17.5,16.14,10.96,12.66,13.08,10.91,112.0
2021-08-09,16.72,17.12,17.39,16.59,12.75,13.18,13.82,12.51,115.09
2021-08-10,16.79,16.82,17.05,16.34,13.23,12.75,13.62,12.54,114.15
2021-08-11,16.06,16.81,17.09,15.87,11.58,12.52,12.65,10.96,118.05
2021-08-12,15.59,16.33,16.42,15.49,11.54,12.4,12.91,11.53,117.72
2021-08-13,15.45,15.68,15.72,15.19,11.21,11.65,11.78,10.91,117.81
2021-08-16,16.12,17.05,17.71,16.02,13.07,14.6,15.72,12.79,117.69
2021-08-17,17.91,17.31,19.56,16.71,16.29,15.43,19.58,14.6,120.53
2021-08-18,21.57,17.56,21.64,17.31,23.12,17.03,23.18,15.05,128.41
2021-08-19,21.67,23.12,24.74,20.37,21.24,23.33,24.03,19.82,130.41
2021-08-20,18.56,22.74,23.9,18.18,15.1,21.1,21.1,14.7,120.51
2021-08-23,17.15,18.83,18.95,16.95,14.02,15.49,15.49,13.91,113.33
2021-08-24,17.22,16.96,17.51,16.94,13.94,14.15,14.53,13.58,111.09
2021-08-25,16.79,17.42,17.5,16.46,12.99,14.02,14.03,12.58,108.84
2021-08-26,18.84,17.46,19.27,17.16,17.11,14.21,17.87,13.88,116.6
2021-08-27,16.39,17.95,18.22,16.11,12.32,17.11,17.58,12.07,109.62
2021-08-30,16.19,16.77,16.8,15.98,12.0,12.39,12.97,11.79,107.9
2021-08-31,16.48,15.98,17.07,15.91,12.75,12.55,13.35,12.01,105.81
2021-09-01,16.11,16.06,16.71,15.68,11.75,12.46,12.76,11.46,105.2
2021-09-02,16.41,16.27,16.98,15.73,12.73,11.81,13.69,11.64,105.7
2021-09-03,16.41,16.27,17.06,16.08,11.66,13.29,13.65,11.15,105.48
2021-09-07,18.14,16.94,18.39,16.89,15.33,11.66,15.89,11.66,111.01
2021-09-08,17.96,18.97,19.64,17.78,14.75,16.34,17.72,14.24,115.06
2021-09-09,18.8,19.44,19.54,17.17,16.55,15.39,17.7,13.74,117.03
2021-09-10,20.95,17.94,21.13,16.99,22.58,13.72,22.68,13.57,124.98
2021-09-13,19.37,19.64,21.18,18.76,20.2,22.53,23.1,17.98,118.01
2021-09-14,19.46,19.58,20.47,18.39,19.43,18.13,21.41,17.96,120.37
2021-09-15,18.18,19.3,20.27,18.01,16.2,19.0,20.2,15.93,112.48
2021-09-16,18.69,18.41,19.76,17.65,16.64,17.45,19.23,15.47,112.11
2021-09-17,20.81,18.37,21.51,18.35,19.66,16.93,20.99,16.58,118.9
2021-09-20,25.71,24.25,28.79,23.9,27.7,19.67,32.96,19.67,138.93
2021-09-21,24.36,23.41,25.6,21.71,25.13,24.87,26.9,22.77,130.76
2021-09-22,20.87,22.72,23.4,20.75,19.46,23.04,23.59,19.28,117.62
2021-09-23,18.63,19.91,20.21,18.42,17.08,17.93,18.03,16.56,108.31
2021-09-24,17.75,19.33,20.41,17.63,15.24,18.95,18.95,15.19,103.07
2021-09-27,18.76,17.78,19.32,17.74,16.96,15.35,18.1,15.35,107.73
2021-09-28,23.25,19.74,24.82,19.71,24.56,19.72,27.52,19.69,121.06
2021-09-29,22.56,22.07,23.79,21.45,21.79,23.6,24.82,21.26,119.04
2021-09-30,23.14,21.48,24.71,20.6,23.03,21.77,25.47,20.29,118.01
2021-10-01,21.15,24.78,24.89,20.64,19.42,23.03,23.55,18.97,113.14
2021-10-04,22.96,22.9,24.58,21.88,23.04,19.41,25.9,19.41,117.17
2021-10-05,21.3,22.92,23.17,20.62,20.32,22.3,22.62,19.53,110.75
2021-10-06,21.0,22.95,24.4,20.99,19.54,22.28,24.35,19.24,110.92
2021-10-07,19.54,20.54,20.76,19.07,18.13,18.69,18.73,17.27,107.43
2021-10-08,18.77,19.46,19.94,18.2,16.74,18.11,18.11,16.18,107.27
2021-10-11,20.0,19.93,20.45,18.11,19.75,16.73,19.96,16.24,110.29
2021-10-12,19.85,20.62,20.81,18.97,19.41,19.15,20.32,18.09,109.12
2021-10-13,18.64,20.14,20.23,18.44,17.45,18.43,20.0,17.16,108.72
2021-10-14,16.86,18.01,18.08,16.8,14.8,15.77,16.07,14.8,107.97
2021-10-15,16.3,16.64,16.85,15.72,13.24,14.83,14.83,13.18,106.76
2021-10-18,16.31,17.29,17.93,16.27,13.91,13.43,16.4,13.43,104.37
2021-10-19,15.7,16.09,16.31,15.57,13.34,13.88,14.11,12.99,103.06
2021-10-20,15.49,15.82,15.89,15.29,12.69,12.88,13.62,12.65,101.84
2021-10-21,15.01,16.06,16.11,14.92,11.81,13.39,13.48,11.76,102.14
2021-10-22,15.43,15.35,16.39,14.84,11.98,12.49,13.97,11.6,106.08
2021-10-25,15.24,16.14,16.33,15.1,13.09,11.99,14.42,11.99,102.36
2021-10-26,15.98,15.02,16.71,14.9,14.33,13.11,15.48,12.77,103.25
2021-10-27,16.98,15.79,17.29,15.54,15.16,14.48,15.6,13.6,109.61
2021-10-28,16.53,17.06,17.16,16.23,14.31,15.13,15.24,13.99,106.28
2021-10-29,16.26,17.4,18.06,16.13,13.67,16.05,16.05,13.35,105.17
2021-11-01,16.41,16.85,17.7,16.32,15.02,13.67,16.79,13.67,106.66
2021-11-02,16.03,16.54,16.65,15.89,14.74,15.12,15.14,14.48,105.44
2021-11-03,15.1,16.11,16.39,14.9,13.1,14.74,15.43,12.94,102.25
2021-11-04,15.44,15.06,16.14,14.73,13.04,12.84,14.2,12.42,104.46
2021-11-05,16.48,15.59,17.02,14.95,13.15,13.04,14.75,12.26,110.21
2021-11-08,17.22,17.23,17.69,16.44,14.43,14.49,16.1,14.24,111.49
2021-11-09,17.78,17.43,18.57,17.21,15.19,14.85,16.48,14.77,110.55
2021-11-10,18.73,17.74,19.9,17.22,15.95,15.74,18.32,14.18,117.19
2021-11-11,17.66,18.34,18.39,17.27,14.3,15.15,15.32,14.0,114.66
2021-11-12,16.29,17.49,17.69,16.15,11.99,13.58,13.9,11.97,112.11
2021-11-15,16.49,17.03,17.46,16.49,12.2,13.26,14.01,12.2,110.66
2021-11-16,16.37,16.86,17.08,16.03,11.94,13.03,13.03,11.54,109.58
2021-11-17,17.11,16.36,17.19,16.28,11.51,11.99,12.78,11.3,111.53
2021-11-18,17.59,16.81,18.15,16.38,12.43,12.17,13.11,11.69,112.15
2021-11-19,17.91,17.36,19.01,17.23,12.45,14.01,14.17,12.2,113.74
2021-11-22,19.17,18.2,19.59,17.35,16.06,13.78,16.67,13.22,118.62
2021-11-23,19.38,20.24,20.91,19.03,16.35,16.88,19.48,15.9,115.03
2021-11-24,18.58,19.17,20.96,18.52,14.82,17.99,19.09,14.69,110.48
2021-11-26,28.62,26.62,28.99,23.88,30.6,27.53,32.39,25.52,149.74
2021-11-29,22.96,25.31,25.69,21.71,21.43,24.1,26.28,20.37,131.24
2021-11-30,27.19,26.23,28.56,23.71,28.38,24.97,30.73,22.29,142.55
2021-12-01,31.12,24.92,32.61,22.38,33.93,23.6,35.57,20.86,155.02
2021-12-02,27.95,29.44,30.68,27.15,28.04,32.04,33.28,27.23,147.31
2021-12-03,30.67,26.95,35.32,25.89,31.7,25.37,39.21,24.86,156.1
2021-12-06,27.18,28.99,30.82,26.75,27.29,29.53,32.29,26.48,138.88
2021-12-07,21.89,24.58,24.69,21.58,20.83,22.54,22.54,20.42,117.92
2021-12-08,19.9,21.74,23.11,19.85,17.5,20.97,21.58,15.8,114.29
2021-12-09,21.58,20.31,22.12,19.94,20.49,18.88,21.12,17.94,121.79
2021-12-10,18.69,21.27,21.3,18.69,15.7,17.71,19.27,15.7,113.85
2021-12-13,20.31,19.29,21.18,18.96,18.54,17.9,20.35,17.73,121.07
2021-12-14,21.89,19.67,23.0,19.67,21.02,21.32,23.08,20.07,126.57
2021-12-15,19.29,21.6,23.47,19.02,16.78,21.14,24.07,16.19,118.61
2021-12-16,20.57,18.56,22.13,18.19,18.76,16.37,21.59,15.93,128.97
2021-12-17,21.57,20.7,23.26,20.49,19.35,21.14,23.07,18.59,136.06
2021-12-20,22.87,25.89,27.39,22.85,22.21,25.68,25.92,22.09,138.67
2021-12-21,21.01,22.28,22.68,20.9,18.83,21.02,21.98,18.74,131.41
2021-12-22,18.63,21.04,21.36,18.59,14.76,17.95,18.16,14.52,122.7
2021-12-23,17.96,18.81,18.93,17.62,13.71,15.22,15.22,13.12,120.46
2021-12-27,17.68,19.37,19.41,17.55,14.48,16.14,16.43,14.2,115.92
2021-12-28,17.54,17.78,18.47,17.51,14.4,15.01,15.88,14.39,114.83
2021-12-29,16.95,17.63,18.0,16.71,12.85,14.36,14.6,12.56,109.5
2021-12-30,17.33,17.3,17.79,16.62,13.86,13.69,14.41,12.98,110.84
2021-12-31,17.22,17.63,18.27,16.99,13.26,14.24,14.62,13.15,109.67
2022-01-03,16.6,17.6,18.54,16.56,13.52,15.93,16.64,13.46,108.45
2022-01-04,16.91,16.57,17.81,16.34,13.88,13.9,15.26,13.47,109.31
2022-01-05,19.73,17.07,20.17,16.58,18.07,14.27,18.73,13.37,119.31
2022-01-06,19.61,20.29,21.06,19.08,17.06,19.16,20.58,16.17,117.82
2022-01-07,18.76,19.85,20.8,18.57,15.4,17.52,19.3,15.3,113.86
2022-01-10,19.4,19.58,23.33,19.29,17.91,19.93,23.69,17.61,113.02
2022-01-11,18.41,19.62,21.0,18.2,16.59,18.85,20.57,16.32,111.61
2022-01-12,17.62,18.17,18.69,17.36,14.68,15.58,16.79,14.59,113.94
2022-01-13,20.31,18.06,20.61,17.45,18.79,15.32,19.51,14.95,123.44
2022-01-14,19.19,20.11,22.07,19.05,17.31,20.65,20.91,16.85,117.57
2022-01-18,22.79,21.18,23.2,21.18,24.17,23.02,24.84,22.87,127.95
2022-01-19,23.85,23.12,23.99,21.85,23.96,23.6,24.72,22.36,129.85
2022-01-20,25.59,23.46,25.89,21.68,26.73,23.1,26.73,20.85,135.6
2022-01-21,28.85,25.38,29.79,25.31,30.86,28.34,32.86,27.07,149.5
2022-01-24,29.9,28.2,38.94,28.02,35.82,39.46,49.7,35.19,154.38
2022-01-25,31.16,32.29,35.85,29.13,37.18,40.21,44.66,35.0,150.8
2022-01-26,31.96,29.35,33.04,26.9,37.4,33.94,39.73,31.98,148.55
2022-01-27,30.49,32.19,33.0,28.42,33.03,32.72,37.68,32.39,141.14
2022-01-28,27.66,30.27,32.82,27.28,28.13,32.37,34.73,27.35,132.44
2022-01-31,24.83,28.36,29.41,24.71,25.33,30.31,30.81,24.89,125.06
2022-02-01,21.96,24.57,25.33,21.96,21.1,24.49,26.0,21.1,117.99
2022-02-02,22.09,21.56,22.73,20.46,21.6,21.33,22.74,19.19,119.61
2022-02-03,24.35,22.63,25.81,22.3,24.11,24.25,26.59,21.46,125.11
2022-02-04,23.22,23.77,26.26,22.07,21.86,25.53,26.32,20.55,124.89
2022-02-07,22.86,24.09,24.82,22.02,21.61,23.52,23.83,20.72,124.13
2022-02-08,21.44,23.09,23.48,21.32,20.07,21.76,22.72,19.92,118.86
2022-02-09,19.96,21.27,21.3,19.93,18.67,19.11,19.54,18.52,119.32
2022-02-10,23.91,20.37,24.77,20.18,23.71,21.13,24.92,19.02,129.1
2022-02-11,27.36,24.39,30.99,23.33,26.84,23.61,34.66,22.61,141.17
2022-02-14,28.33,29.17,32.04,28.33,27.62,30.28,33.98,27.62,140.59
2022-02-15,25.7,28.09,28.09,25.33,24.49,26.15,26.29,23.94,129.05
2022-02-16,24.29,25.19,27.09,23.88,21.32,25.09,26.39,20.83,122.58
2022-02-17,28.11,24.83,28.37,24.76,27.69,24.63,28.49,24.59,134.49
2022-02-18,27.75,26.66,29.71,26.38,26.03,27.25,29.39,25.44,133.64
2022-02-22,28.81,31.8,32.04,28.4,28.62,30.4,32.83,28.54,130.69
2022-02-23,31.02,28.04,31.07,27.2,30.71,27.86,30.95,27.49,131.24
2022-02-24,30.32,37.5,37.79,29.45,30.04,39.91,39.91,28.69,128.5
2022-02-25,27.59,31.68,32.0,26.93,26.15,29.07,29.73,25.3,117.76
2022-02-28,30.15,32.44,33.51,28.43,31.5,34.08,35.15,29.01,123.64
2022-03-01,33.32,29.45,35.19,29.44,34.8,32.44,37.98,32.4,132.8
2022-03-02,30.74,34.2,34.41,30.12,30.79,34.28,34.86,29.68,124.92
2022-03-03,30.48,30.52,32.01,29.31,30.02,29.04,32.85,29.04,122.36
2022-03-04,31.98,31.9,34.65,31.47,31.11,34.41,36.28,30.03,127.85
2022-03-07,36.45,35.88,36.55,32.59,38.57,34.33,38.63,34.28,133.66
2022-03-08,35.13,36.19,37.52,32.78,36.66,37.32,39.6,33.82,139.71
2022-03-09,32.45,33.74,34.12,31.39,33.44,34.05,35.26,32.0,130.86
2022-03-10,30.23,33.03,34.03,30.23,30.01,33.77,33.84,29.94,125.47
2022-03-11,30.75,30.43,31.04,28.84,30.63,29.27,31.0,28.42,125.58
2022-03-14,31.77,31.03,33.18,30.06,34.23,33.13,36.08,31.88,126.26
2022-03-15,29.83,33.13,33.83,29.57,30.71,33.97,34.52,30.59,122.18
2022-03-16,26.67,29.02,29.8,26.29,26.51,29.43,30.84,25.92,115.1
2022-03-17,25.67,26.51,27.47,25.25,24.94,26.85,26.94,24.43,109.25
2022-03-18,23.87,26.36,26.82,23.85,22.19,25.99,26.07,22.04,106.74
2022-03-21,23.53,25.14,25.36,22.99,22.73,24.4,25.46,22.68,108.96
2022-03-22,22.94,24.02,24.02,22.7,22.57,22.25,23.23,22.14,108.22
2022-03-23,23.57,23.04,24.03,22.64,23.21,23.94,24.11,22.18,108.77
2022-03-24,21.67,23.61,23.79,21.49,20.42,23.33,23.94,20.33,106.05
2022-03-25,20.81,21.87,22.86,20.8,18.45,20.94,22.32,18.45,109.21
2022-03-28,19.63,22.14,23.33,19.54,17.82,21.27,21.65,17.66,108.29
2022-03-29,18.9,19.7,19.73,18.67,17.54,17.23,18.86,17.2,104.35
2022-03-30,19.33,19.38,20.51,18.72,17.43,17.94,19.2,17.26,107.41
2022-03-31,20.56,19.68,21.48,19.54,18.4,18.32,19.72,17.51,111.45
2022-04-01,19.63,20.62,20.86,19.41,16.0,17.89,18.02,15.58,112.22
2022-04-04,18.57,20.75,20.78,18.45,15.76,18.01,18.11,15.36,107.11
2022-04-05,21.03,18.79,21.57,18.55,18.62,16.76,19.59,16.28,116.27
2022-04-06,22.1,21.27,24.78,21.24,19.64,20.73,23.65,19.28,114.84
2022-04-07,21.55,21.97,23.82,21.12,19.05,20.2,22.41,18.61,113.33
2022-04-08,21.16,21.25,22.34,20.28,17.3,19.32,19.86,17.14,112.14
2022-04-11,24.37,23.09,24.42,22.09,22.85,20.71,22.85,20.58,117.35
2022-04-12,24.26,24.94,25.38,22.27,22.49,21.41,23.97,19.89,117.26
2022-04-13,21.82,23.52,24.45,21.37,19.15,22.6,22.63,18.53,113.76
2022-04-14,22.7,21.72,22.7,20.85,19.34,18.67,19.39,18.04,114.75
2022-04-18,22.17,24.52,24.6,21.98,20.88,23.1,23.19,19.74,110.9
2022-04-19,21.37,22.55,22.92,20.36,20.7,21.72,21.88,19.37,106.06
2022-04-20,20.32,21.13,21.32,19.75,19.3,19.52,20.72,18.52,103.03
2022-04-21,22.68,20.24,23.28,19.81,22.21,18.96,23.28,18.58,110.93
2022-04-22,28.21,22.71,28.27,22.62,29.07,23.25,29.83,22.74,122.37
2022-04-25,27.02,30.04,31.6,26.8,28.95,32.92,36.47,28.7,116.98
2022-04-26,33.52,27.38,33.81,27.06,37.74,30.63,38.16,30.05,127.5
2022-04-27,31.6,31.11,32.77,29.82,34.82,35.43,37.18,33.19,123.71
2022-04-28,29.99,29.91,32.0,28.0,32.25,32.6,36.24,30.04,119.75
2022-04-29,33.4,28.97,34.34,28.54,36.11,31.62,37.72,30.46,121.98
2022-05-02,32.34,33.35,36.64,31.74,35.4,39.05,41.67,34.91,124.48
2022-05-03,29.25,31.76,32.82,29.06,31.61,35.14,35.48,31.27,117.55
2022-05-04,25.42,29.12,29.42,24.94,26.16,32.09,33.23,25.65,106.62
2022-05-05,31.2,25.97,33.2,25.78,33.25,27.51,36.35,27.19,119.18
2022-05-06,30.19,32.23,35.34,29.83,29.79,35.53,38.93,29.55,116.78
2022-05-09,34.75,31.9,35.48,31.9,36.65,35.16,37.89,34.49,125.93
2022-05-10,32.99,33.66,34.84,32.24,34.7,34.0,36.77,33.91,120.98
2022-05-11,32.56,32.87,34.39,30.69,33.92,35.32,35.57,32.19,125.89
2022-05-12,31.77,33.74,34.76,31.7,33.32,36.73,38.78,33.22,122.11
2022-05-13,28.87,31.09,31.2,28.78,29.38,31.59,31.9,29.07,113.89
2022-05-16,27.47,30.01,30.23,27.36,28.52,31.79,32.3,28.37,108.26
2022-05-17,26.1,27.07,27.17,25.51,26.92,27.92,28.63,26.29,101.2
2022-05-18,30.96,26.74,31.49,26.21,32.3,28.87,33.11,28.7,114.96
2022-05-19,29.35,31.24,33.11,29.06,30.69,33.64,35.48,30.2,104.89
2022-05-20,29.43,28.78,32.91,28.06,29.19,30.2,35.85,29.17,107.8
2022-05-23,28.48,28.98,30.39,28.29,28.98,30.85,32.2,28.74,102.68
2022-05-24,29.45,29.43,31.07,29.04,29.48,30.25,32.56,29.29,104.29
2022-05-25,28.37,29.33,30.23,28.16,27.37,30.58,30.7,27.17,98.79
2022-05-26,27.5,28.42,28.46,27.11,25.67,27.59,27.7,25.23,96.25
2022-05-27,25.72,27.5,27.54,25.57,23.13,24.75,24.79,22.59,93.66
2022-05-30,26.54,26.16,26.81,26.08,,,,,
2022-05-31,26.19,27.47,28.35,25.94,25.91,28.43,29.47,24.43,93.1
2022-06-01,25.69,26.05,27.73,25.38,25.12,25.39,28.1,24.81,91.39
2022-06-02,24.72,25.73,26.5,24.33,23.57,26.34,26.83,23.27,91.08
2022-06-03,24.79,24.91,25.96,24.76,23.05,25.49,26.14,23.05,90.5
2022-06-06,25.07,25.37,25.81,24.82,25.57,25.79,27.01,25.32,89.53
2022-06-07,24.02,25.54,26.24,23.88,24.23,27.12,27.36,24.0,87.82
2022-06-08,23.96,24.37,24.78,23.74,23.91,25.53,25.73,23.8,92.68
2022-06-09,26.09,24.29,26.24,23.82,27.54,25.47,27.76,24.25,98.82
2022-06-10,27.75,26.26,29.63,26.05,28.78,29.15,32.23,27.59,99.75
2022-06-13,34.02,31.37,35.05,31.29,38.86,37.51,41.52,36.41,113.72
2022-06-14,32.69,33.01,34.0,32.06,36.95,38.08,39.01,33.98,111.01
2022-06-15,29.62,32.39,32.77,27.76,32.53,36.99,36.99,30.32,105.37
2022-06-16,32.95,30.35,34.82,30.35,36.58,34.19,38.47,33.33,114.36
2022-06-17,31.13,32.84,33.31,30.47,30.4,35.21,36.3,29.96,110.06
2022-06-20,31.03,32.06,32.16,30.98,,,,,
2022-06-21,30.19,30.63,30.65,29.33,30.38,32.43,32.44,29.9,104.37
2022-06-22,28.95,31.45,31.57,28.78,28.3,31.26,31.42,28.24,99.66
2022-06-23,29.05,29.29,29.77,28.74,28.29,29.02,29.37,28.02,98.31
2022-06-24,27.23,29.07,29.72,26.83,26.04,28.18,28.18,25.1,91.34
2022-06-27,26.95,28.3,28.66,26.93,25.81,28.35,29.02,25.79,87.58
2022-06-28,28.36,26.9,28.68,26.47,27.18,26.0,27.87,25.19,90.62
2022-06-29,28.16,28.8,29.36,27.85,26.56,27.89,28.75,26.25,88.92
2022-06-30,28.71,29.42,30.22,28.28,26.86,28.24,29.1,26.53,89.39
2022-07-01,26.7,29.53,29.59,26.69,23.56,26.39,26.99,23.28,85.51
2022-07-04,27.53,27.96,28.1,27.46,,,,,
2022-07-05,27.54,27.37,29.82,27.3,27.34,30.38,30.71,27.25,87.3
2022-07-06,26.73,27.84,28.07,26.43,25.95,28.09,28.3,25.72,85.88
2022-07-07,26.08,26.73,26.79,25.66,24.79,25.71,25.86,23.98,85.88
2022-07-08,24.64,26.41,26.61,24.43,21.91,25.01,25.05,21.78,84.74
2022-07-11,26.17,26.42,26.74,25.79,24.46,25.95,26.53,24.43,88.05
2022-07-12,27.29,27.14,27.75,25.82,27.13,25.66,27.67,24.9,90.06
2022-07-13,26.82,27.35,29.06,26.23,25.94,28.87,29.17,25.54,90.49
2022-07-14,26.4,27.47,28.45,26.2,25.22,27.59,28.32,25.02,90.73
2022-07-15,24.23,26.72,26.72,24.13,22.14,24.25,24.77,22.02,89.37
2022-07-18,25.3,24.83,25.91,24.38,25.6,25.69,26.55,24.63,91.86
2022-07-19,24.5,25.12,25.41,24.23,26.2,25.31,26.6,24.99,88.61
2022-07-20,23.88,24.23,24.73,23.4,25.18,26.94,26.98,24.65,86.75
2022-07-21,23.11,24.07,24.67,22.92,23.44,25.62,26.29,23.09,85.04
2022-07-22,23.03,23.3,23.81,22.41,22.09,23.03,23.81,22.0,84.53
2022-07-25,23.36,24.33,24.57,23.19,23.09,24.62,25.12,22.79,83.82
2022-07-26,24.69,23.95,25.31,23.82,24.95,24.32,25.71,24.19,84.83
2022-07-27,23.24,24.27,24.41,23.02,22.14,24.46,24.74,21.86,81.77
2022-07-28,22.33,23.33,23.54,22.22,20.81,21.34,22.56,20.53,80.88
2022-07-29,21.33,22.13,22.16,21.21,18.57,20.24,20.38,18.57,80.29
2022-08-01,22.84,22.41,23.27,22.26,21.94,22.3,22.72,21.65,86.34
2022-08-02,23.93,24.08,24.68,22.67,23.25,23.84,24.75,22.07,88.47
2022-08-03,21.95,23.86,23.92,21.68,20.56,22.21,22.37,20.17,84.6
2022-08-04,21.44,22.06,22.66,21.44,19.69,21.41,21.73,19.69,83.69
2022-08-05,21.15,21.5,22.58,20.76,19.32,21.06,21.06,18.57,84.13
2022-08-08,21.29,21.74,22.01,20.83,19.93,21.06,21.85,19.8,86.95
2022-08-09,21.77,21.41,22.23,21.41,20.81,21.16,21.54,20.5,87.49
2022-08-10,19.74,22.28,22.34,19.54,17.59,18.89,19.4,17.49,90.04
2022-08-11,20.2,19.84,20.85,19.71,18.03,18.15,19.0,17.94,90.84
2022-08-12,19.53,20.34,20.35,19.12,16.78,17.89,19.27,16.58,91.01
2022-08-15,19.95,20.74,21.16,19.81,18.54,19.99,19.99,18.48,88.73
2022-08-16,19.69,20.23,20.39,19.5,18.6,18.89,19.38,18.08,88.05
2022-08-17,19.9,19.74,20.63,19.41,18.64,19.55,19.71,18.38,87.47
2022-08-18,19.56,20.51,20.61,19.43,17.67,19.07,19.39,17.58,86.46
2022-08-19,20.6,20.16,21.27,20.08,18.24,18.66,19.51,18.05,89.77
2022-08-22,23.8,22.41,24.62,22.39,22.85,22.62,24.29,22.36,94.75
2022-08-23,24.11,24.13,24.21,23.07,23.35,23.1,23.49,22.27,93.34
2022-08-24,22.82,24.37,24.86,22.73,21.2,23.11,23.37,21.11,86.45
2022-08-25,21.78,22.41,23.13,21.77,20.34,21.6,21.87,20.15,83.32
2022-08-26,25.56,22.07,25.9,21.67,23.9,20.54,24.63,19.93,91.66
2022-08-29,26.21,26.86,27.67,25.47,24.76,26.88,26.88,24.14,91.57
2022-08-30,26.21,25.75,27.69,25.13,24.41,24.38,27.16,24.36,91.11
2022-08-31,25.87,25.86,26.62,25.31,23.69,24.43,24.78,23.09,88.4
2022-09-01,25.56,26.88,27.45,25.25,23.76,24.95,25.87,23.17,87.74
2022-09-02,25.47,25.51,26.28,23.19,22.97,21.63,24.38,20.31,89.19
2022-09-05,25.99,26.51,26.85,25.84,,,,,
2022-09-06,26.91,25.46,27.8,25.33,26.99,26.51,29.41,26.31,94.08
2022-09-07,24.64,26.93,27.15,24.54,24.05,27.01,27.11,23.97,88.26
2022-09-08,23.61,24.7,25.9,23.56,22.84,26.32,27.88,22.72,85.57
2022-09-09,22.79,23.49,23.57,22.64,21.71,22.46,23.13,21.56,84.09
2022-09-12,23.87,23.58,24.23,23.16,25.26,24.2,25.6,24.17,84.53
2022-09-13,27.27,23.67,28.15,23.53,29.14,24.98,31.26,24.58,93.89
2022-09-14,26.16,26.73,27.56,26.16,27.28,28.64,29.31,27.21,93.58
2022-09-15,26.27,26.1,26.93,25.42,27.11,27.92,28.32,26.37,92.61
2022-09-16,26.3,27.47,28.45,26.14,27.06,29.29,30.54,26.86,92.42
2022-09-19,25.76,27.69,27.95,25.56,27.78,30.76,30.76,27.49,88.99
2022-09-20,27.16,25.65,27.81,25.61,30.39,29.57,31.54,29.02,91.12
2022-09-21,27.99,28.03,30.18,25.55,30.34,30.39,32.22,27.23,92.05
2022-09-22,27.35,28.16,28.38,26.71,27.67,29.59,30.28,26.93,89.18
2022-09-23,29.92,27.68,32.31,27.58,30.25,29.71,33.83,29.04,101.55
2022-09-26,32.26,31.74,32.88,29.83,34.14,34.54,35.13,31.8,109.09
2022-09-27,32.6,31.2,34.14,30.3,33.49,33.08,36.48,31.86,113.76
2022-09-28,30.18,34.5,34.88,30.03,31.16,34.71,35.84,31.0,105.83
2022-09-29,31.84,31.67,33.46,31.16,32.67,33.1,35.29,32.42,108.31
2022-09-30,31.62,31.61,33.25,29.39,31.19,32.4,33.01,28.91,106.19
2022-10-03,30.1,33.0,33.06,29.63,30.65,32.83,33.53,30.15,103.03
2022-10-04,29.07,29.52,29.62,28.56,29.82,29.67,30.33,29.12,96.83
2022-10-05,28.55,29.36,30.11,28.5,28.81,30.63,30.98,28.77,92.79
2022-10-06,30.52,28.6,30.74,28.56,31.3,29.63,31.84,29.41,97.73
2022-10-07,31.36,30.37,32.02,29.88,30.55,30.52,31.96,30.44,103.37
2022-10-10,32.45,32.93,33.99,32.05,32.22,33.34,34.55,31.87,107.11
2022-10-11,33.63,33.56,34.43,32.45,34.66,33.87,35.77,32.87,105.26
2022-10-12,33.57,33.54,34.53,33.11,34.61,35.56,36.17,34.22,109.19
2022-10-13,31.94,33.6,33.87,31.63,31.51,32.75,33.86,30.6,101.26
2022-10-14,32.02,31.89,32.98,31.14,29.67,31.21,32.83,29.49,101.94
2022-10-17,31.37,32.27,32.59,30.7,30.6,31.13,31.55,30.03,97.32
2022-10-18,30.5,31.1,31.93,30.42,28.99,30.42,31.52,28.95,92.3
2022-10-19,30.76,30.94,31.9,30.76,28.67,30.3,30.77,28.63,90.69
2022-10-20,29.98,31.3,31.32,29.76,27.87,29.32,29.48,27.87,88.35
2022-10-21,29.69,30.21,30.44,29.24,28.46,28.98,29.18,27.83,87.32
2022-10-24,29.85,30.65,30.95,29.78,31.66,32.69,33.28,31.47,86.06
2022-10-25,28.46,29.8,30.0,28.22,30.67,32.19,32.28,30.43,82.21
2022-10-26,27.28,28.44,28.52,27.27,29.32,31.17,31.23,29.25,80.42
2022-10-27,27.39,27.51,27.67,26.94,29.77,30.39,30.88,29.43,82.51
2022-10-28,25.75,27.43,27.59,25.75,27.81,29.61,29.74,27.8,78.12
2022-10-31,25.88,26.91,27.07,25.84,29.8,31.83,32.01,29.75,78.86
2022-11-01,25.81,25.96,26.35,25.66,30.51,30.56,31.58,30.13,80.24
2022-11-02,25.86,26.04,26.62,25.39,29.37,31.85,32.49,29.06,80.93
2022-11-03,25.3,25.98,26.87,25.1,28.4,30.62,30.75,28.12,79.17
2022-11-04,24.55,25.63,25.71,24.0,27.04,27.74,28.26,26.56,79.24
2022-11-07,24.35,25.67,25.67,24.34,27.16,29.6,30.0,27.13,79.95
2022-11-08,25.54,24.71,26.16,24.24,28.7,27.41,29.89,26.85,84.6
2022-11-09,26.09,25.34,26.35,25.02,28.9,28.82,29.39,27.69,90.11
2022-11-10,23.53,26.51,26.59,22.84,24.46,23.6,25.04,23.09,85.78
2022-11-11,22.52,23.89,23.91,22.37,21.31,23.7,23.82,20.99,85.89
2022-11-14,23.73,23.99,24.33,22.86,21.19,22.55,22.56,20.4,84.57
2022-11-15,24.54,23.77,26.22,23.18,21.8,20.76,25.72,20.47,88.31
2022-11-16,24.11,24.29,24.72,23.99,19.67,21.35,21.39,19.6,81.38
2022-11-17,23.93,24.05,25.18,23.81,19.74,21.02,21.14,19.57,81.16
2022-11-18,23.12,24.03,24.12,22.98,18.34,19.23,19.91,18.29,77.68
2022-11-21,22.36,24.05,24.12,22.3,19.51,21.32,21.33,19.29,77.11
2022-11-22,21.29,22.59,22.71,21.28,19.03,19.71,19.8,19.03,77.81
2022-11-23,20.35,21.49,21.78,20.32,16.91,19.73,19.85,16.91,81.72
2022-11-24,20.42,20.5,20.54,20.31,,,,,
2022-11-25,20.5,20.61,21.11,20.46,17.06,18.5,18.66,17.01,82.5
2022-11-28,22.21,22.09,22.5,21.65,20.07,20.45,20.7,19.6,87.33
2022-11-29,21.89,22.09,22.57,21.83,20.39,20.47,21.26,20.16,85.43
2022-11-30,20.58,21.7,22.63,20.31,18.87,21.23,22.4,18.52,81.79
2022-12-01,19.84,20.83,21.06,19.8,18.38,19.85,20.35,18.38,82.19
2022-12-02,19.06,20.42,20.96,18.95,17.95,19.78,19.78,17.8,81.57
2022-12-05,20.75,20.3,21.29,19.78,23.81,23.03,24.63,22.45,84.71
2022-12-06,22.17,20.69,22.6,20.38,27.08,24.2,27.74,24.09,86.59
2022-12-07,22.68,22.32,23.01,22.18,28.07,28.53,29.32,27.75,87.18
2022-12-08,22.29,22.81,23.28,22.06,26.74,27.86,28.51,26.28,84.9
2022-12-09,22.83,22.55,23.21,22.18,26.48,27.11,27.37,25.63,87.26
2022-12-12,25.0,24.4,25.05,24.18,29.54,27.69,29.66,27.68,91.73
2022-12-13,22.55,25.24,25.84,21.46,23.7,22.21,25.85,21.97,88.74
2022-12-14,21.14,22.83,23.47,21.07,20.2,23.63,24.29,19.99,88.35
2022-12-15,22.83,21.52,23.67,21.25,21.73,20.5,23.31,20.24,92.26
2022-12-16,22.62,23.26,23.83,22.09,20.51,22.36,22.4,19.77,89.15
2022-12-19,22.42,22.63,22.86,21.61,20.83,21.79,21.85,19.7,87.54
2022-12-20,21.48,23.17,23.39,21.35,19.78,21.47,21.68,19.62,83.0
2022-12-21,20.07,21.25,21.29,19.94,17.58,18.83,18.94,17.33,77.64
2022-12-22,21.97,20.08,24.3,20.01,19.84,18.31,24.52,18.18,81.94
2022-12-23,20.87,22.17,22.64,20.78,17.49,19.81,21.4,17.42,78.84
2022-12-27,21.65,21.67,22.8,21.59,19.77,21.52,22.21,19.72,78.65
2022-12-28,22.14,21.47,22.26,20.96,20.88,20.38,21.15,19.13,79.9
2022-12-29,21.44,22.25,22.31,21.36,20.49,21.28,21.52,20.29,77.28
2022-12-30,21.67,21.83,22.4,21.59,21.14,21.75,22.12,20.86,77.05
